2024-01-27T00:56:59+00:00 DEBUG Tt4b_Pixel_Class::inject_view_content_event: hit ViewContent
2024-01-27T00:56:59+00:00 DEBUG Tt4b_Pixel_Class::inject_view_content_event: Missing option "access_token"
2024-01-27T05:15:54+00:00 DEBUG Tt4b_Pixel_Class::inject_view_content_event: hit ViewContent
2024-01-27T05:15:54+00:00 DEBUG Tt4b_Pixel_Class::inject_view_content_event: Missing option "access_token"
2024-01-27T09:38:20+00:00 DEBUG Tt4b_Pixel_Class::inject_add_to_cart_event: hit AddToCart
2024-01-27T09:38:20+00:00 DEBUG Tt4b_Pixel_Class::inject_add_to_cart_event: Missing option "access_token"
2024-01-27T09:38:37+00:00 DEBUG Tt4b_Pixel_Class::inject_add_to_cart_event: hit AddToCart
2024-01-27T09:38:37+00:00 DEBUG Tt4b_Pixel_Class::inject_add_to_cart_event: Missing option "access_token"
2024-01-27T09:38:56+00:00 DEBUG Tt4b_Pixel_Class::inject_add_to_cart_event: hit AddToCart
2024-01-27T09:38:56+00:00 DEBUG Tt4b_Pixel_Class::inject_add_to_cart_event: Missing option "access_token"
2024-01-27T09:38:58+00:00 DEBUG Tt4b_Pixel_Class::inject_view_content_event: hit ViewContent
2024-01-27T09:38:58+00:00 DEBUG Tt4b_Pixel_Class::inject_view_content_event: Missing option "access_token"
2024-01-27T09:38:59+00:00 DEBUG Tt4b_Pixel_Class::inject_view_content_event: hit ViewContent
2024-01-27T09:38:59+00:00 DEBUG Tt4b_Pixel_Class::inject_view_content_event: Missing option "access_token"
2024-01-27T09:39:02+00:00 DEBUG Tt4b_Pixel_Class::inject_view_content_event: hit ViewContent
2024-01-27T09:39:02+00:00 DEBUG Tt4b_Pixel_Class::inject_view_content_event: Missing option "access_token"
2024-01-27T09:39:03+00:00 DEBUG Tt4b_Pixel_Class::inject_add_to_cart_event: hit AddToCart
2024-01-27T09:39:03+00:00 DEBUG Tt4b_Pixel_Class::inject_add_to_cart_event: Missing option "access_token"
2024-01-27T09:39:15+00:00 DEBUG Tt4b_Pixel_Class::inject_add_to_cart_event: hit AddToCart
2024-01-27T09:39:15+00:00 DEBUG Tt4b_Pixel_Class::inject_add_to_cart_event: Missing option "access_token"
2024-01-27T09:39:21+00:00 DEBUG Tt4b_Pixel_Class::inject_add_to_cart_event: hit AddToCart
2024-01-27T09:39:21+00:00 DEBUG Tt4b_Pixel_Class::inject_add_to_cart_event: Missing option "access_token"
2024-01-27T09:39:27+00:00 DEBUG Tt4b_Pixel_Class::inject_add_to_cart_event: hit AddToCart
2024-01-27T09:39:27+00:00 DEBUG Tt4b_Pixel_Class::inject_add_to_cart_event: Missing option "access_token"
2024-01-27T09:40:08+00:00 DEBUG Tt4b_Pixel_Class::inject_add_to_cart_event: hit AddToCart
2024-01-27T09:40:08+00:00 DEBUG Tt4b_Pixel_Class::inject_add_to_cart_event: Missing option "access_token"
2024-01-27T09:40:36+00:00 DEBUG Tt4b_Pixel_Class::inject_add_to_cart_event: hit AddToCart
2024-01-27T09:40:36+00:00 DEBUG Tt4b_Pixel_Class::inject_add_to_cart_event: Missing option "access_token"
2024-01-27T09:40:40+00:00 DEBUG Tt4b_Pixel_Class::inject_add_to_cart_event: hit AddToCart
2024-01-27T09:40:40+00:00 DEBUG Tt4b_Pixel_Class::inject_add_to_cart_event: Missing option "access_token"
2024-01-27T09:40:45+00:00 DEBUG Tt4b_Pixel_Class::inject_add_to_cart_event: hit AddToCart
2024-01-27T09:40:45+00:00 DEBUG Tt4b_Pixel_Class::inject_add_to_cart_event: Missing option "access_token"
2024-01-27T09:40:53+00:00 DEBUG Tt4b_Pixel_Class::inject_add_to_cart_event: hit AddToCart
2024-01-27T09:40:53+00:00 DEBUG Tt4b_Pixel_Class::inject_add_to_cart_event: Missing option "access_token"
2024-01-27T09:40:58+00:00 DEBUG Tt4b_Pixel_Class::inject_add_to_cart_event: hit AddToCart
2024-01-27T09:40:58+00:00 DEBUG Tt4b_Pixel_Class::inject_add_to_cart_event: Missing option "access_token"
2024-01-27T09:41:01+00:00 DEBUG Tt4b_Pixel_Class::inject_add_to_cart_event: hit AddToCart
2024-01-27T09:41:01+00:00 DEBUG Tt4b_Pixel_Class::inject_add_to_cart_event: Missing option "access_token"
2024-01-27T09:41:04+00:00 DEBUG Tt4b_Pixel_Class::inject_add_to_cart_event: hit AddToCart
2024-01-27T09:41:04+00:00 DEBUG Tt4b_Pixel_Class::inject_add_to_cart_event: Missing option "access_token"
2024-01-27T09:41:06+00:00 DEBUG Tt4b_Pixel_Class::inject_add_to_cart_event: hit AddToCart
2024-01-27T09:41:06+00:00 DEBUG Tt4b_Pixel_Class::inject_add_to_cart_event: Missing option "access_token"
2024-01-27T09:41:10+00:00 DEBUG Tt4b_Pixel_Class::inject_add_to_cart_event: hit AddToCart
2024-01-27T09:41:10+00:00 DEBUG Tt4b_Pixel_Class::inject_add_to_cart_event: Missing option "access_token"
2024-01-27T09:43:41+00:00 DEBUG Tt4b_Pixel_Class::inject_view_content_event: hit ViewContent
2024-01-27T09:43:41+00:00 DEBUG Tt4b_Pixel_Class::inject_view_content_event: Missing option "access_token"
2024-01-27T09:44:22+00:00 DEBUG Tt4b_Pixel_Class::inject_view_content_event: hit ViewContent
2024-01-27T09:44:22+00:00 DEBUG Tt4b_Pixel_Class::inject_view_content_event: Missing option "access_token"
2024-01-27T09:44:24+00:00 DEBUG Tt4b_Pixel_Class::inject_view_content_event: hit ViewContent
2024-01-27T09:44:24+00:00 DEBUG Tt4b_Pixel_Class::inject_view_content_event: Missing option "access_token"
2024-01-27T09:44:30+00:00 DEBUG Tt4b_Pixel_Class::inject_add_to_cart_event: hit AddToCart
2024-01-27T09:44:30+00:00 DEBUG Tt4b_Pixel_Class::inject_add_to_cart_event: Missing option "access_token"
2024-01-27T09:49:15+00:00 DEBUG Tt4b_Pixel_Class::inject_add_to_cart_event: hit AddToCart
2024-01-27T09:49:15+00:00 DEBUG Tt4b_Pixel_Class::inject_add_to_cart_event: Missing option "access_token"
2024-01-27T09:49:35+00:00 DEBUG Tt4b_Pixel_Class::inject_add_to_cart_event: hit AddToCart
2024-01-27T09:49:35+00:00 DEBUG Tt4b_Pixel_Class::inject_add_to_cart_event: Missing option "access_token"
2024-01-27T09:49:57+00:00 DEBUG Tt4b_Pixel_Class::inject_add_to_cart_event: hit AddToCart
2024-01-27T09:49:57+00:00 DEBUG Tt4b_Pixel_Class::inject_add_to_cart_event: Missing option "access_token"
2024-01-27T09:50:24+00:00 DEBUG Tt4b_Pixel_Class::inject_add_to_cart_event: hit AddToCart
2024-01-27T09:50:24+00:00 DEBUG Tt4b_Pixel_Class::inject_add_to_cart_event: Missing option "access_token"
2024-01-27T09:50:27+00:00 DEBUG Tt4b_Pixel_Class::inject_add_to_cart_event: hit AddToCart
2024-01-27T09:50:27+00:00 DEBUG Tt4b_Pixel_Class::inject_add_to_cart_event: Missing option "access_token"
2024-01-27T09:51:06+00:00 DEBUG Tt4b_Pixel_Class::inject_add_to_cart_event: hit AddToCart
2024-01-27T09:51:06+00:00 DEBUG Tt4b_Pixel_Class::inject_add_to_cart_event: Missing option "access_token"
2024-01-27T09:51:35+00:00 DEBUG Tt4b_Pixel_Class::inject_add_to_cart_event: hit AddToCart
2024-01-27T09:51:35+00:00 DEBUG Tt4b_Pixel_Class::inject_add_to_cart_event: Missing option "access_token"
2024-01-27T09:56:12+00:00 DEBUG Tt4b_Pixel_Class::inject_add_to_cart_event: hit AddToCart
2024-01-27T09:56:12+00:00 DEBUG Tt4b_Pixel_Class::inject_add_to_cart_event: Missing option "access_token"
2024-01-27T09:56:23+00:00 DEBUG Tt4b_Pixel_Class::inject_add_to_cart_event: hit AddToCart
2024-01-27T09:56:23+00:00 DEBUG Tt4b_Pixel_Class::inject_add_to_cart_event: Missing option "access_token"
2024-01-27T09:56:47+00:00 DEBUG Tt4b_Pixel_Class::inject_add_to_cart_event: hit AddToCart
2024-01-27T09:56:47+00:00 DEBUG Tt4b_Pixel_Class::inject_add_to_cart_event: Missing option "access_token"
2024-01-27T09:56:49+00:00 DEBUG Tt4b_Pixel_Class::inject_add_to_cart_event: hit AddToCart
2024-01-27T09:56:49+00:00 DEBUG Tt4b_Pixel_Class::inject_add_to_cart_event: Missing option "access_token"
2024-01-27T09:56:52+00:00 DEBUG Tt4b_Pixel_Class::inject_add_to_cart_event: hit AddToCart
2024-01-27T09:56:52+00:00 DEBUG Tt4b_Pixel_Class::inject_add_to_cart_event: Missing option "access_token"
2024-01-27T09:56:54+00:00 DEBUG Tt4b_Pixel_Class::inject_add_to_cart_event: hit AddToCart
2024-01-27T09:56:54+00:00 DEBUG Tt4b_Pixel_Class::inject_add_to_cart_event: Missing option "access_token"
2024-01-27T09:56:56+00:00 DEBUG Tt4b_Pixel_Class::inject_add_to_cart_event: hit AddToCart
2024-01-27T09:56:56+00:00 DEBUG Tt4b_Pixel_Class::inject_add_to_cart_event: Missing option "access_token"
2024-01-27T09:56:58+00:00 DEBUG Tt4b_Pixel_Class::inject_add_to_cart_event: hit AddToCart
2024-01-27T09:56:58+00:00 DEBUG Tt4b_Pixel_Class::inject_add_to_cart_event: Missing option "access_token"
2024-01-27T09:56:59+00:00 DEBUG Tt4b_Pixel_Class::inject_add_to_cart_event: hit AddToCart
2024-01-27T09:56:59+00:00 DEBUG Tt4b_Pixel_Class::inject_add_to_cart_event: Missing option "access_token"
2024-01-27T09:57:00+00:00 DEBUG Tt4b_Pixel_Class::inject_add_to_cart_event: hit AddToCart
2024-01-27T09:57:00+00:00 DEBUG Tt4b_Pixel_Class::inject_add_to_cart_event: Missing option "access_token"
2024-01-27T09:57:02+00:00 DEBUG Tt4b_Pixel_Class::inject_add_to_cart_event: hit AddToCart
2024-01-27T09:57:02+00:00 DEBUG Tt4b_Pixel_Class::inject_add_to_cart_event: Missing option "access_token"
2024-01-27T09:57:06+00:00 DEBUG Tt4b_Pixel_Class::inject_add_to_cart_event: hit AddToCart
2024-01-27T09:57:06+00:00 DEBUG Tt4b_Pixel_Class::inject_add_to_cart_event: Missing option "access_token"
2024-01-27T09:57:07+00:00 DEBUG Tt4b_Pixel_Class::inject_add_to_cart_event: hit AddToCart
2024-01-27T09:57:07+00:00 DEBUG Tt4b_Pixel_Class::inject_add_to_cart_event: Missing option "access_token"
2024-01-27T09:57:10+00:00 DEBUG Tt4b_Pixel_Class::inject_add_to_cart_event: hit AddToCart
2024-01-27T09:57:10+00:00 DEBUG Tt4b_Pixel_Class::inject_add_to_cart_event: Missing option "access_token"
2024-01-27T09:57:29+00:00 DEBUG Tt4b_Pixel_Class::inject_add_to_cart_event: hit AddToCart
2024-01-27T09:57:29+00:00 DEBUG Tt4b_Pixel_Class::inject_add_to_cart_event: Missing option "access_token"
2024-01-27T09:57:30+00:00 DEBUG Tt4b_Pixel_Class::inject_add_to_cart_event: hit AddToCart
2024-01-27T09:57:30+00:00 DEBUG Tt4b_Pixel_Class::inject_add_to_cart_event: Missing option "access_token"
2024-01-27T09:57:33+00:00 DEBUG Tt4b_Pixel_Class::inject_add_to_cart_event: hit AddToCart
2024-01-27T09:57:33+00:00 DEBUG Tt4b_Pixel_Class::inject_add_to_cart_event: Missing option "access_token"
2024-01-27T09:57:55+00:00 DEBUG Tt4b_Pixel_Class::inject_add_to_cart_event: hit AddToCart
2024-01-27T09:57:55+00:00 DEBUG Tt4b_Pixel_Class::inject_add_to_cart_event: Missing option "access_token"
2024-01-27T09:57:56+00:00 DEBUG Tt4b_Pixel_Class::inject_add_to_cart_event: hit AddToCart
2024-01-27T09:57:56+00:00 DEBUG Tt4b_Pixel_Class::inject_add_to_cart_event: Missing option "access_token"
2024-01-27T09:57:58+00:00 DEBUG Tt4b_Pixel_Class::inject_add_to_cart_event: hit AddToCart
2024-01-27T09:57:58+00:00 DEBUG Tt4b_Pixel_Class::inject_add_to_cart_event: Missing option "access_token"
2024-01-27T09:57:58+00:00 DEBUG Tt4b_Pixel_Class::inject_add_to_cart_event: hit AddToCart
2024-01-27T09:57:58+00:00 DEBUG Tt4b_Pixel_Class::inject_add_to_cart_event: Missing option "access_token"
2024-01-27T09:57:59+00:00 DEBUG Tt4b_Pixel_Class::inject_add_to_cart_event: hit AddToCart
2024-01-27T09:57:59+00:00 DEBUG Tt4b_Pixel_Class::inject_add_to_cart_event: Missing option "access_token"
2024-01-27T09:58:00+00:00 DEBUG Tt4b_Pixel_Class::inject_add_to_cart_event: hit AddToCart
2024-01-27T09:58:00+00:00 DEBUG Tt4b_Pixel_Class::inject_add_to_cart_event: Missing option "access_token"
2024-01-27T09:58:02+00:00 DEBUG Tt4b_Pixel_Class::inject_add_to_cart_event: hit AddToCart
2024-01-27T09:58:02+00:00 DEBUG Tt4b_Pixel_Class::inject_add_to_cart_event: Missing option "access_token"
2024-01-27T09:58:03+00:00 DEBUG Tt4b_Pixel_Class::inject_add_to_cart_event: hit AddToCart
2024-01-27T09:58:03+00:00 DEBUG Tt4b_Pixel_Class::inject_add_to_cart_event: Missing option "access_token"
2024-01-27T09:58:04+00:00 DEBUG Tt4b_Pixel_Class::inject_add_to_cart_event: hit AddToCart
2024-01-27T09:58:04+00:00 DEBUG Tt4b_Pixel_Class::inject_add_to_cart_event: Missing option "access_token"
2024-01-27T09:58:06+00:00 DEBUG Tt4b_Pixel_Class::inject_add_to_cart_event: hit AddToCart
2024-01-27T09:58:06+00:00 DEBUG Tt4b_Pixel_Class::inject_add_to_cart_event: Missing option "access_token"
2024-01-27T09:58:07+00:00 DEBUG Tt4b_Pixel_Class::inject_add_to_cart_event: hit AddToCart
2024-01-27T09:58:07+00:00 DEBUG Tt4b_Pixel_Class::inject_add_to_cart_event: Missing option "access_token"
2024-01-27T09:58:19+00:00 DEBUG Tt4b_Pixel_Class::inject_add_to_cart_event: hit AddToCart
2024-01-27T09:58:19+00:00 DEBUG Tt4b_Pixel_Class::inject_add_to_cart_event: Missing option "access_token"
2024-01-27T09:58:21+00:00 DEBUG Tt4b_Pixel_Class::inject_add_to_cart_event: hit AddToCart
2024-01-27T09:58:21+00:00 DEBUG Tt4b_Pixel_Class::inject_add_to_cart_event: Missing option "access_token"
2024-01-27T09:58:33+00:00 DEBUG Tt4b_Pixel_Class::inject_add_to_cart_event: hit AddToCart
2024-01-27T09:58:33+00:00 DEBUG Tt4b_Pixel_Class::inject_add_to_cart_event: Missing option "access_token"
2024-01-27T09:58:53+00:00 DEBUG Tt4b_Pixel_Class::inject_add_to_cart_event: hit AddToCart
2024-01-27T09:58:53+00:00 DEBUG Tt4b_Pixel_Class::inject_add_to_cart_event: Missing option "access_token"
2024-01-27T09:58:56+00:00 DEBUG Tt4b_Pixel_Class::inject_add_to_cart_event: hit AddToCart
2024-01-27T09:58:56+00:00 DEBUG Tt4b_Pixel_Class::inject_add_to_cart_event: Missing option "access_token"
2024-01-27T09:59:07+00:00 DEBUG Tt4b_Pixel_Class::inject_add_to_cart_event: hit AddToCart
2024-01-27T09:59:07+00:00 DEBUG Tt4b_Pixel_Class::inject_add_to_cart_event: Missing option "access_token"
2024-01-27T09:59:25+00:00 DEBUG Tt4b_Pixel_Class::inject_add_to_cart_event: hit AddToCart
2024-01-27T09:59:25+00:00 DEBUG Tt4b_Pixel_Class::inject_add_to_cart_event: Missing option "access_token"
2024-01-27T09:59:27+00:00 DEBUG Tt4b_Pixel_Class::inject_add_to_cart_event: hit AddToCart
2024-01-27T09:59:27+00:00 DEBUG Tt4b_Pixel_Class::inject_add_to_cart_event: Missing option "access_token"
2024-01-27T09:59:38+00:00 DEBUG Tt4b_Pixel_Class::inject_add_to_cart_event: hit AddToCart
2024-01-27T09:59:38+00:00 DEBUG Tt4b_Pixel_Class::inject_add_to_cart_event: Missing option "access_token"
2024-01-27T09:59:58+00:00 DEBUG Tt4b_Pixel_Class::inject_add_to_cart_event: hit AddToCart
2024-01-27T09:59:58+00:00 DEBUG Tt4b_Pixel_Class::inject_add_to_cart_event: Missing option "access_token"
2024-01-27T10:00:00+00:00 DEBUG Tt4b_Pixel_Class::inject_add_to_cart_event: hit AddToCart
2024-01-27T10:00:00+00:00 DEBUG Tt4b_Pixel_Class::inject_add_to_cart_event: Missing option "access_token"
2024-01-27T10:00:10+00:00 DEBUG Tt4b_Pixel_Class::inject_add_to_cart_event: hit AddToCart
2024-01-27T10:00:10+00:00 DEBUG Tt4b_Pixel_Class::inject_add_to_cart_event: Missing option "access_token"
2024-01-27T10:00:31+00:00 DEBUG Tt4b_Pixel_Class::inject_add_to_cart_event: hit AddToCart
2024-01-27T10:00:31+00:00 DEBUG Tt4b_Pixel_Class::inject_add_to_cart_event: Missing option "access_token"
2024-01-27T10:00:33+00:00 DEBUG Tt4b_Pixel_Class::inject_add_to_cart_event: hit AddToCart
2024-01-27T10:00:33+00:00 DEBUG Tt4b_Pixel_Class::inject_add_to_cart_event: Missing option "access_token"
2024-01-27T10:00:47+00:00 DEBUG Tt4b_Pixel_Class::inject_add_to_cart_event: hit AddToCart
2024-01-27T10:00:47+00:00 DEBUG Tt4b_Pixel_Class::inject_add_to_cart_event: Missing option "access_token"
2024-01-27T10:01:08+00:00 DEBUG Tt4b_Pixel_Class::inject_add_to_cart_event: hit AddToCart
2024-01-27T10:01:08+00:00 DEBUG Tt4b_Pixel_Class::inject_add_to_cart_event: Missing option "access_token"
2024-01-27T10:01:10+00:00 DEBUG Tt4b_Pixel_Class::inject_add_to_cart_event: hit AddToCart
2024-01-27T10:01:10+00:00 DEBUG Tt4b_Pixel_Class::inject_add_to_cart_event: Missing option "access_token"
2024-01-27T10:01:19+00:00 DEBUG Tt4b_Pixel_Class::inject_add_to_cart_event: hit AddToCart
2024-01-27T10:01:19+00:00 DEBUG Tt4b_Pixel_Class::inject_add_to_cart_event: Missing option "access_token"
2024-01-27T10:01:39+00:00 DEBUG Tt4b_Pixel_Class::inject_add_to_cart_event: hit AddToCart
2024-01-27T10:01:39+00:00 DEBUG Tt4b_Pixel_Class::inject_add_to_cart_event: Missing option "access_token"
2024-01-27T10:01:42+00:00 DEBUG Tt4b_Pixel_Class::inject_add_to_cart_event: hit AddToCart
2024-01-27T10:01:42+00:00 DEBUG Tt4b_Pixel_Class::inject_add_to_cart_event: Missing option "access_token"
2024-01-27T10:01:51+00:00 DEBUG Tt4b_Pixel_Class::inject_add_to_cart_event: hit AddToCart
2024-01-27T10:01:51+00:00 DEBUG Tt4b_Pixel_Class::inject_add_to_cart_event: Missing option "access_token"
2024-01-27T10:02:13+00:00 DEBUG Tt4b_Pixel_Class::inject_add_to_cart_event: hit AddToCart
2024-01-27T10:02:13+00:00 DEBUG Tt4b_Pixel_Class::inject_add_to_cart_event: Missing option "access_token"
2024-01-27T10:02:15+00:00 DEBUG Tt4b_Pixel_Class::inject_add_to_cart_event: hit AddToCart
2024-01-27T10:02:15+00:00 DEBUG Tt4b_Pixel_Class::inject_add_to_cart_event: Missing option "access_token"
2024-01-27T10:02:16+00:00 DEBUG Tt4b_Pixel_Class::inject_add_to_cart_event: hit AddToCart
2024-01-27T10:02:16+00:00 DEBUG Tt4b_Pixel_Class::inject_add_to_cart_event: Missing option "access_token"
2024-01-27T10:02:17+00:00 DEBUG Tt4b_Pixel_Class::inject_add_to_cart_event: hit AddToCart
2024-01-27T10:02:17+00:00 DEBUG Tt4b_Pixel_Class::inject_add_to_cart_event: Missing option "access_token"
2024-01-27T10:02:18+00:00 DEBUG Tt4b_Pixel_Class::inject_add_to_cart_event: hit AddToCart
2024-01-27T10:02:18+00:00 DEBUG Tt4b_Pixel_Class::inject_add_to_cart_event: Missing option "access_token"
2024-01-27T10:02:20+00:00 DEBUG Tt4b_Pixel_Class::inject_add_to_cart_event: hit AddToCart
2024-01-27T10:02:20+00:00 DEBUG Tt4b_Pixel_Class::inject_add_to_cart_event: Missing option "access_token"
2024-01-27T10:02:21+00:00 DEBUG Tt4b_Pixel_Class::inject_add_to_cart_event: hit AddToCart
2024-01-27T10:02:21+00:00 DEBUG Tt4b_Pixel_Class::inject_add_to_cart_event: Missing option "access_token"
2024-01-27T10:02:23+00:00 DEBUG Tt4b_Pixel_Class::inject_add_to_cart_event: hit AddToCart
2024-01-27T10:02:23+00:00 DEBUG Tt4b_Pixel_Class::inject_add_to_cart_event: Missing option "access_token"
2024-01-27T10:02:26+00:00 DEBUG Tt4b_Pixel_Class::inject_add_to_cart_event: hit AddToCart
2024-01-27T10:02:26+00:00 DEBUG Tt4b_Pixel_Class::inject_add_to_cart_event: Missing option "access_token"
2024-01-27T10:02:44+00:00 DEBUG Tt4b_Pixel_Class::inject_add_to_cart_event: hit AddToCart
2024-01-27T10:02:44+00:00 DEBUG Tt4b_Pixel_Class::inject_add_to_cart_event: Missing option "access_token"
2024-01-27T10:02:49+00:00 DEBUG Tt4b_Pixel_Class::inject_add_to_cart_event: hit AddToCart
2024-01-27T10:02:49+00:00 DEBUG Tt4b_Pixel_Class::inject_add_to_cart_event: Missing option "access_token"
2024-01-27T10:02:53+00:00 DEBUG Tt4b_Pixel_Class::inject_add_to_cart_event: hit AddToCart
2024-01-27T10:02:53+00:00 DEBUG Tt4b_Pixel_Class::inject_add_to_cart_event: Missing option "access_token"
2024-01-27T10:03:14+00:00 DEBUG Tt4b_Pixel_Class::inject_add_to_cart_event: hit AddToCart
2024-01-27T10:03:14+00:00 DEBUG Tt4b_Pixel_Class::inject_add_to_cart_event: Missing option "access_token"
2024-01-27T10:03:16+00:00 DEBUG Tt4b_Pixel_Class::inject_add_to_cart_event: hit AddToCart
2024-01-27T10:03:16+00:00 DEBUG Tt4b_Pixel_Class::inject_add_to_cart_event: Missing option "access_token"
2024-01-27T10:03:18+00:00 DEBUG Tt4b_Pixel_Class::inject_add_to_cart_event: hit AddToCart
2024-01-27T10:03:18+00:00 DEBUG Tt4b_Pixel_Class::inject_add_to_cart_event: Missing option "access_token"
2024-01-27T10:03:19+00:00 DEBUG Tt4b_Pixel_Class::inject_add_to_cart_event: hit AddToCart
2024-01-27T10:03:19+00:00 DEBUG Tt4b_Pixel_Class::inject_add_to_cart_event: Missing option "access_token"
2024-01-27T10:03:20+00:00 DEBUG Tt4b_Pixel_Class::inject_add_to_cart_event: hit AddToCart
2024-01-27T10:03:20+00:00 DEBUG Tt4b_Pixel_Class::inject_add_to_cart_event: Missing option "access_token"
2024-01-27T10:03:21+00:00 DEBUG Tt4b_Pixel_Class::inject_add_to_cart_event: hit AddToCart
2024-01-27T10:03:21+00:00 DEBUG Tt4b_Pixel_Class::inject_add_to_cart_event: Missing option "access_token"
2024-01-27T10:03:22+00:00 DEBUG Tt4b_Pixel_Class::inject_add_to_cart_event: hit AddToCart
2024-01-27T10:03:22+00:00 DEBUG Tt4b_Pixel_Class::inject_add_to_cart_event: Missing option "access_token"
2024-01-27T10:03:23+00:00 DEBUG Tt4b_Pixel_Class::inject_add_to_cart_event: hit AddToCart
2024-01-27T10:03:23+00:00 DEBUG Tt4b_Pixel_Class::inject_add_to_cart_event: Missing option "access_token"
2024-01-27T10:03:23+00:00 DEBUG Tt4b_Pixel_Class::inject_add_to_cart_event: hit AddToCart
2024-01-27T10:03:23+00:00 DEBUG Tt4b_Pixel_Class::inject_add_to_cart_event: Missing option "access_token"
2024-01-27T10:03:24+00:00 DEBUG Tt4b_Pixel_Class::inject_add_to_cart_event: hit AddToCart
2024-01-27T10:03:24+00:00 DEBUG Tt4b_Pixel_Class::inject_add_to_cart_event: Missing option "access_token"
2024-01-27T10:03:24+00:00 DEBUG Tt4b_Pixel_Class::inject_add_to_cart_event: hit AddToCart
2024-01-27T10:03:24+00:00 DEBUG Tt4b_Pixel_Class::inject_add_to_cart_event: Missing option "access_token"
2024-01-27T10:03:25+00:00 DEBUG Tt4b_Pixel_Class::inject_add_to_cart_event: hit AddToCart
2024-01-27T10:03:25+00:00 DEBUG Tt4b_Pixel_Class::inject_add_to_cart_event: Missing option "access_token"
2024-01-27T10:03:26+00:00 DEBUG Tt4b_Pixel_Class::inject_add_to_cart_event: hit AddToCart
2024-01-27T10:03:26+00:00 DEBUG Tt4b_Pixel_Class::inject_add_to_cart_event: Missing option "access_token"
2024-01-27T10:03:27+00:00 DEBUG Tt4b_Pixel_Class::inject_add_to_cart_event: hit AddToCart
2024-01-27T10:03:27+00:00 DEBUG Tt4b_Pixel_Class::inject_add_to_cart_event: Missing option "access_token"
2024-01-27T10:03:29+00:00 DEBUG Tt4b_Pixel_Class::inject_add_to_cart_event: hit AddToCart
2024-01-27T10:03:29+00:00 DEBUG Tt4b_Pixel_Class::inject_add_to_cart_event: Missing option "access_token"
2024-01-27T10:03:29+00:00 DEBUG Tt4b_Pixel_Class::inject_add_to_cart_event: hit AddToCart
2024-01-27T10:03:29+00:00 DEBUG Tt4b_Pixel_Class::inject_add_to_cart_event: Missing option "access_token"
2024-01-27T10:03:31+00:00 DEBUG Tt4b_Pixel_Class::inject_add_to_cart_event: hit AddToCart
2024-01-27T10:03:31+00:00 DEBUG Tt4b_Pixel_Class::inject_add_to_cart_event: Missing option "access_token"
2024-01-27T10:03:33+00:00 DEBUG Tt4b_Pixel_Class::inject_add_to_cart_event: hit AddToCart
2024-01-27T10:03:33+00:00 DEBUG Tt4b_Pixel_Class::inject_add_to_cart_event: Missing option "access_token"
2024-01-27T10:03:35+00:00 DEBUG Tt4b_Pixel_Class::inject_add_to_cart_event: hit AddToCart
2024-01-27T10:03:35+00:00 DEBUG Tt4b_Pixel_Class::inject_add_to_cart_event: Missing option "access_token"
2024-01-27T10:03:51+00:00 DEBUG Tt4b_Pixel_Class::inject_add_to_cart_event: hit AddToCart
2024-01-27T10:03:51+00:00 DEBUG Tt4b_Pixel_Class::inject_add_to_cart_event: Missing option "access_token"
2024-01-27T10:03:57+00:00 DEBUG Tt4b_Pixel_Class::inject_add_to_cart_event: hit AddToCart
2024-01-27T10:03:57+00:00 DEBUG Tt4b_Pixel_Class::inject_add_to_cart_event: Missing option "access_token"
2024-01-27T10:04:04+00:00 DEBUG Tt4b_Pixel_Class::inject_add_to_cart_event: hit AddToCart
2024-01-27T10:04:04+00:00 DEBUG Tt4b_Pixel_Class::inject_add_to_cart_event: Missing option "access_token"
2024-01-27T10:04:20+00:00 DEBUG Tt4b_Pixel_Class::inject_add_to_cart_event: hit AddToCart
2024-01-27T10:04:20+00:00 DEBUG Tt4b_Pixel_Class::inject_add_to_cart_event: Missing option "access_token"
2024-01-27T10:04:26+00:00 DEBUG Tt4b_Pixel_Class::inject_add_to_cart_event: hit AddToCart
2024-01-27T10:04:26+00:00 DEBUG Tt4b_Pixel_Class::inject_add_to_cart_event: Missing option "access_token"
2024-01-27T10:04:28+00:00 DEBUG Tt4b_Pixel_Class::inject_add_to_cart_event: hit AddToCart
2024-01-27T10:04:28+00:00 DEBUG Tt4b_Pixel_Class::inject_add_to_cart_event: Missing option "access_token"
2024-01-27T10:04:29+00:00 DEBUG Tt4b_Pixel_Class::inject_add_to_cart_event: hit AddToCart
2024-01-27T10:04:29+00:00 DEBUG Tt4b_Pixel_Class::inject_add_to_cart_event: Missing option "access_token"
2024-01-27T10:04:30+00:00 DEBUG Tt4b_Pixel_Class::inject_add_to_cart_event: hit AddToCart
2024-01-27T10:04:30+00:00 DEBUG Tt4b_Pixel_Class::inject_add_to_cart_event: Missing option "access_token"
2024-01-27T10:04:32+00:00 DEBUG Tt4b_Pixel_Class::inject_add_to_cart_event: hit AddToCart
2024-01-27T10:04:32+00:00 DEBUG Tt4b_Pixel_Class::inject_add_to_cart_event: Missing option "access_token"
2024-01-27T10:04:34+00:00 DEBUG Tt4b_Pixel_Class::inject_add_to_cart_event: hit AddToCart
2024-01-27T10:04:34+00:00 DEBUG Tt4b_Pixel_Class::inject_add_to_cart_event: Missing option "access_token"
2024-01-27T10:04:36+00:00 DEBUG Tt4b_Pixel_Class::inject_add_to_cart_event: hit AddToCart
2024-01-27T10:04:36+00:00 DEBUG Tt4b_Pixel_Class::inject_add_to_cart_event: Missing option "access_token"
2024-01-27T10:04:46+00:00 DEBUG Tt4b_Pixel_Class::inject_add_to_cart_event: hit AddToCart
2024-01-27T10:04:46+00:00 DEBUG Tt4b_Pixel_Class::inject_add_to_cart_event: Missing option "access_token"
2024-01-27T10:04:53+00:00 DEBUG Tt4b_Pixel_Class::inject_add_to_cart_event: hit AddToCart
2024-01-27T10:04:53+00:00 DEBUG Tt4b_Pixel_Class::inject_add_to_cart_event: Missing option "access_token"
2024-01-27T10:05:05+00:00 DEBUG Tt4b_Pixel_Class::inject_add_to_cart_event: hit AddToCart
2024-01-27T10:05:05+00:00 DEBUG Tt4b_Pixel_Class::inject_add_to_cart_event: Missing option "access_token"
2024-01-27T10:05:17+00:00 DEBUG Tt4b_Pixel_Class::inject_add_to_cart_event: hit AddToCart
2024-01-27T10:05:17+00:00 DEBUG Tt4b_Pixel_Class::inject_add_to_cart_event: Missing option "access_token"
2024-01-27T10:05:25+00:00 DEBUG Tt4b_Pixel_Class::inject_add_to_cart_event: hit AddToCart
2024-01-27T10:05:25+00:00 DEBUG Tt4b_Pixel_Class::inject_add_to_cart_event: Missing option "access_token"
2024-01-27T10:05:38+00:00 DEBUG Tt4b_Pixel_Class::inject_add_to_cart_event: hit AddToCart
2024-01-27T10:05:38+00:00 DEBUG Tt4b_Pixel_Class::inject_add_to_cart_event: Missing option "access_token"
2024-01-27T10:05:50+00:00 DEBUG Tt4b_Pixel_Class::inject_add_to_cart_event: hit AddToCart
2024-01-27T10:05:50+00:00 DEBUG Tt4b_Pixel_Class::inject_add_to_cart_event: Missing option "access_token"
2024-01-27T10:05:57+00:00 DEBUG Tt4b_Pixel_Class::inject_add_to_cart_event: hit AddToCart
2024-01-27T10:05:57+00:00 DEBUG Tt4b_Pixel_Class::inject_add_to_cart_event: Missing option "access_token"
2024-01-27T10:06:13+00:00 DEBUG Tt4b_Pixel_Class::inject_add_to_cart_event: hit AddToCart
2024-01-27T10:06:13+00:00 DEBUG Tt4b_Pixel_Class::inject_add_to_cart_event: Missing option "access_token"
2024-01-27T10:06:24+00:00 DEBUG Tt4b_Pixel_Class::inject_add_to_cart_event: hit AddToCart
2024-01-27T10:06:24+00:00 DEBUG Tt4b_Pixel_Class::inject_add_to_cart_event: Missing option "access_token"
2024-01-27T10:06:32+00:00 DEBUG Tt4b_Pixel_Class::inject_add_to_cart_event: hit AddToCart
2024-01-27T10:06:32+00:00 DEBUG Tt4b_Pixel_Class::inject_add_to_cart_event: Missing option "access_token"
2024-01-27T10:06:47+00:00 DEBUG Tt4b_Pixel_Class::inject_add_to_cart_event: hit AddToCart
2024-01-27T10:06:47+00:00 DEBUG Tt4b_Pixel_Class::inject_add_to_cart_event: Missing option "access_token"
2024-01-27T10:06:56+00:00 DEBUG Tt4b_Pixel_Class::inject_add_to_cart_event: hit AddToCart
2024-01-27T10:06:56+00:00 DEBUG Tt4b_Pixel_Class::inject_add_to_cart_event: Missing option "access_token"
2024-01-27T10:07:00+00:00 DEBUG Tt4b_Pixel_Class::inject_add_to_cart_event: hit AddToCart
2024-01-27T10:07:00+00:00 DEBUG Tt4b_Pixel_Class::inject_add_to_cart_event: Missing option "access_token"
2024-01-27T10:07:14+00:00 DEBUG Tt4b_Pixel_Class::inject_add_to_cart_event: hit AddToCart
2024-01-27T10:07:14+00:00 DEBUG Tt4b_Pixel_Class::inject_add_to_cart_event: Missing option "access_token"
2024-01-27T10:07:28+00:00 DEBUG Tt4b_Pixel_Class::inject_add_to_cart_event: hit AddToCart
2024-01-27T10:07:28+00:00 DEBUG Tt4b_Pixel_Class::inject_add_to_cart_event: Missing option "access_token"
2024-01-27T10:07:32+00:00 DEBUG Tt4b_Pixel_Class::inject_add_to_cart_event: hit AddToCart
2024-01-27T10:07:32+00:00 DEBUG Tt4b_Pixel_Class::inject_add_to_cart_event: Missing option "access_token"
2024-01-27T10:07:48+00:00 DEBUG Tt4b_Pixel_Class::inject_add_to_cart_event: hit AddToCart
2024-01-27T10:07:48+00:00 DEBUG Tt4b_Pixel_Class::inject_add_to_cart_event: Missing option "access_token"
2024-01-27T10:08:00+00:00 DEBUG Tt4b_Pixel_Class::inject_add_to_cart_event: hit AddToCart
2024-01-27T10:08:00+00:00 DEBUG Tt4b_Pixel_Class::inject_add_to_cart_event: Missing option "access_token"
2024-01-27T10:08:04+00:00 DEBUG Tt4b_Pixel_Class::inject_add_to_cart_event: hit AddToCart
2024-01-27T10:08:04+00:00 DEBUG Tt4b_Pixel_Class::inject_add_to_cart_event: Missing option "access_token"
2024-01-27T10:08:17+00:00 DEBUG Tt4b_Pixel_Class::inject_add_to_cart_event: hit AddToCart
2024-01-27T10:08:17+00:00 DEBUG Tt4b_Pixel_Class::inject_add_to_cart_event: Missing option "access_token"
2024-01-27T10:08:33+00:00 DEBUG Tt4b_Pixel_Class::inject_add_to_cart_event: hit AddToCart
2024-01-27T10:08:33+00:00 DEBUG Tt4b_Pixel_Class::inject_add_to_cart_event: Missing option "access_token"
2024-01-27T10:08:38+00:00 DEBUG Tt4b_Pixel_Class::inject_add_to_cart_event: hit AddToCart
2024-01-27T10:08:38+00:00 DEBUG Tt4b_Pixel_Class::inject_add_to_cart_event: Missing option "access_token"
2024-01-27T10:08:53+00:00 DEBUG Tt4b_Pixel_Class::inject_add_to_cart_event: hit AddToCart
2024-01-27T10:08:53+00:00 DEBUG Tt4b_Pixel_Class::inject_add_to_cart_event: Missing option "access_token"
2024-01-27T10:09:10+00:00 DEBUG Tt4b_Pixel_Class::inject_add_to_cart_event: hit AddToCart
2024-01-27T10:09:10+00:00 DEBUG Tt4b_Pixel_Class::inject_add_to_cart_event: Missing option "access_token"
2024-01-27T10:09:14+00:00 DEBUG Tt4b_Pixel_Class::inject_add_to_cart_event: hit AddToCart
2024-01-27T10:09:14+00:00 DEBUG Tt4b_Pixel_Class::inject_add_to_cart_event: Missing option "access_token"
2024-01-27T10:09:31+00:00 DEBUG Tt4b_Pixel_Class::inject_add_to_cart_event: hit AddToCart
2024-01-27T10:09:31+00:00 DEBUG Tt4b_Pixel_Class::inject_add_to_cart_event: Missing option "access_token"
2024-01-27T10:09:50+00:00 DEBUG Tt4b_Pixel_Class::inject_add_to_cart_event: hit AddToCart
2024-01-27T10:09:50+00:00 DEBUG Tt4b_Pixel_Class::inject_add_to_cart_event: Missing option "access_token"
2024-01-27T10:09:54+00:00 DEBUG Tt4b_Pixel_Class::inject_add_to_cart_event: hit AddToCart
2024-01-27T10:09:54+00:00 DEBUG Tt4b_Pixel_Class::inject_add_to_cart_event: Missing option "access_token"
2024-01-27T10:10:08+00:00 DEBUG Tt4b_Pixel_Class::inject_add_to_cart_event: hit AddToCart
2024-01-27T10:10:08+00:00 DEBUG Tt4b_Pixel_Class::inject_add_to_cart_event: Missing option "access_token"
2024-01-27T10:10:20+00:00 DEBUG Tt4b_Pixel_Class::inject_add_to_cart_event: hit AddToCart
2024-01-27T10:10:20+00:00 DEBUG Tt4b_Pixel_Class::inject_add_to_cart_event: Missing option "access_token"
2024-01-27T10:10:24+00:00 DEBUG Tt4b_Pixel_Class::inject_add_to_cart_event: hit AddToCart
2024-01-27T10:10:24+00:00 DEBUG Tt4b_Pixel_Class::inject_add_to_cart_event: Missing option "access_token"
2024-01-27T10:10:40+00:00 DEBUG Tt4b_Pixel_Class::inject_add_to_cart_event: hit AddToCart
2024-01-27T10:10:40+00:00 DEBUG Tt4b_Pixel_Class::inject_add_to_cart_event: Missing option "access_token"
2024-01-27T10:10:51+00:00 DEBUG Tt4b_Pixel_Class::inject_add_to_cart_event: hit AddToCart
2024-01-27T10:10:51+00:00 DEBUG Tt4b_Pixel_Class::inject_add_to_cart_event: Missing option "access_token"
2024-01-27T10:10:56+00:00 DEBUG Tt4b_Pixel_Class::inject_add_to_cart_event: hit AddToCart
2024-01-27T10:10:56+00:00 DEBUG Tt4b_Pixel_Class::inject_add_to_cart_event: Missing option "access_token"
2024-01-27T10:11:11+00:00 DEBUG Tt4b_Pixel_Class::inject_add_to_cart_event: hit AddToCart
2024-01-27T10:11:11+00:00 DEBUG Tt4b_Pixel_Class::inject_add_to_cart_event: Missing option "access_token"
2024-01-27T10:11:22+00:00 DEBUG Tt4b_Pixel_Class::inject_add_to_cart_event: hit AddToCart
2024-01-27T10:11:22+00:00 DEBUG Tt4b_Pixel_Class::inject_add_to_cart_event: Missing option "access_token"
2024-01-27T10:11:31+00:00 DEBUG Tt4b_Pixel_Class::inject_add_to_cart_event: hit AddToCart
2024-01-27T10:11:31+00:00 DEBUG Tt4b_Pixel_Class::inject_add_to_cart_event: Missing option "access_token"
2024-01-27T10:11:44+00:00 DEBUG Tt4b_Pixel_Class::inject_add_to_cart_event: hit AddToCart
2024-01-27T10:11:44+00:00 DEBUG Tt4b_Pixel_Class::inject_add_to_cart_event: Missing option "access_token"
2024-01-27T10:11:55+00:00 DEBUG Tt4b_Pixel_Class::inject_add_to_cart_event: hit AddToCart
2024-01-27T10:11:55+00:00 DEBUG Tt4b_Pixel_Class::inject_add_to_cart_event: Missing option "access_token"
2024-01-27T10:11:57+00:00 DEBUG Tt4b_Pixel_Class::inject_add_to_cart_event: hit AddToCart
2024-01-27T10:11:57+00:00 DEBUG Tt4b_Pixel_Class::inject_add_to_cart_event: Missing option "access_token"
2024-01-27T10:11:59+00:00 DEBUG Tt4b_Pixel_Class::inject_add_to_cart_event: hit AddToCart
2024-01-27T10:11:59+00:00 DEBUG Tt4b_Pixel_Class::inject_add_to_cart_event: Missing option "access_token"
2024-01-27T10:12:01+00:00 DEBUG Tt4b_Pixel_Class::inject_add_to_cart_event: hit AddToCart
2024-01-27T10:12:01+00:00 DEBUG Tt4b_Pixel_Class::inject_add_to_cart_event: Missing option "access_token"
2024-01-27T10:12:02+00:00 DEBUG Tt4b_Pixel_Class::inject_add_to_cart_event: hit AddToCart
2024-01-27T10:12:02+00:00 DEBUG Tt4b_Pixel_Class::inject_add_to_cart_event: Missing option "access_token"
2024-01-27T10:12:04+00:00 DEBUG Tt4b_Pixel_Class::inject_add_to_cart_event: hit AddToCart
2024-01-27T10:12:04+00:00 DEBUG Tt4b_Pixel_Class::inject_add_to_cart_event: Missing option "access_token"
2024-01-27T10:12:06+00:00 DEBUG Tt4b_Pixel_Class::inject_add_to_cart_event: hit AddToCart
2024-01-27T10:12:06+00:00 DEBUG Tt4b_Pixel_Class::inject_add_to_cart_event: Missing option "access_token"
2024-01-27T10:12:08+00:00 DEBUG Tt4b_Pixel_Class::inject_add_to_cart_event: hit AddToCart
2024-01-27T10:12:08+00:00 DEBUG Tt4b_Pixel_Class::inject_add_to_cart_event: Missing option "access_token"
2024-01-27T10:12:15+00:00 DEBUG Tt4b_Pixel_Class::inject_add_to_cart_event: hit AddToCart
2024-01-27T10:12:15+00:00 DEBUG Tt4b_Pixel_Class::inject_add_to_cart_event: Missing option "access_token"
2024-01-27T10:12:34+00:00 DEBUG Tt4b_Pixel_Class::inject_add_to_cart_event: hit AddToCart
2024-01-27T10:12:34+00:00 DEBUG Tt4b_Pixel_Class::inject_add_to_cart_event: Missing option "access_token"
2024-01-27T10:12:39+00:00 DEBUG Tt4b_Pixel_Class::inject_add_to_cart_event: hit AddToCart
2024-01-27T10:12:39+00:00 DEBUG Tt4b_Pixel_Class::inject_add_to_cart_event: Missing option "access_token"
2024-01-27T10:12:46+00:00 DEBUG Tt4b_Pixel_Class::inject_add_to_cart_event: hit AddToCart
2024-01-27T10:12:46+00:00 DEBUG Tt4b_Pixel_Class::inject_add_to_cart_event: Missing option "access_token"
2024-01-27T10:13:10+00:00 DEBUG Tt4b_Pixel_Class::inject_add_to_cart_event: hit AddToCart
2024-01-27T10:13:10+00:00 DEBUG Tt4b_Pixel_Class::inject_add_to_cart_event: Missing option "access_token"
2024-01-27T10:13:12+00:00 DEBUG Tt4b_Pixel_Class::inject_add_to_cart_event: hit AddToCart
2024-01-27T10:13:12+00:00 DEBUG Tt4b_Pixel_Class::inject_add_to_cart_event: Missing option "access_token"
2024-01-27T10:13:19+00:00 DEBUG Tt4b_Pixel_Class::inject_add_to_cart_event: hit AddToCart
2024-01-27T10:13:19+00:00 DEBUG Tt4b_Pixel_Class::inject_add_to_cart_event: Missing option "access_token"
2024-01-27T10:13:21+00:00 DEBUG Tt4b_Pixel_Class::inject_add_to_cart_event: hit AddToCart
2024-01-27T10:13:21+00:00 DEBUG Tt4b_Pixel_Class::inject_add_to_cart_event: Missing option "access_token"
2024-01-27T10:13:23+00:00 DEBUG Tt4b_Pixel_Class::inject_add_to_cart_event: hit AddToCart
2024-01-27T10:13:23+00:00 DEBUG Tt4b_Pixel_Class::inject_add_to_cart_event: Missing option "access_token"
2024-01-27T10:13:25+00:00 DEBUG Tt4b_Pixel_Class::inject_add_to_cart_event: hit AddToCart
2024-01-27T10:13:25+00:00 DEBUG Tt4b_Pixel_Class::inject_add_to_cart_event: Missing option "access_token"
2024-01-27T10:13:55+00:00 DEBUG Tt4b_Pixel_Class::inject_add_to_cart_event: hit AddToCart
2024-01-27T10:13:55+00:00 DEBUG Tt4b_Pixel_Class::inject_add_to_cart_event: Missing option "access_token"
2024-01-27T10:13:59+00:00 DEBUG Tt4b_Pixel_Class::inject_add_to_cart_event: hit AddToCart
2024-01-27T10:13:59+00:00 DEBUG Tt4b_Pixel_Class::inject_add_to_cart_event: Missing option "access_token"
2024-01-27T10:14:04+00:00 DEBUG Tt4b_Pixel_Class::inject_add_to_cart_event: hit AddToCart
2024-01-27T10:14:04+00:00 DEBUG Tt4b_Pixel_Class::inject_add_to_cart_event: Missing option "access_token"
2024-01-27T10:14:26+00:00 DEBUG Tt4b_Pixel_Class::inject_add_to_cart_event: hit AddToCart
2024-01-27T10:14:26+00:00 DEBUG Tt4b_Pixel_Class::inject_add_to_cart_event: Missing option "access_token"
2024-01-27T10:15:15+00:00 DEBUG Tt4b_Pixel_Class::inject_add_to_cart_event: hit AddToCart
2024-01-27T10:15:15+00:00 DEBUG Tt4b_Pixel_Class::inject_add_to_cart_event: Missing option "access_token"
2024-01-27T10:16:03+00:00 DEBUG Tt4b_Pixel_Class::inject_add_to_cart_event: hit AddToCart
2024-01-27T10:16:03+00:00 DEBUG Tt4b_Pixel_Class::inject_add_to_cart_event: Missing option "access_token"
2024-01-27T10:16:05+00:00 DEBUG Tt4b_Pixel_Class::inject_add_to_cart_event: hit AddToCart
2024-01-27T10:16:05+00:00 DEBUG Tt4b_Pixel_Class::inject_add_to_cart_event: Missing option "access_token"
2024-01-27T10:16:37+00:00 DEBUG Tt4b_Pixel_Class::inject_add_to_cart_event: hit AddToCart
2024-01-27T10:16:37+00:00 DEBUG Tt4b_Pixel_Class::inject_add_to_cart_event: Missing option "access_token"
2024-01-27T10:16:38+00:00 DEBUG Tt4b_Pixel_Class::inject_add_to_cart_event: hit AddToCart
2024-01-27T10:16:38+00:00 DEBUG Tt4b_Pixel_Class::inject_add_to_cart_event: Missing option "access_token"
2024-01-27T10:17:09+00:00 DEBUG Tt4b_Pixel_Class::inject_add_to_cart_event: hit AddToCart
2024-01-27T10:17:09+00:00 DEBUG Tt4b_Pixel_Class::inject_add_to_cart_event: Missing option "access_token"
2024-01-27T10:17:11+00:00 DEBUG Tt4b_Pixel_Class::inject_add_to_cart_event: hit AddToCart
2024-01-27T10:17:11+00:00 DEBUG Tt4b_Pixel_Class::inject_add_to_cart_event: Missing option "access_token"
2024-01-27T10:17:21+00:00 DEBUG Tt4b_Pixel_Class::inject_add_to_cart_event: hit AddToCart
2024-01-27T10:17:21+00:00 DEBUG Tt4b_Pixel_Class::inject_add_to_cart_event: Missing option "access_token"
2024-01-27T10:17:39+00:00 DEBUG Tt4b_Pixel_Class::inject_add_to_cart_event: hit AddToCart
2024-01-27T10:17:39+00:00 DEBUG Tt4b_Pixel_Class::inject_add_to_cart_event: Missing option "access_token"
2024-01-27T10:17:42+00:00 DEBUG Tt4b_Pixel_Class::inject_add_to_cart_event: hit AddToCart
2024-01-27T10:17:42+00:00 DEBUG Tt4b_Pixel_Class::inject_add_to_cart_event: Missing option "access_token"
2024-01-27T10:17:51+00:00 DEBUG Tt4b_Pixel_Class::inject_add_to_cart_event: hit AddToCart
2024-01-27T10:17:51+00:00 DEBUG Tt4b_Pixel_Class::inject_add_to_cart_event: Missing option "access_token"
2024-01-27T10:18:19+00:00 DEBUG Tt4b_Pixel_Class::inject_add_to_cart_event: hit AddToCart
2024-01-27T10:18:19+00:00 DEBUG Tt4b_Pixel_Class::inject_add_to_cart_event: Missing option "access_token"
2024-01-27T10:18:21+00:00 DEBUG Tt4b_Pixel_Class::inject_add_to_cart_event: hit AddToCart
2024-01-27T10:18:21+00:00 DEBUG Tt4b_Pixel_Class::inject_add_to_cart_event: Missing option "access_token"
2024-01-27T10:18:27+00:00 DEBUG Tt4b_Pixel_Class::inject_add_to_cart_event: hit AddToCart
2024-01-27T10:18:27+00:00 DEBUG Tt4b_Pixel_Class::inject_add_to_cart_event: Missing option "access_token"
2024-01-27T10:18:53+00:00 DEBUG Tt4b_Pixel_Class::inject_add_to_cart_event: hit AddToCart
2024-01-27T10:18:53+00:00 DEBUG Tt4b_Pixel_Class::inject_add_to_cart_event: Missing option "access_token"
2024-01-27T10:18:55+00:00 DEBUG Tt4b_Pixel_Class::inject_add_to_cart_event: hit AddToCart
2024-01-27T10:18:55+00:00 DEBUG Tt4b_Pixel_Class::inject_add_to_cart_event: Missing option "access_token"
2024-01-27T10:18:59+00:00 DEBUG Tt4b_Pixel_Class::inject_add_to_cart_event: hit AddToCart
2024-01-27T10:18:59+00:00 DEBUG Tt4b_Pixel_Class::inject_add_to_cart_event: Missing option "access_token"
2024-01-27T10:19:24+00:00 DEBUG Tt4b_Pixel_Class::inject_add_to_cart_event: hit AddToCart
2024-01-27T10:19:24+00:00 DEBUG Tt4b_Pixel_Class::inject_add_to_cart_event: Missing option "access_token"
2024-01-27T10:19:26+00:00 DEBUG Tt4b_Pixel_Class::inject_add_to_cart_event: hit AddToCart
2024-01-27T10:19:26+00:00 DEBUG Tt4b_Pixel_Class::inject_add_to_cart_event: Missing option "access_token"
2024-01-27T10:19:33+00:00 DEBUG Tt4b_Pixel_Class::inject_add_to_cart_event: hit AddToCart
2024-01-27T10:19:33+00:00 DEBUG Tt4b_Pixel_Class::inject_add_to_cart_event: Missing option "access_token"
2024-01-27T10:19:56+00:00 DEBUG Tt4b_Pixel_Class::inject_add_to_cart_event: hit AddToCart
2024-01-27T10:19:56+00:00 DEBUG Tt4b_Pixel_Class::inject_add_to_cart_event: Missing option "access_token"
2024-01-27T10:20:01+00:00 DEBUG Tt4b_Pixel_Class::inject_add_to_cart_event: hit AddToCart
2024-01-27T10:20:01+00:00 DEBUG Tt4b_Pixel_Class::inject_add_to_cart_event: Missing option "access_token"
2024-01-27T10:20:06+00:00 DEBUG Tt4b_Pixel_Class::inject_add_to_cart_event: hit AddToCart
2024-01-27T10:20:06+00:00 DEBUG Tt4b_Pixel_Class::inject_add_to_cart_event: Missing option "access_token"
2024-01-27T10:20:30+00:00 DEBUG Tt4b_Pixel_Class::inject_add_to_cart_event: hit AddToCart
2024-01-27T10:20:30+00:00 DEBUG Tt4b_Pixel_Class::inject_add_to_cart_event: Missing option "access_token"
2024-01-27T10:20:34+00:00 DEBUG Tt4b_Pixel_Class::inject_add_to_cart_event: hit AddToCart
2024-01-27T10:20:34+00:00 DEBUG Tt4b_Pixel_Class::inject_add_to_cart_event: Missing option "access_token"
2024-01-27T10:20:39+00:00 DEBUG Tt4b_Pixel_Class::inject_add_to_cart_event: hit AddToCart
2024-01-27T10:20:39+00:00 DEBUG Tt4b_Pixel_Class::inject_add_to_cart_event: Missing option "access_token"
2024-01-27T10:21:03+00:00 DEBUG Tt4b_Pixel_Class::inject_add_to_cart_event: hit AddToCart
2024-01-27T10:21:03+00:00 DEBUG Tt4b_Pixel_Class::inject_add_to_cart_event: Missing option "access_token"
2024-01-27T10:21:08+00:00 DEBUG Tt4b_Pixel_Class::inject_add_to_cart_event: hit AddToCart
2024-01-27T10:21:08+00:00 DEBUG Tt4b_Pixel_Class::inject_add_to_cart_event: Missing option "access_token"
2024-01-27T10:21:15+00:00 DEBUG Tt4b_Pixel_Class::inject_add_to_cart_event: hit AddToCart
2024-01-27T10:21:15+00:00 DEBUG Tt4b_Pixel_Class::inject_add_to_cart_event: Missing option "access_token"
2024-01-27T10:21:36+00:00 DEBUG Tt4b_Pixel_Class::inject_add_to_cart_event: hit AddToCart
2024-01-27T10:21:36+00:00 DEBUG Tt4b_Pixel_Class::inject_add_to_cart_event: Missing option "access_token"
2024-01-27T10:21:40+00:00 DEBUG Tt4b_Pixel_Class::inject_add_to_cart_event: hit AddToCart
2024-01-27T10:21:40+00:00 DEBUG Tt4b_Pixel_Class::inject_add_to_cart_event: Missing option "access_token"
2024-01-27T10:21:45+00:00 DEBUG Tt4b_Pixel_Class::inject_add_to_cart_event: hit AddToCart
2024-01-27T10:21:45+00:00 DEBUG Tt4b_Pixel_Class::inject_add_to_cart_event: Missing option "access_token"
2024-01-27T10:22:04+00:00 DEBUG Tt4b_Pixel_Class::inject_add_to_cart_event: hit AddToCart
2024-01-27T10:22:04+00:00 DEBUG Tt4b_Pixel_Class::inject_add_to_cart_event: Missing option "access_token"
2024-01-27T10:22:06+00:00 DEBUG Tt4b_Pixel_Class::inject_add_to_cart_event: hit AddToCart
2024-01-27T10:22:06+00:00 DEBUG Tt4b_Pixel_Class::inject_add_to_cart_event: Missing option "access_token"
2024-01-27T10:22:07+00:00 DEBUG Tt4b_Pixel_Class::inject_add_to_cart_event: hit AddToCart
2024-01-27T10:22:07+00:00 DEBUG Tt4b_Pixel_Class::inject_add_to_cart_event: Missing option "access_token"
2024-01-27T10:22:08+00:00 DEBUG Tt4b_Pixel_Class::inject_add_to_cart_event: hit AddToCart
2024-01-27T10:22:08+00:00 DEBUG Tt4b_Pixel_Class::inject_add_to_cart_event: Missing option "access_token"
2024-01-27T10:22:11+00:00 DEBUG Tt4b_Pixel_Class::inject_add_to_cart_event: hit AddToCart
2024-01-27T10:22:11+00:00 DEBUG Tt4b_Pixel_Class::inject_add_to_cart_event: Missing option "access_token"
2024-01-27T10:22:13+00:00 DEBUG Tt4b_Pixel_Class::inject_add_to_cart_event: hit AddToCart
2024-01-27T10:22:13+00:00 DEBUG Tt4b_Pixel_Class::inject_add_to_cart_event: Missing option "access_token"
2024-01-27T10:22:17+00:00 DEBUG Tt4b_Pixel_Class::inject_add_to_cart_event: hit AddToCart
2024-01-27T10:22:17+00:00 DEBUG Tt4b_Pixel_Class::inject_add_to_cart_event: Missing option "access_token"
2024-01-27T10:22:40+00:00 DEBUG Tt4b_Pixel_Class::inject_add_to_cart_event: hit AddToCart
2024-01-27T10:22:40+00:00 DEBUG Tt4b_Pixel_Class::inject_add_to_cart_event: Missing option "access_token"
2024-01-27T10:22:51+00:00 DEBUG Tt4b_Pixel_Class::inject_add_to_cart_event: hit AddToCart
2024-01-27T10:22:51+00:00 DEBUG Tt4b_Pixel_Class::inject_add_to_cart_event: Missing option "access_token"
2024-01-27T10:22:54+00:00 DEBUG Tt4b_Pixel_Class::inject_add_to_cart_event: hit AddToCart
2024-01-27T10:22:54+00:00 DEBUG Tt4b_Pixel_Class::inject_add_to_cart_event: Missing option "access_token"
2024-01-27T10:23:23+00:00 DEBUG Tt4b_Pixel_Class::inject_add_to_cart_event: hit AddToCart
2024-01-27T10:23:23+00:00 DEBUG Tt4b_Pixel_Class::inject_add_to_cart_event: Missing option "access_token"
2024-01-27T10:23:25+00:00 DEBUG Tt4b_Pixel_Class::inject_add_to_cart_event: hit AddToCart
2024-01-27T10:23:25+00:00 DEBUG Tt4b_Pixel_Class::inject_add_to_cart_event: Missing option "access_token"
2024-01-27T10:23:27+00:00 DEBUG Tt4b_Pixel_Class::inject_add_to_cart_event: hit AddToCart
2024-01-27T10:23:27+00:00 DEBUG Tt4b_Pixel_Class::inject_add_to_cart_event: Missing option "access_token"
2024-01-27T10:23:29+00:00 DEBUG Tt4b_Pixel_Class::inject_add_to_cart_event: hit AddToCart
2024-01-27T10:23:29+00:00 DEBUG Tt4b_Pixel_Class::inject_add_to_cart_event: Missing option "access_token"
2024-01-27T10:23:32+00:00 DEBUG Tt4b_Pixel_Class::inject_add_to_cart_event: hit AddToCart
2024-01-27T10:23:32+00:00 DEBUG Tt4b_Pixel_Class::inject_add_to_cart_event: Missing option "access_token"
2024-01-27T10:23:32+00:00 DEBUG Tt4b_Pixel_Class::inject_add_to_cart_event: hit AddToCart
2024-01-27T10:23:32+00:00 DEBUG Tt4b_Pixel_Class::inject_add_to_cart_event: Missing option "access_token"
2024-01-27T10:23:34+00:00 DEBUG Tt4b_Pixel_Class::inject_add_to_cart_event: hit AddToCart
2024-01-27T10:23:34+00:00 DEBUG Tt4b_Pixel_Class::inject_add_to_cart_event: Missing option "access_token"
2024-01-27T10:23:34+00:00 DEBUG Tt4b_Pixel_Class::inject_add_to_cart_event: hit AddToCart
2024-01-27T10:23:34+00:00 DEBUG Tt4b_Pixel_Class::inject_add_to_cart_event: Missing option "access_token"
2024-01-27T10:23:34+00:00 DEBUG Tt4b_Pixel_Class::inject_add_to_cart_event: hit AddToCart
2024-01-27T10:23:34+00:00 DEBUG Tt4b_Pixel_Class::inject_add_to_cart_event: Missing option "access_token"
2024-01-27T10:23:36+00:00 DEBUG Tt4b_Pixel_Class::inject_add_to_cart_event: hit AddToCart
2024-01-27T10:23:36+00:00 DEBUG Tt4b_Pixel_Class::inject_add_to_cart_event: Missing option "access_token"
2024-01-27T10:23:36+00:00 DEBUG Tt4b_Pixel_Class::inject_add_to_cart_event: hit AddToCart
2024-01-27T10:23:36+00:00 DEBUG Tt4b_Pixel_Class::inject_add_to_cart_event: Missing option "access_token"
2024-01-27T10:23:38+00:00 DEBUG Tt4b_Pixel_Class::inject_add_to_cart_event: hit AddToCart
2024-01-27T10:23:38+00:00 DEBUG Tt4b_Pixel_Class::inject_add_to_cart_event: Missing option "access_token"
2024-01-27T10:23:38+00:00 DEBUG Tt4b_Pixel_Class::inject_add_to_cart_event: hit AddToCart
2024-01-27T10:23:38+00:00 DEBUG Tt4b_Pixel_Class::inject_add_to_cart_event: Missing option "access_token"
2024-01-27T10:23:40+00:00 DEBUG Tt4b_Pixel_Class::inject_add_to_cart_event: hit AddToCart
2024-01-27T10:23:40+00:00 DEBUG Tt4b_Pixel_Class::inject_add_to_cart_event: Missing option "access_token"
2024-01-27T10:23:42+00:00 DEBUG Tt4b_Pixel_Class::inject_add_to_cart_event: hit AddToCart
2024-01-27T10:23:42+00:00 DEBUG Tt4b_Pixel_Class::inject_add_to_cart_event: Missing option "access_token"
2024-01-27T10:24:03+00:00 DEBUG Tt4b_Pixel_Class::inject_add_to_cart_event: hit AddToCart
2024-01-27T10:24:03+00:00 DEBUG Tt4b_Pixel_Class::inject_add_to_cart_event: Missing option "access_token"
2024-01-27T10:24:12+00:00 DEBUG Tt4b_Pixel_Class::inject_add_to_cart_event: hit AddToCart
2024-01-27T10:24:12+00:00 DEBUG Tt4b_Pixel_Class::inject_add_to_cart_event: Missing option "access_token"
2024-01-27T10:24:14+00:00 DEBUG Tt4b_Pixel_Class::inject_add_to_cart_event: hit AddToCart
2024-01-27T10:24:14+00:00 DEBUG Tt4b_Pixel_Class::inject_add_to_cart_event: Missing option "access_token"
2024-01-27T10:24:38+00:00 DEBUG Tt4b_Pixel_Class::inject_add_to_cart_event: hit AddToCart
2024-01-27T10:24:38+00:00 DEBUG Tt4b_Pixel_Class::inject_add_to_cart_event: Missing option "access_token"
2024-01-27T10:24:47+00:00 DEBUG Tt4b_Pixel_Class::inject_add_to_cart_event: hit AddToCart
2024-01-27T10:24:47+00:00 DEBUG Tt4b_Pixel_Class::inject_add_to_cart_event: Missing option "access_token"
2024-01-27T10:24:49+00:00 DEBUG Tt4b_Pixel_Class::inject_add_to_cart_event: hit AddToCart
2024-01-27T10:24:49+00:00 DEBUG Tt4b_Pixel_Class::inject_add_to_cart_event: Missing option "access_token"
2024-01-27T10:24:49+00:00 DEBUG Tt4b_Pixel_Class::inject_add_to_cart_event: hit AddToCart
2024-01-27T10:24:49+00:00 DEBUG Tt4b_Pixel_Class::inject_add_to_cart_event: Missing option "access_token"
2024-01-27T10:24:51+00:00 DEBUG Tt4b_Pixel_Class::inject_add_to_cart_event: hit AddToCart
2024-01-27T10:24:51+00:00 DEBUG Tt4b_Pixel_Class::inject_add_to_cart_event: Missing option "access_token"
2024-01-27T10:24:53+00:00 DEBUG Tt4b_Pixel_Class::inject_add_to_cart_event: hit AddToCart
2024-01-27T10:24:53+00:00 DEBUG Tt4b_Pixel_Class::inject_add_to_cart_event: Missing option "access_token"
2024-01-27T10:24:55+00:00 DEBUG Tt4b_Pixel_Class::inject_add_to_cart_event: hit AddToCart
2024-01-27T10:24:55+00:00 DEBUG Tt4b_Pixel_Class::inject_add_to_cart_event: Missing option "access_token"
2024-01-27T10:24:58+00:00 DEBUG Tt4b_Pixel_Class::inject_add_to_cart_event: hit AddToCart
2024-01-27T10:24:58+00:00 DEBUG Tt4b_Pixel_Class::inject_add_to_cart_event: Missing option "access_token"
2024-01-27T10:25:15+00:00 DEBUG Tt4b_Pixel_Class::inject_add_to_cart_event: hit AddToCart
2024-01-27T10:25:15+00:00 DEBUG Tt4b_Pixel_Class::inject_add_to_cart_event: Missing option "access_token"
2024-01-27T10:25:25+00:00 DEBUG Tt4b_Pixel_Class::inject_add_to_cart_event: hit AddToCart
2024-01-27T10:25:25+00:00 DEBUG Tt4b_Pixel_Class::inject_add_to_cart_event: Missing option "access_token"
2024-01-27T10:25:34+00:00 DEBUG Tt4b_Pixel_Class::inject_add_to_cart_event: hit AddToCart
2024-01-27T10:25:34+00:00 DEBUG Tt4b_Pixel_Class::inject_add_to_cart_event: Missing option "access_token"
2024-01-27T10:25:53+00:00 DEBUG Tt4b_Pixel_Class::inject_add_to_cart_event: hit AddToCart
2024-01-27T10:25:53+00:00 DEBUG Tt4b_Pixel_Class::inject_add_to_cart_event: Missing option "access_token"
2024-01-27T10:26:02+00:00 DEBUG Tt4b_Pixel_Class::inject_add_to_cart_event: hit AddToCart
2024-01-27T10:26:02+00:00 DEBUG Tt4b_Pixel_Class::inject_add_to_cart_event: Missing option "access_token"
2024-01-27T10:26:12+00:00 DEBUG Tt4b_Pixel_Class::inject_add_to_cart_event: hit AddToCart
2024-01-27T10:26:12+00:00 DEBUG Tt4b_Pixel_Class::inject_add_to_cart_event: Missing option "access_token"
2024-01-27T10:26:28+00:00 DEBUG Tt4b_Pixel_Class::inject_add_to_cart_event: hit AddToCart
2024-01-27T10:26:28+00:00 DEBUG Tt4b_Pixel_Class::inject_add_to_cart_event: Missing option "access_token"
2024-01-27T10:26:35+00:00 DEBUG Tt4b_Pixel_Class::inject_add_to_cart_event: hit AddToCart
2024-01-27T10:26:35+00:00 DEBUG Tt4b_Pixel_Class::inject_add_to_cart_event: Missing option "access_token"
2024-01-27T10:26:43+00:00 DEBUG Tt4b_Pixel_Class::inject_add_to_cart_event: hit AddToCart
2024-01-27T10:26:43+00:00 DEBUG Tt4b_Pixel_Class::inject_add_to_cart_event: Missing option "access_token"
2024-01-27T10:26:57+00:00 DEBUG Tt4b_Pixel_Class::inject_add_to_cart_event: hit AddToCart
2024-01-27T10:26:57+00:00 DEBUG Tt4b_Pixel_Class::inject_add_to_cart_event: Missing option "access_token"
2024-01-27T10:27:06+00:00 DEBUG Tt4b_Pixel_Class::inject_add_to_cart_event: hit AddToCart
2024-01-27T10:27:06+00:00 DEBUG Tt4b_Pixel_Class::inject_add_to_cart_event: Missing option "access_token"
2024-01-27T10:27:11+00:00 DEBUG Tt4b_Pixel_Class::inject_add_to_cart_event: hit AddToCart
2024-01-27T10:27:11+00:00 DEBUG Tt4b_Pixel_Class::inject_add_to_cart_event: Missing option "access_token"
2024-01-27T10:27:29+00:00 DEBUG Tt4b_Pixel_Class::inject_add_to_cart_event: hit AddToCart
2024-01-27T10:27:29+00:00 DEBUG Tt4b_Pixel_Class::inject_add_to_cart_event: Missing option "access_token"
2024-01-27T10:27:38+00:00 DEBUG Tt4b_Pixel_Class::inject_add_to_cart_event: hit AddToCart
2024-01-27T10:27:38+00:00 DEBUG Tt4b_Pixel_Class::inject_add_to_cart_event: Missing option "access_token"
2024-01-27T10:27:44+00:00 DEBUG Tt4b_Pixel_Class::inject_add_to_cart_event: hit AddToCart
2024-01-27T10:27:44+00:00 DEBUG Tt4b_Pixel_Class::inject_add_to_cart_event: Missing option "access_token"
2024-01-27T10:28:07+00:00 DEBUG Tt4b_Pixel_Class::inject_add_to_cart_event: hit AddToCart
2024-01-27T10:28:07+00:00 DEBUG Tt4b_Pixel_Class::inject_add_to_cart_event: Missing option "access_token"
2024-01-27T10:28:15+00:00 DEBUG Tt4b_Pixel_Class::inject_add_to_cart_event: hit AddToCart
2024-01-27T10:28:15+00:00 DEBUG Tt4b_Pixel_Class::inject_add_to_cart_event: Missing option "access_token"
2024-01-27T10:28:20+00:00 DEBUG Tt4b_Pixel_Class::inject_add_to_cart_event: hit AddToCart
2024-01-27T10:28:20+00:00 DEBUG Tt4b_Pixel_Class::inject_add_to_cart_event: Missing option "access_token"
2024-01-27T10:28:39+00:00 DEBUG Tt4b_Pixel_Class::inject_add_to_cart_event: hit AddToCart
2024-01-27T10:28:39+00:00 DEBUG Tt4b_Pixel_Class::inject_add_to_cart_event: Missing option "access_token"
2024-01-27T10:28:46+00:00 DEBUG Tt4b_Pixel_Class::inject_add_to_cart_event: hit AddToCart
2024-01-27T10:28:46+00:00 DEBUG Tt4b_Pixel_Class::inject_add_to_cart_event: Missing option "access_token"
2024-01-27T10:28:50+00:00 DEBUG Tt4b_Pixel_Class::inject_add_to_cart_event: hit AddToCart
2024-01-27T10:28:50+00:00 DEBUG Tt4b_Pixel_Class::inject_add_to_cart_event: Missing option "access_token"
2024-01-27T10:29:10+00:00 DEBUG Tt4b_Pixel_Class::inject_add_to_cart_event: hit AddToCart
2024-01-27T10:29:10+00:00 DEBUG Tt4b_Pixel_Class::inject_add_to_cart_event: Missing option "access_token"
2024-01-27T10:29:12+00:00 DEBUG Tt4b_Pixel_Class::inject_add_to_cart_event: hit AddToCart
2024-01-27T10:29:12+00:00 DEBUG Tt4b_Pixel_Class::inject_add_to_cart_event: Missing option "access_token"
2024-01-27T10:29:13+00:00 DEBUG Tt4b_Pixel_Class::inject_add_to_cart_event: hit AddToCart
2024-01-27T10:29:13+00:00 DEBUG Tt4b_Pixel_Class::inject_add_to_cart_event: Missing option "access_token"
2024-01-27T10:29:16+00:00 DEBUG Tt4b_Pixel_Class::inject_add_to_cart_event: hit AddToCart
2024-01-27T10:29:16+00:00 DEBUG Tt4b_Pixel_Class::inject_add_to_cart_event: Missing option "access_token"
2024-01-27T10:29:23+00:00 DEBUG Tt4b_Pixel_Class::inject_add_to_cart_event: hit AddToCart
2024-01-27T10:29:23+00:00 DEBUG Tt4b_Pixel_Class::inject_add_to_cart_event: Missing option "access_token"
2024-01-27T10:29:25+00:00 DEBUG Tt4b_Pixel_Class::inject_add_to_cart_event: hit AddToCart
2024-01-27T10:29:25+00:00 DEBUG Tt4b_Pixel_Class::inject_add_to_cart_event: Missing option "access_token"
2024-01-27T10:29:27+00:00 DEBUG Tt4b_Pixel_Class::inject_add_to_cart_event: hit AddToCart
2024-01-27T10:29:27+00:00 DEBUG Tt4b_Pixel_Class::inject_add_to_cart_event: Missing option "access_token"
2024-01-27T10:29:27+00:00 DEBUG Tt4b_Pixel_Class::inject_add_to_cart_event: hit AddToCart
2024-01-27T10:29:27+00:00 DEBUG Tt4b_Pixel_Class::inject_add_to_cart_event: Missing option "access_token"
2024-01-27T10:29:29+00:00 DEBUG Tt4b_Pixel_Class::inject_add_to_cart_event: hit AddToCart
2024-01-27T10:29:29+00:00 DEBUG Tt4b_Pixel_Class::inject_add_to_cart_event: Missing option "access_token"
2024-01-27T10:29:48+00:00 DEBUG Tt4b_Pixel_Class::inject_add_to_cart_event: hit AddToCart
2024-01-27T10:29:48+00:00 DEBUG Tt4b_Pixel_Class::inject_add_to_cart_event: Missing option "access_token"
2024-01-27T10:29:55+00:00 DEBUG Tt4b_Pixel_Class::inject_add_to_cart_event: hit AddToCart
2024-01-27T10:29:55+00:00 DEBUG Tt4b_Pixel_Class::inject_add_to_cart_event: Missing option "access_token"
2024-01-27T10:29:57+00:00 DEBUG Tt4b_Pixel_Class::inject_add_to_cart_event: hit AddToCart
2024-01-27T10:29:57+00:00 DEBUG Tt4b_Pixel_Class::inject_add_to_cart_event: Missing option "access_token"
2024-01-27T10:30:15+00:00 DEBUG Tt4b_Pixel_Class::inject_add_to_cart_event: hit AddToCart
2024-01-27T10:30:15+00:00 DEBUG Tt4b_Pixel_Class::inject_add_to_cart_event: Missing option "access_token"
2024-01-27T10:30:17+00:00 DEBUG Tt4b_Pixel_Class::inject_add_to_cart_event: hit AddToCart
2024-01-27T10:30:17+00:00 DEBUG Tt4b_Pixel_Class::inject_add_to_cart_event: Missing option "access_token"
2024-01-27T10:30:19+00:00 DEBUG Tt4b_Pixel_Class::inject_add_to_cart_event: hit AddToCart
2024-01-27T10:30:19+00:00 DEBUG Tt4b_Pixel_Class::inject_add_to_cart_event: Missing option "access_token"
2024-01-27T10:30:19+00:00 DEBUG Tt4b_Pixel_Class::inject_add_to_cart_event: hit AddToCart
2024-01-27T10:30:19+00:00 DEBUG Tt4b_Pixel_Class::inject_add_to_cart_event: Missing option "access_token"
2024-01-27T10:30:21+00:00 DEBUG Tt4b_Pixel_Class::inject_add_to_cart_event: hit AddToCart
2024-01-27T10:30:21+00:00 DEBUG Tt4b_Pixel_Class::inject_add_to_cart_event: Missing option "access_token"
2024-01-27T10:30:22+00:00 DEBUG Tt4b_Pixel_Class::inject_add_to_cart_event: hit AddToCart
2024-01-27T10:30:22+00:00 DEBUG Tt4b_Pixel_Class::inject_add_to_cart_event: Missing option "access_token"
2024-01-27T10:30:22+00:00 DEBUG Tt4b_Pixel_Class::inject_add_to_cart_event: hit AddToCart
2024-01-27T10:30:22+00:00 DEBUG Tt4b_Pixel_Class::inject_add_to_cart_event: Missing option "access_token"
2024-01-27T10:30:23+00:00 DEBUG Tt4b_Pixel_Class::inject_add_to_cart_event: hit AddToCart
2024-01-27T10:30:23+00:00 DEBUG Tt4b_Pixel_Class::inject_add_to_cart_event: Missing option "access_token"
2024-01-27T10:30:24+00:00 DEBUG Tt4b_Pixel_Class::inject_add_to_cart_event: hit AddToCart
2024-01-27T10:30:24+00:00 DEBUG Tt4b_Pixel_Class::inject_add_to_cart_event: Missing option "access_token"
2024-01-27T10:30:25+00:00 DEBUG Tt4b_Pixel_Class::inject_add_to_cart_event: hit AddToCart
2024-01-27T10:30:25+00:00 DEBUG Tt4b_Pixel_Class::inject_add_to_cart_event: Missing option "access_token"
2024-01-27T10:30:25+00:00 DEBUG Tt4b_Pixel_Class::inject_add_to_cart_event: hit AddToCart
2024-01-27T10:30:25+00:00 DEBUG Tt4b_Pixel_Class::inject_add_to_cart_event: Missing option "access_token"
2024-01-27T10:30:26+00:00 DEBUG Tt4b_Pixel_Class::inject_add_to_cart_event: hit AddToCart
2024-01-27T10:30:26+00:00 DEBUG Tt4b_Pixel_Class::inject_add_to_cart_event: Missing option "access_token"
2024-01-27T10:30:28+00:00 DEBUG Tt4b_Pixel_Class::inject_add_to_cart_event: hit AddToCart
2024-01-27T10:30:28+00:00 DEBUG Tt4b_Pixel_Class::inject_add_to_cart_event: Missing option "access_token"
2024-01-27T10:30:28+00:00 DEBUG Tt4b_Pixel_Class::inject_add_to_cart_event: hit AddToCart
2024-01-27T10:30:28+00:00 DEBUG Tt4b_Pixel_Class::inject_add_to_cart_event: Missing option "access_token"
2024-01-27T10:30:30+00:00 DEBUG Tt4b_Pixel_Class::inject_add_to_cart_event: hit AddToCart
2024-01-27T10:30:30+00:00 DEBUG Tt4b_Pixel_Class::inject_add_to_cart_event: Missing option "access_token"
2024-01-27T10:30:32+00:00 DEBUG Tt4b_Pixel_Class::inject_add_to_cart_event: hit AddToCart
2024-01-27T10:30:32+00:00 DEBUG Tt4b_Pixel_Class::inject_add_to_cart_event: Missing option "access_token"
2024-01-27T10:30:34+00:00 DEBUG Tt4b_Pixel_Class::inject_add_to_cart_event: hit AddToCart
2024-01-27T10:30:34+00:00 DEBUG Tt4b_Pixel_Class::inject_add_to_cart_event: Missing option "access_token"
2024-01-27T10:30:36+00:00 DEBUG Tt4b_Pixel_Class::inject_add_to_cart_event: hit AddToCart
2024-01-27T10:30:36+00:00 DEBUG Tt4b_Pixel_Class::inject_add_to_cart_event: Missing option "access_token"
2024-01-27T10:30:38+00:00 DEBUG Tt4b_Pixel_Class::inject_add_to_cart_event: hit AddToCart
2024-01-27T10:30:38+00:00 DEBUG Tt4b_Pixel_Class::inject_add_to_cart_event: Missing option "access_token"
2024-01-27T10:30:40+00:00 DEBUG Tt4b_Pixel_Class::inject_add_to_cart_event: hit AddToCart
2024-01-27T10:30:40+00:00 DEBUG Tt4b_Pixel_Class::inject_add_to_cart_event: Missing option "access_token"
2024-01-27T10:30:42+00:00 DEBUG Tt4b_Pixel_Class::inject_add_to_cart_event: hit AddToCart
2024-01-27T10:30:42+00:00 DEBUG Tt4b_Pixel_Class::inject_add_to_cart_event: Missing option "access_token"
2024-01-27T10:30:50+00:00 DEBUG Tt4b_Pixel_Class::inject_add_to_cart_event: hit AddToCart
2024-01-27T10:30:50+00:00 DEBUG Tt4b_Pixel_Class::inject_add_to_cart_event: Missing option "access_token"
2024-01-27T10:30:55+00:00 DEBUG Tt4b_Pixel_Class::inject_add_to_cart_event: hit AddToCart
2024-01-27T10:30:55+00:00 DEBUG Tt4b_Pixel_Class::inject_add_to_cart_event: Missing option "access_token"
2024-01-27T10:31:16+00:00 DEBUG Tt4b_Pixel_Class::inject_add_to_cart_event: hit AddToCart
2024-01-27T10:31:16+00:00 DEBUG Tt4b_Pixel_Class::inject_add_to_cart_event: Missing option "access_token"
2024-01-27T10:31:28+00:00 DEBUG Tt4b_Pixel_Class::inject_add_to_cart_event: hit AddToCart
2024-01-27T10:31:28+00:00 DEBUG Tt4b_Pixel_Class::inject_add_to_cart_event: Missing option "access_token"
2024-01-27T10:31:31+00:00 DEBUG Tt4b_Pixel_Class::inject_add_to_cart_event: hit AddToCart
2024-01-27T10:31:31+00:00 DEBUG Tt4b_Pixel_Class::inject_add_to_cart_event: Missing option "access_token"
2024-01-27T10:31:33+00:00 DEBUG Tt4b_Pixel_Class::inject_add_to_cart_event: hit AddToCart
2024-01-27T10:31:33+00:00 DEBUG Tt4b_Pixel_Class::inject_add_to_cart_event: Missing option "access_token"
2024-01-27T10:31:34+00:00 DEBUG Tt4b_Pixel_Class::inject_add_to_cart_event: hit AddToCart
2024-01-27T10:31:34+00:00 DEBUG Tt4b_Pixel_Class::inject_add_to_cart_event: Missing option "access_token"
2024-01-27T10:31:35+00:00 DEBUG Tt4b_Pixel_Class::inject_add_to_cart_event: hit AddToCart
2024-01-27T10:31:35+00:00 DEBUG Tt4b_Pixel_Class::inject_add_to_cart_event: Missing option "access_token"
2024-01-27T10:31:37+00:00 DEBUG Tt4b_Pixel_Class::inject_add_to_cart_event: hit AddToCart
2024-01-27T10:31:37+00:00 DEBUG Tt4b_Pixel_Class::inject_add_to_cart_event: Missing option "access_token"
2024-01-27T10:31:39+00:00 DEBUG Tt4b_Pixel_Class::inject_add_to_cart_event: hit AddToCart
2024-01-27T10:31:39+00:00 DEBUG Tt4b_Pixel_Class::inject_add_to_cart_event: Missing option "access_token"
2024-01-27T10:31:42+00:00 DEBUG Tt4b_Pixel_Class::inject_add_to_cart_event: hit AddToCart
2024-01-27T10:31:42+00:00 DEBUG Tt4b_Pixel_Class::inject_add_to_cart_event: Missing option "access_token"
2024-01-27T10:31:44+00:00 DEBUG Tt4b_Pixel_Class::inject_add_to_cart_event: hit AddToCart
2024-01-27T10:31:44+00:00 DEBUG Tt4b_Pixel_Class::inject_add_to_cart_event: Missing option "access_token"
2024-01-27T10:31:46+00:00 DEBUG Tt4b_Pixel_Class::inject_add_to_cart_event: hit AddToCart
2024-01-27T10:31:46+00:00 DEBUG Tt4b_Pixel_Class::inject_add_to_cart_event: Missing option "access_token"
2024-01-27T10:31:48+00:00 DEBUG Tt4b_Pixel_Class::inject_add_to_cart_event: hit AddToCart
2024-01-27T10:31:48+00:00 DEBUG Tt4b_Pixel_Class::inject_add_to_cart_event: Missing option "access_token"
2024-01-27T10:31:53+00:00 DEBUG Tt4b_Pixel_Class::inject_add_to_cart_event: hit AddToCart
2024-01-27T10:31:53+00:00 DEBUG Tt4b_Pixel_Class::inject_add_to_cart_event: Missing option "access_token"
2024-01-27T10:32:05+00:00 DEBUG Tt4b_Pixel_Class::inject_add_to_cart_event: hit AddToCart
2024-01-27T10:32:05+00:00 DEBUG Tt4b_Pixel_Class::inject_add_to_cart_event: Missing option "access_token"
2024-01-27T10:32:22+00:00 DEBUG Tt4b_Pixel_Class::inject_add_to_cart_event: hit AddToCart
2024-01-27T10:32:22+00:00 DEBUG Tt4b_Pixel_Class::inject_add_to_cart_event: Missing option "access_token"
2024-01-27T10:32:25+00:00 DEBUG Tt4b_Pixel_Class::inject_add_to_cart_event: hit AddToCart
2024-01-27T10:32:25+00:00 DEBUG Tt4b_Pixel_Class::inject_add_to_cart_event: Missing option "access_token"
2024-01-27T10:32:42+00:00 DEBUG Tt4b_Pixel_Class::inject_add_to_cart_event: hit AddToCart
2024-01-27T10:32:42+00:00 DEBUG Tt4b_Pixel_Class::inject_add_to_cart_event: Missing option "access_token"
2024-01-27T10:33:00+00:00 DEBUG Tt4b_Pixel_Class::inject_add_to_cart_event: hit AddToCart
2024-01-27T10:33:00+00:00 DEBUG Tt4b_Pixel_Class::inject_add_to_cart_event: Missing option "access_token"
2024-01-27T10:33:02+00:00 DEBUG Tt4b_Pixel_Class::inject_add_to_cart_event: hit AddToCart
2024-01-27T10:33:02+00:00 DEBUG Tt4b_Pixel_Class::inject_add_to_cart_event: Missing option "access_token"
2024-01-27T10:33:18+00:00 DEBUG Tt4b_Pixel_Class::inject_add_to_cart_event: hit AddToCart
2024-01-27T10:33:18+00:00 DEBUG Tt4b_Pixel_Class::inject_add_to_cart_event: Missing option "access_token"
2024-01-27T10:33:33+00:00 DEBUG Tt4b_Pixel_Class::inject_add_to_cart_event: hit AddToCart
2024-01-27T10:33:33+00:00 DEBUG Tt4b_Pixel_Class::inject_add_to_cart_event: Missing option "access_token"
2024-01-27T10:33:36+00:00 DEBUG Tt4b_Pixel_Class::inject_add_to_cart_event: hit AddToCart
2024-01-27T10:33:36+00:00 DEBUG Tt4b_Pixel_Class::inject_add_to_cart_event: Missing option "access_token"
2024-01-27T10:33:56+00:00 DEBUG Tt4b_Pixel_Class::inject_add_to_cart_event: hit AddToCart
2024-01-27T10:33:56+00:00 DEBUG Tt4b_Pixel_Class::inject_add_to_cart_event: Missing option "access_token"
2024-01-27T10:34:10+00:00 DEBUG Tt4b_Pixel_Class::inject_add_to_cart_event: hit AddToCart
2024-01-27T10:34:10+00:00 DEBUG Tt4b_Pixel_Class::inject_add_to_cart_event: Missing option "access_token"
2024-01-27T10:34:12+00:00 DEBUG Tt4b_Pixel_Class::inject_add_to_cart_event: hit AddToCart
2024-01-27T10:34:12+00:00 DEBUG Tt4b_Pixel_Class::inject_add_to_cart_event: Missing option "access_token"
2024-01-27T10:34:35+00:00 DEBUG Tt4b_Pixel_Class::inject_add_to_cart_event: hit AddToCart
2024-01-27T10:34:35+00:00 DEBUG Tt4b_Pixel_Class::inject_add_to_cart_event: Missing option "access_token"
2024-01-27T10:34:46+00:00 DEBUG Tt4b_Pixel_Class::inject_add_to_cart_event: hit AddToCart
2024-01-27T10:34:46+00:00 DEBUG Tt4b_Pixel_Class::inject_add_to_cart_event: Missing option "access_token"
2024-01-27T10:34:49+00:00 DEBUG Tt4b_Pixel_Class::inject_add_to_cart_event: hit AddToCart
2024-01-27T10:34:49+00:00 DEBUG Tt4b_Pixel_Class::inject_add_to_cart_event: Missing option "access_token"
2024-01-27T10:35:06+00:00 DEBUG Tt4b_Pixel_Class::inject_add_to_cart_event: hit AddToCart
2024-01-27T10:35:06+00:00 DEBUG Tt4b_Pixel_Class::inject_add_to_cart_event: Missing option "access_token"
2024-01-27T10:35:18+00:00 DEBUG Tt4b_Pixel_Class::inject_add_to_cart_event: hit AddToCart
2024-01-27T10:35:18+00:00 DEBUG Tt4b_Pixel_Class::inject_add_to_cart_event: Missing option "access_token"
2024-01-27T10:35:21+00:00 DEBUG Tt4b_Pixel_Class::inject_add_to_cart_event: hit AddToCart
2024-01-27T10:35:21+00:00 DEBUG Tt4b_Pixel_Class::inject_add_to_cart_event: Missing option "access_token"
2024-01-27T10:35:39+00:00 DEBUG Tt4b_Pixel_Class::inject_add_to_cart_event: hit AddToCart
2024-01-27T10:35:39+00:00 DEBUG Tt4b_Pixel_Class::inject_add_to_cart_event: Missing option "access_token"
2024-01-27T10:35:53+00:00 DEBUG Tt4b_Pixel_Class::inject_add_to_cart_event: hit AddToCart
2024-01-27T10:35:53+00:00 DEBUG Tt4b_Pixel_Class::inject_add_to_cart_event: Missing option "access_token"
2024-01-27T10:35:54+00:00 DEBUG Tt4b_Pixel_Class::inject_add_to_cart_event: hit AddToCart
2024-01-27T10:35:54+00:00 DEBUG Tt4b_Pixel_Class::inject_add_to_cart_event: Missing option "access_token"
2024-01-27T10:36:11+00:00 DEBUG Tt4b_Pixel_Class::inject_add_to_cart_event: hit AddToCart
2024-01-27T10:36:11+00:00 DEBUG Tt4b_Pixel_Class::inject_add_to_cart_event: Missing option "access_token"
2024-01-27T10:36:25+00:00 DEBUG Tt4b_Pixel_Class::inject_add_to_cart_event: hit AddToCart
2024-01-27T10:36:25+00:00 DEBUG Tt4b_Pixel_Class::inject_add_to_cart_event: Missing option "access_token"
2024-01-27T10:36:27+00:00 DEBUG Tt4b_Pixel_Class::inject_add_to_cart_event: hit AddToCart
2024-01-27T10:36:27+00:00 DEBUG Tt4b_Pixel_Class::inject_add_to_cart_event: Missing option "access_token"
2024-01-27T10:36:43+00:00 DEBUG Tt4b_Pixel_Class::inject_add_to_cart_event: hit AddToCart
2024-01-27T10:36:43+00:00 DEBUG Tt4b_Pixel_Class::inject_add_to_cart_event: Missing option "access_token"
2024-01-27T10:36:55+00:00 DEBUG Tt4b_Pixel_Class::inject_add_to_cart_event: hit AddToCart
2024-01-27T10:36:55+00:00 DEBUG Tt4b_Pixel_Class::inject_add_to_cart_event: Missing option "access_token"
2024-01-27T10:36:59+00:00 DEBUG Tt4b_Pixel_Class::inject_add_to_cart_event: hit AddToCart
2024-01-27T10:36:59+00:00 DEBUG Tt4b_Pixel_Class::inject_add_to_cart_event: Missing option "access_token"
2024-01-27T10:37:17+00:00 DEBUG Tt4b_Pixel_Class::inject_add_to_cart_event: hit AddToCart
2024-01-27T10:37:17+00:00 DEBUG Tt4b_Pixel_Class::inject_add_to_cart_event: Missing option "access_token"
2024-01-27T10:37:30+00:00 DEBUG Tt4b_Pixel_Class::inject_add_to_cart_event: hit AddToCart
2024-01-27T10:37:30+00:00 DEBUG Tt4b_Pixel_Class::inject_add_to_cart_event: Missing option "access_token"
2024-01-27T10:37:32+00:00 DEBUG Tt4b_Pixel_Class::inject_add_to_cart_event: hit AddToCart
2024-01-27T10:37:32+00:00 DEBUG Tt4b_Pixel_Class::inject_add_to_cart_event: Missing option "access_token"
2024-01-27T10:37:48+00:00 DEBUG Tt4b_Pixel_Class::inject_add_to_cart_event: hit AddToCart
2024-01-27T10:37:48+00:00 DEBUG Tt4b_Pixel_Class::inject_add_to_cart_event: Missing option "access_token"
2024-01-27T10:38:01+00:00 DEBUG Tt4b_Pixel_Class::inject_add_to_cart_event: hit AddToCart
2024-01-27T10:38:01+00:00 DEBUG Tt4b_Pixel_Class::inject_add_to_cart_event: Missing option "access_token"
2024-01-27T10:38:03+00:00 DEBUG Tt4b_Pixel_Class::inject_add_to_cart_event: hit AddToCart
2024-01-27T10:38:03+00:00 DEBUG Tt4b_Pixel_Class::inject_add_to_cart_event: Missing option "access_token"
2024-01-27T10:38:20+00:00 DEBUG Tt4b_Pixel_Class::inject_add_to_cart_event: hit AddToCart
2024-01-27T10:38:20+00:00 DEBUG Tt4b_Pixel_Class::inject_add_to_cart_event: Missing option "access_token"
2024-01-27T10:38:26+00:00 DEBUG Tt4b_Pixel_Class::inject_add_to_cart_event: hit AddToCart
2024-01-27T10:38:26+00:00 DEBUG Tt4b_Pixel_Class::inject_add_to_cart_event: Missing option "access_token"
2024-01-27T10:38:28+00:00 DEBUG Tt4b_Pixel_Class::inject_add_to_cart_event: hit AddToCart
2024-01-27T10:38:28+00:00 DEBUG Tt4b_Pixel_Class::inject_add_to_cart_event: Missing option "access_token"
2024-01-27T10:38:53+00:00 DEBUG Tt4b_Pixel_Class::inject_add_to_cart_event: hit AddToCart
2024-01-27T10:38:53+00:00 DEBUG Tt4b_Pixel_Class::inject_add_to_cart_event: Missing option "access_token"
2024-01-27T10:39:02+00:00 DEBUG Tt4b_Pixel_Class::inject_add_to_cart_event: hit AddToCart
2024-01-27T10:39:02+00:00 DEBUG Tt4b_Pixel_Class::inject_add_to_cart_event: Missing option "access_token"
2024-01-27T10:39:04+00:00 DEBUG Tt4b_Pixel_Class::inject_add_to_cart_event: hit AddToCart
2024-01-27T10:39:04+00:00 DEBUG Tt4b_Pixel_Class::inject_add_to_cart_event: Missing option "access_token"
2024-01-27T10:39:26+00:00 DEBUG Tt4b_Pixel_Class::inject_add_to_cart_event: hit AddToCart
2024-01-27T10:39:26+00:00 DEBUG Tt4b_Pixel_Class::inject_add_to_cart_event: Missing option "access_token"
2024-01-27T10:39:28+00:00 DEBUG Tt4b_Pixel_Class::inject_add_to_cart_event: hit AddToCart
2024-01-27T10:39:28+00:00 DEBUG Tt4b_Pixel_Class::inject_add_to_cart_event: Missing option "access_token"
2024-01-27T10:39:30+00:00 DEBUG Tt4b_Pixel_Class::inject_add_to_cart_event: hit AddToCart
2024-01-27T10:39:30+00:00 DEBUG Tt4b_Pixel_Class::inject_add_to_cart_event: Missing option "access_token"
2024-01-27T10:39:32+00:00 DEBUG Tt4b_Pixel_Class::inject_add_to_cart_event: hit AddToCart
2024-01-27T10:39:32+00:00 DEBUG Tt4b_Pixel_Class::inject_add_to_cart_event: Missing option "access_token"
2024-01-27T10:39:34+00:00 DEBUG Tt4b_Pixel_Class::inject_add_to_cart_event: hit AddToCart
2024-01-27T10:39:34+00:00 DEBUG Tt4b_Pixel_Class::inject_add_to_cart_event: Missing option "access_token"
2024-01-27T10:39:36+00:00 DEBUG Tt4b_Pixel_Class::inject_add_to_cart_event: hit AddToCart
2024-01-27T10:39:36+00:00 DEBUG Tt4b_Pixel_Class::inject_add_to_cart_event: Missing option "access_token"
2024-01-27T10:39:38+00:00 DEBUG Tt4b_Pixel_Class::inject_add_to_cart_event: hit AddToCart
2024-01-27T10:39:38+00:00 DEBUG Tt4b_Pixel_Class::inject_add_to_cart_event: Missing option "access_token"
2024-01-27T10:39:40+00:00 DEBUG Tt4b_Pixel_Class::inject_add_to_cart_event: hit AddToCart
2024-01-27T10:39:40+00:00 DEBUG Tt4b_Pixel_Class::inject_add_to_cart_event: Missing option "access_token"
2024-01-27T10:39:43+00:00 DEBUG Tt4b_Pixel_Class::inject_add_to_cart_event: hit AddToCart
2024-01-27T10:39:43+00:00 DEBUG Tt4b_Pixel_Class::inject_add_to_cart_event: Missing option "access_token"
2024-01-27T10:40:01+00:00 DEBUG Tt4b_Pixel_Class::inject_add_to_cart_event: hit AddToCart
2024-01-27T10:40:01+00:00 DEBUG Tt4b_Pixel_Class::inject_add_to_cart_event: Missing option "access_token"
2024-01-27T10:40:06+00:00 DEBUG Tt4b_Pixel_Class::inject_add_to_cart_event: hit AddToCart
2024-01-27T10:40:06+00:00 DEBUG Tt4b_Pixel_Class::inject_add_to_cart_event: Missing option "access_token"
2024-01-27T10:40:13+00:00 DEBUG Tt4b_Pixel_Class::inject_add_to_cart_event: hit AddToCart
2024-01-27T10:40:13+00:00 DEBUG Tt4b_Pixel_Class::inject_add_to_cart_event: Missing option "access_token"
2024-01-27T10:40:34+00:00 DEBUG Tt4b_Pixel_Class::inject_add_to_cart_event: hit AddToCart
2024-01-27T10:40:34+00:00 DEBUG Tt4b_Pixel_Class::inject_add_to_cart_event: Missing option "access_token"
2024-01-27T10:40:36+00:00 DEBUG Tt4b_Pixel_Class::inject_add_to_cart_event: hit AddToCart
2024-01-27T10:40:36+00:00 DEBUG Tt4b_Pixel_Class::inject_add_to_cart_event: Missing option "access_token"
2024-01-27T10:40:37+00:00 DEBUG Tt4b_Pixel_Class::inject_add_to_cart_event: hit AddToCart
2024-01-27T10:40:37+00:00 DEBUG Tt4b_Pixel_Class::inject_add_to_cart_event: Missing option "access_token"
2024-01-27T10:40:40+00:00 DEBUG Tt4b_Pixel_Class::inject_add_to_cart_event: hit AddToCart
2024-01-27T10:40:40+00:00 DEBUG Tt4b_Pixel_Class::inject_add_to_cart_event: Missing option "access_token"
2024-01-27T10:40:42+00:00 DEBUG Tt4b_Pixel_Class::inject_add_to_cart_event: hit AddToCart
2024-01-27T10:40:42+00:00 DEBUG Tt4b_Pixel_Class::inject_add_to_cart_event: Missing option "access_token"
2024-01-27T10:40:44+00:00 DEBUG Tt4b_Pixel_Class::inject_add_to_cart_event: hit AddToCart
2024-01-27T10:40:44+00:00 DEBUG Tt4b_Pixel_Class::inject_add_to_cart_event: Missing option "access_token"
2024-01-27T10:40:49+00:00 DEBUG Tt4b_Pixel_Class::inject_add_to_cart_event: hit AddToCart
2024-01-27T10:40:49+00:00 DEBUG Tt4b_Pixel_Class::inject_add_to_cart_event: Missing option "access_token"
2024-01-27T10:41:08+00:00 DEBUG Tt4b_Pixel_Class::inject_add_to_cart_event: hit AddToCart
2024-01-27T10:41:08+00:00 DEBUG Tt4b_Pixel_Class::inject_add_to_cart_event: Missing option "access_token"
2024-01-27T10:41:16+00:00 DEBUG Tt4b_Pixel_Class::inject_add_to_cart_event: hit AddToCart
2024-01-27T10:41:16+00:00 DEBUG Tt4b_Pixel_Class::inject_add_to_cart_event: Missing option "access_token"
2024-01-27T10:41:22+00:00 DEBUG Tt4b_Pixel_Class::inject_add_to_cart_event: hit AddToCart
2024-01-27T10:41:22+00:00 DEBUG Tt4b_Pixel_Class::inject_add_to_cart_event: Missing option "access_token"
2024-01-27T10:41:31+00:00 DEBUG Tt4b_Pixel_Class::inject_add_to_cart_event: hit AddToCart
2024-01-27T10:41:31+00:00 DEBUG Tt4b_Pixel_Class::inject_add_to_cart_event: Missing option "access_token"
2024-01-27T10:41:35+00:00 DEBUG Tt4b_Pixel_Class::inject_add_to_cart_event: hit AddToCart
2024-01-27T10:41:35+00:00 DEBUG Tt4b_Pixel_Class::inject_add_to_cart_event: Missing option "access_token"
2024-01-27T10:41:53+00:00 DEBUG Tt4b_Pixel_Class::inject_add_to_cart_event: hit AddToCart
2024-01-27T10:41:53+00:00 DEBUG Tt4b_Pixel_Class::inject_add_to_cart_event: Missing option "access_token"
2024-01-27T10:42:04+00:00 DEBUG Tt4b_Pixel_Class::inject_add_to_cart_event: hit AddToCart
2024-01-27T10:42:04+00:00 DEBUG Tt4b_Pixel_Class::inject_add_to_cart_event: Missing option "access_token"
2024-01-27T10:42:10+00:00 DEBUG Tt4b_Pixel_Class::inject_add_to_cart_event: hit AddToCart
2024-01-27T10:42:10+00:00 DEBUG Tt4b_Pixel_Class::inject_add_to_cart_event: Missing option "access_token"
2024-01-27T10:42:13+00:00 DEBUG Tt4b_Pixel_Class::inject_add_to_cart_event: hit AddToCart
2024-01-27T10:42:13+00:00 DEBUG Tt4b_Pixel_Class::inject_add_to_cart_event: Missing option "access_token"
2024-01-27T10:42:39+00:00 DEBUG Tt4b_Pixel_Class::inject_add_to_cart_event: hit AddToCart
2024-01-27T10:42:39+00:00 DEBUG Tt4b_Pixel_Class::inject_add_to_cart_event: Missing option "access_token"
2024-01-27T10:42:56+00:00 DEBUG Tt4b_Pixel_Class::inject_add_to_cart_event: hit AddToCart
2024-01-27T10:42:56+00:00 DEBUG Tt4b_Pixel_Class::inject_add_to_cart_event: Missing option "access_token"
2024-01-27T10:43:11+00:00 DEBUG Tt4b_Pixel_Class::inject_add_to_cart_event: hit AddToCart
2024-01-27T10:43:11+00:00 DEBUG Tt4b_Pixel_Class::inject_add_to_cart_event: Missing option "access_token"
2024-01-27T10:43:15+00:00 DEBUG Tt4b_Pixel_Class::inject_add_to_cart_event: hit AddToCart
2024-01-27T10:43:15+00:00 DEBUG Tt4b_Pixel_Class::inject_add_to_cart_event: Missing option "access_token"
2024-01-27T10:43:25+00:00 DEBUG Tt4b_Pixel_Class::inject_add_to_cart_event: hit AddToCart
2024-01-27T10:43:25+00:00 DEBUG Tt4b_Pixel_Class::inject_add_to_cart_event: Missing option "access_token"
2024-01-27T10:43:42+00:00 DEBUG Tt4b_Pixel_Class::inject_add_to_cart_event: hit AddToCart
2024-01-27T10:43:42+00:00 DEBUG Tt4b_Pixel_Class::inject_add_to_cart_event: Missing option "access_token"
2024-01-27T10:43:50+00:00 DEBUG Tt4b_Pixel_Class::inject_add_to_cart_event: hit AddToCart
2024-01-27T10:43:50+00:00 DEBUG Tt4b_Pixel_Class::inject_add_to_cart_event: Missing option "access_token"
2024-01-27T10:44:01+00:00 DEBUG Tt4b_Pixel_Class::inject_add_to_cart_event: hit AddToCart
2024-01-27T10:44:01+00:00 DEBUG Tt4b_Pixel_Class::inject_add_to_cart_event: Missing option "access_token"
2024-01-27T10:44:13+00:00 DEBUG Tt4b_Pixel_Class::inject_add_to_cart_event: hit AddToCart
2024-01-27T10:44:13+00:00 DEBUG Tt4b_Pixel_Class::inject_add_to_cart_event: Missing option "access_token"
2024-01-27T10:44:22+00:00 DEBUG Tt4b_Pixel_Class::inject_add_to_cart_event: hit AddToCart
2024-01-27T10:44:22+00:00 DEBUG Tt4b_Pixel_Class::inject_add_to_cart_event: Missing option "access_token"
2024-01-27T10:44:30+00:00 DEBUG Tt4b_Pixel_Class::inject_add_to_cart_event: hit AddToCart
2024-01-27T10:44:30+00:00 DEBUG Tt4b_Pixel_Class::inject_add_to_cart_event: Missing option "access_token"
2024-01-27T10:44:46+00:00 DEBUG Tt4b_Pixel_Class::inject_add_to_cart_event: hit AddToCart
2024-01-27T10:44:46+00:00 DEBUG Tt4b_Pixel_Class::inject_add_to_cart_event: Missing option "access_token"
2024-01-27T10:45:06+00:00 DEBUG Tt4b_Pixel_Class::inject_add_to_cart_event: hit AddToCart
2024-01-27T10:45:06+00:00 DEBUG Tt4b_Pixel_Class::inject_add_to_cart_event: Missing option "access_token"
2024-01-27T10:45:16+00:00 DEBUG Tt4b_Pixel_Class::inject_add_to_cart_event: hit AddToCart
2024-01-27T10:45:16+00:00 DEBUG Tt4b_Pixel_Class::inject_add_to_cart_event: Missing option "access_token"
2024-01-27T10:45:31+00:00 DEBUG Tt4b_Pixel_Class::inject_add_to_cart_event: hit AddToCart
2024-01-27T10:45:31+00:00 DEBUG Tt4b_Pixel_Class::inject_add_to_cart_event: Missing option "access_token"
2024-01-27T10:45:41+00:00 DEBUG Tt4b_Pixel_Class::inject_add_to_cart_event: hit AddToCart
2024-01-27T10:45:41+00:00 DEBUG Tt4b_Pixel_Class::inject_add_to_cart_event: Missing option "access_token"
2024-01-27T10:45:50+00:00 DEBUG Tt4b_Pixel_Class::inject_add_to_cart_event: hit AddToCart
2024-01-27T10:45:50+00:00 DEBUG Tt4b_Pixel_Class::inject_add_to_cart_event: Missing option "access_token"
2024-01-27T10:45:59+00:00 DEBUG Tt4b_Pixel_Class::inject_add_to_cart_event: hit AddToCart
2024-01-27T10:45:59+00:00 DEBUG Tt4b_Pixel_Class::inject_add_to_cart_event: Missing option "access_token"
2024-01-27T10:46:12+00:00 DEBUG Tt4b_Pixel_Class::inject_add_to_cart_event: hit AddToCart
2024-01-27T10:46:12+00:00 DEBUG Tt4b_Pixel_Class::inject_add_to_cart_event: Missing option "access_token"
2024-01-27T10:46:20+00:00 DEBUG Tt4b_Pixel_Class::inject_add_to_cart_event: hit AddToCart
2024-01-27T10:46:20+00:00 DEBUG Tt4b_Pixel_Class::inject_add_to_cart_event: Missing option "access_token"
2024-01-27T10:46:23+00:00 DEBUG Tt4b_Pixel_Class::inject_add_to_cart_event: hit AddToCart
2024-01-27T10:46:23+00:00 DEBUG Tt4b_Pixel_Class::inject_add_to_cart_event: Missing option "access_token"
2024-01-27T10:46:31+00:00 DEBUG Tt4b_Pixel_Class::inject_add_to_cart_event: hit AddToCart
2024-01-27T10:46:31+00:00 DEBUG Tt4b_Pixel_Class::inject_add_to_cart_event: Missing option "access_token"
2024-01-27T10:46:48+00:00 DEBUG Tt4b_Pixel_Class::inject_add_to_cart_event: hit AddToCart
2024-01-27T10:46:48+00:00 DEBUG Tt4b_Pixel_Class::inject_add_to_cart_event: Missing option "access_token"
2024-01-27T10:46:51+00:00 DEBUG Tt4b_Pixel_Class::inject_add_to_cart_event: hit AddToCart
2024-01-27T10:46:51+00:00 DEBUG Tt4b_Pixel_Class::inject_add_to_cart_event: Missing option "access_token"
2024-01-27T10:46:55+00:00 DEBUG Tt4b_Pixel_Class::inject_add_to_cart_event: hit AddToCart
2024-01-27T10:46:55+00:00 DEBUG Tt4b_Pixel_Class::inject_add_to_cart_event: Missing option "access_token"
2024-01-27T10:47:05+00:00 DEBUG Tt4b_Pixel_Class::inject_add_to_cart_event: hit AddToCart
2024-01-27T10:47:05+00:00 DEBUG Tt4b_Pixel_Class::inject_add_to_cart_event: Missing option "access_token"
2024-01-27T10:47:05+00:00 DEBUG Tt4b_Pixel_Class::inject_add_to_cart_event: hit AddToCart
2024-01-27T10:47:05+00:00 DEBUG Tt4b_Pixel_Class::inject_add_to_cart_event: Missing option "access_token"
2024-01-27T10:47:17+00:00 DEBUG Tt4b_Pixel_Class::inject_add_to_cart_event: hit AddToCart
2024-01-27T10:47:17+00:00 DEBUG Tt4b_Pixel_Class::inject_add_to_cart_event: Missing option "access_token"
2024-01-27T10:47:25+00:00 DEBUG Tt4b_Pixel_Class::inject_add_to_cart_event: hit AddToCart
2024-01-27T10:47:25+00:00 DEBUG Tt4b_Pixel_Class::inject_add_to_cart_event: Missing option "access_token"
2024-01-27T10:47:31+00:00 DEBUG Tt4b_Pixel_Class::inject_add_to_cart_event: hit AddToCart
2024-01-27T10:47:31+00:00 DEBUG Tt4b_Pixel_Class::inject_add_to_cart_event: Missing option "access_token"
2024-01-27T10:47:41+00:00 DEBUG Tt4b_Pixel_Class::inject_view_content_event: hit ViewContent
2024-01-27T10:47:41+00:00 DEBUG Tt4b_Pixel_Class::inject_view_content_event: Missing option "access_token"
2024-01-27T10:47:41+00:00 DEBUG Tt4b_Pixel_Class::inject_view_content_event: hit ViewContent
2024-01-27T10:47:41+00:00 DEBUG Tt4b_Pixel_Class::inject_view_content_event: Missing option "access_token"
2024-01-27T10:47:42+00:00 DEBUG Tt4b_Pixel_Class::inject_add_to_cart_event: hit AddToCart
2024-01-27T10:47:42+00:00 DEBUG Tt4b_Pixel_Class::inject_add_to_cart_event: Missing option "access_token"
2024-01-27T10:47:42+00:00 DEBUG Tt4b_Pixel_Class::inject_view_content_event: hit ViewContent
2024-01-27T10:47:42+00:00 DEBUG Tt4b_Pixel_Class::inject_view_content_event: Missing option "access_token"
2024-01-27T10:47:42+00:00 DEBUG Tt4b_Pixel_Class::inject_add_to_cart_event: hit AddToCart
2024-01-27T10:47:42+00:00 DEBUG Tt4b_Pixel_Class::inject_add_to_cart_event: Missing option "access_token"
2024-01-27T10:47:46+00:00 DEBUG Tt4b_Pixel_Class::inject_view_content_event: hit ViewContent
2024-01-27T10:47:46+00:00 DEBUG Tt4b_Pixel_Class::inject_view_content_event: Missing option "access_token"
2024-01-27T10:47:47+00:00 DEBUG Tt4b_Pixel_Class::inject_view_content_event: hit ViewContent
2024-01-27T10:47:47+00:00 DEBUG Tt4b_Pixel_Class::inject_view_content_event: Missing option "access_token"
2024-01-27T10:47:51+00:00 DEBUG Tt4b_Pixel_Class::inject_view_content_event: hit ViewContent
2024-01-27T10:47:51+00:00 DEBUG Tt4b_Pixel_Class::inject_view_content_event: Missing option "access_token"
2024-01-27T10:47:54+00:00 DEBUG Tt4b_Pixel_Class::inject_add_to_cart_event: hit AddToCart
2024-01-27T10:47:54+00:00 DEBUG Tt4b_Pixel_Class::inject_add_to_cart_event: Missing option "access_token"
2024-01-27T10:47:56+00:00 DEBUG Tt4b_Pixel_Class::inject_add_to_cart_event: hit AddToCart
2024-01-27T10:47:56+00:00 DEBUG Tt4b_Pixel_Class::inject_add_to_cart_event: Missing option "access_token"
2024-01-27T10:47:58+00:00 DEBUG Tt4b_Pixel_Class::inject_add_to_cart_event: hit AddToCart
2024-01-27T10:47:58+00:00 DEBUG Tt4b_Pixel_Class::inject_add_to_cart_event: Missing option "access_token"
2024-01-27T10:47:59+00:00 DEBUG Tt4b_Pixel_Class::inject_add_to_cart_event: hit AddToCart
2024-01-27T10:47:59+00:00 DEBUG Tt4b_Pixel_Class::inject_add_to_cart_event: Missing option "access_token"
2024-01-27T10:48:01+00:00 DEBUG Tt4b_Pixel_Class::inject_add_to_cart_event: hit AddToCart
2024-01-27T10:48:01+00:00 DEBUG Tt4b_Pixel_Class::inject_add_to_cart_event: Missing option "access_token"
2024-01-27T10:48:02+00:00 DEBUG Tt4b_Pixel_Class::inject_add_to_cart_event: hit AddToCart
2024-01-27T10:48:02+00:00 DEBUG Tt4b_Pixel_Class::inject_add_to_cart_event: Missing option "access_token"
2024-01-27T10:48:03+00:00 DEBUG Tt4b_Pixel_Class::inject_add_to_cart_event: hit AddToCart
2024-01-27T10:48:03+00:00 DEBUG Tt4b_Pixel_Class::inject_add_to_cart_event: Missing option "access_token"
2024-01-27T10:48:07+00:00 DEBUG Tt4b_Pixel_Class::inject_add_to_cart_event: hit AddToCart
2024-01-27T10:48:07+00:00 DEBUG Tt4b_Pixel_Class::inject_add_to_cart_event: Missing option "access_token"
2024-01-27T10:48:09+00:00 DEBUG Tt4b_Pixel_Class::inject_add_to_cart_event: hit AddToCart
2024-01-27T10:48:09+00:00 DEBUG Tt4b_Pixel_Class::inject_add_to_cart_event: Missing option "access_token"
2024-01-27T10:48:13+00:00 DEBUG Tt4b_Pixel_Class::inject_add_to_cart_event: hit AddToCart
2024-01-27T10:48:13+00:00 DEBUG Tt4b_Pixel_Class::inject_add_to_cart_event: Missing option "access_token"
2024-01-27T10:48:13+00:00 DEBUG Tt4b_Pixel_Class::inject_add_to_cart_event: hit AddToCart
2024-01-27T10:48:13+00:00 DEBUG Tt4b_Pixel_Class::inject_add_to_cart_event: Missing option "access_token"
2024-01-27T10:48:16+00:00 DEBUG Tt4b_Pixel_Class::inject_add_to_cart_event: hit AddToCart
2024-01-27T10:48:16+00:00 DEBUG Tt4b_Pixel_Class::inject_add_to_cart_event: Missing option "access_token"
2024-01-27T10:48:19+00:00 DEBUG Tt4b_Pixel_Class::inject_add_to_cart_event: hit AddToCart
2024-01-27T10:48:19+00:00 DEBUG Tt4b_Pixel_Class::inject_add_to_cart_event: Missing option "access_token"
2024-01-27T10:48:21+00:00 DEBUG Tt4b_Pixel_Class::inject_add_to_cart_event: hit AddToCart
2024-01-27T10:48:21+00:00 DEBUG Tt4b_Pixel_Class::inject_add_to_cart_event: Missing option "access_token"
2024-01-27T10:48:25+00:00 DEBUG Tt4b_Pixel_Class::inject_add_to_cart_event: hit AddToCart
2024-01-27T10:48:25+00:00 DEBUG Tt4b_Pixel_Class::inject_add_to_cart_event: Missing option "access_token"
2024-01-27T10:48:29+00:00 DEBUG Tt4b_Pixel_Class::inject_add_to_cart_event: hit AddToCart
2024-01-27T10:48:29+00:00 DEBUG Tt4b_Pixel_Class::inject_add_to_cart_event: Missing option "access_token"
2024-01-27T10:48:40+00:00 DEBUG Tt4b_Pixel_Class::inject_add_to_cart_event: hit AddToCart
2024-01-27T10:48:40+00:00 DEBUG Tt4b_Pixel_Class::inject_add_to_cart_event: Missing option "access_token"
2024-01-27T10:48:49+00:00 DEBUG Tt4b_Pixel_Class::inject_add_to_cart_event: hit AddToCart
2024-01-27T10:48:49+00:00 DEBUG Tt4b_Pixel_Class::inject_add_to_cart_event: Missing option "access_token"
2024-01-27T10:48:54+00:00 DEBUG Tt4b_Pixel_Class::inject_add_to_cart_event: hit AddToCart
2024-01-27T10:48:54+00:00 DEBUG Tt4b_Pixel_Class::inject_add_to_cart_event: Missing option "access_token"
2024-01-27T10:48:57+00:00 DEBUG Tt4b_Pixel_Class::inject_add_to_cart_event: hit AddToCart
2024-01-27T10:48:57+00:00 DEBUG Tt4b_Pixel_Class::inject_add_to_cart_event: Missing option "access_token"
2024-01-27T10:48:59+00:00 DEBUG Tt4b_Pixel_Class::inject_add_to_cart_event: hit AddToCart
2024-01-27T10:48:59+00:00 DEBUG Tt4b_Pixel_Class::inject_add_to_cart_event: Missing option "access_token"
2024-01-27T10:49:02+00:00 DEBUG Tt4b_Pixel_Class::inject_add_to_cart_event: hit AddToCart
2024-01-27T10:49:02+00:00 DEBUG Tt4b_Pixel_Class::inject_add_to_cart_event: Missing option "access_token"
2024-01-27T10:49:08+00:00 DEBUG Tt4b_Pixel_Class::inject_add_to_cart_event: hit AddToCart
2024-01-27T10:49:08+00:00 DEBUG Tt4b_Pixel_Class::inject_add_to_cart_event: Missing option "access_token"
2024-01-27T10:49:10+00:00 DEBUG Tt4b_Pixel_Class::inject_add_to_cart_event: hit AddToCart
2024-01-27T10:49:10+00:00 DEBUG Tt4b_Pixel_Class::inject_add_to_cart_event: Missing option "access_token"
2024-01-27T10:49:13+00:00 DEBUG Tt4b_Pixel_Class::inject_add_to_cart_event: hit AddToCart
2024-01-27T10:49:13+00:00 DEBUG Tt4b_Pixel_Class::inject_add_to_cart_event: Missing option "access_token"
2024-01-27T10:49:17+00:00 DEBUG Tt4b_Pixel_Class::inject_add_to_cart_event: hit AddToCart
2024-01-27T10:49:17+00:00 DEBUG Tt4b_Pixel_Class::inject_add_to_cart_event: Missing option "access_token"
2024-01-27T10:49:23+00:00 DEBUG Tt4b_Pixel_Class::inject_add_to_cart_event: hit AddToCart
2024-01-27T10:49:23+00:00 DEBUG Tt4b_Pixel_Class::inject_add_to_cart_event: Missing option "access_token"
2024-01-27T10:49:47+00:00 DEBUG Tt4b_Pixel_Class::inject_add_to_cart_event: hit AddToCart
2024-01-27T10:49:47+00:00 DEBUG Tt4b_Pixel_Class::inject_add_to_cart_event: Missing option "access_token"
2024-01-27T10:49:48+00:00 DEBUG Tt4b_Pixel_Class::inject_add_to_cart_event: hit AddToCart
2024-01-27T10:49:48+00:00 DEBUG Tt4b_Pixel_Class::inject_add_to_cart_event: Missing option "access_token"
2024-01-27T10:49:55+00:00 DEBUG Tt4b_Pixel_Class::inject_add_to_cart_event: hit AddToCart
2024-01-27T10:49:55+00:00 DEBUG Tt4b_Pixel_Class::inject_add_to_cart_event: Missing option "access_token"
2024-01-27T10:49:57+00:00 DEBUG Tt4b_Pixel_Class::inject_add_to_cart_event: hit AddToCart
2024-01-27T10:49:57+00:00 DEBUG Tt4b_Pixel_Class::inject_add_to_cart_event: Missing option "access_token"
2024-01-27T10:50:00+00:00 DEBUG Tt4b_Pixel_Class::inject_add_to_cart_event: hit AddToCart
2024-01-27T10:50:00+00:00 DEBUG Tt4b_Pixel_Class::inject_add_to_cart_event: Missing option "access_token"
2024-01-27T10:50:22+00:00 DEBUG Tt4b_Pixel_Class::inject_add_to_cart_event: hit AddToCart
2024-01-27T10:50:22+00:00 DEBUG Tt4b_Pixel_Class::inject_add_to_cart_event: Missing option "access_token"
2024-01-27T10:50:24+00:00 DEBUG Tt4b_Pixel_Class::inject_add_to_cart_event: hit AddToCart
2024-01-27T10:50:24+00:00 DEBUG Tt4b_Pixel_Class::inject_add_to_cart_event: Missing option "access_token"
2024-01-27T10:50:37+00:00 DEBUG Tt4b_Pixel_Class::inject_add_to_cart_event: hit AddToCart
2024-01-27T10:50:37+00:00 DEBUG Tt4b_Pixel_Class::inject_add_to_cart_event: Missing option "access_token"
2024-01-27T10:51:03+00:00 DEBUG Tt4b_Pixel_Class::inject_add_to_cart_event: hit AddToCart
2024-01-27T10:51:03+00:00 DEBUG Tt4b_Pixel_Class::inject_add_to_cart_event: Missing option "access_token"
2024-01-27T10:51:13+00:00 DEBUG Tt4b_Pixel_Class::inject_add_to_cart_event: hit AddToCart
2024-01-27T10:51:13+00:00 DEBUG Tt4b_Pixel_Class::inject_add_to_cart_event: Missing option "access_token"
2024-01-27T10:51:38+00:00 DEBUG Tt4b_Pixel_Class::inject_add_to_cart_event: hit AddToCart
2024-01-27T10:51:38+00:00 DEBUG Tt4b_Pixel_Class::inject_add_to_cart_event: Missing option "access_token"
2024-01-27T10:52:08+00:00 DEBUG Tt4b_Pixel_Class::inject_add_to_cart_event: hit AddToCart
2024-01-27T10:52:08+00:00 DEBUG Tt4b_Pixel_Class::inject_add_to_cart_event: Missing option "access_token"
2024-01-27T10:52:35+00:00 DEBUG Tt4b_Pixel_Class::inject_add_to_cart_event: hit AddToCart
2024-01-27T10:52:35+00:00 DEBUG Tt4b_Pixel_Class::inject_add_to_cart_event: Missing option "access_token"
2024-01-27T10:52:50+00:00 DEBUG Tt4b_Pixel_Class::inject_add_to_cart_event: hit AddToCart
2024-01-27T10:52:50+00:00 DEBUG Tt4b_Pixel_Class::inject_add_to_cart_event: Missing option "access_token"
2024-01-27T10:52:55+00:00 DEBUG Tt4b_Pixel_Class::inject_add_to_cart_event: hit AddToCart
2024-01-27T10:52:55+00:00 DEBUG Tt4b_Pixel_Class::inject_add_to_cart_event: Missing option "access_token"
2024-01-27T10:53:05+00:00 DEBUG Tt4b_Pixel_Class::inject_add_to_cart_event: hit AddToCart
2024-01-27T10:53:05+00:00 DEBUG Tt4b_Pixel_Class::inject_add_to_cart_event: Missing option "access_token"
2024-01-27T10:53:14+00:00 DEBUG Tt4b_Pixel_Class::inject_add_to_cart_event: hit AddToCart
2024-01-27T10:53:14+00:00 DEBUG Tt4b_Pixel_Class::inject_add_to_cart_event: Missing option "access_token"
2024-01-27T10:53:15+00:00 DEBUG Tt4b_Pixel_Class::inject_add_to_cart_event: hit AddToCart
2024-01-27T10:53:15+00:00 DEBUG Tt4b_Pixel_Class::inject_add_to_cart_event: Missing option "access_token"
2024-01-27T10:53:23+00:00 DEBUG Tt4b_Pixel_Class::inject_add_to_cart_event: hit AddToCart
2024-01-27T10:53:23+00:00 DEBUG Tt4b_Pixel_Class::inject_add_to_cart_event: Missing option "access_token"
2024-01-27T10:53:24+00:00 DEBUG Tt4b_Pixel_Class::inject_view_content_event: hit ViewContent
2024-01-27T10:53:24+00:00 DEBUG Tt4b_Pixel_Class::inject_view_content_event: Missing option "access_token"
2024-01-27T10:53:27+00:00 DEBUG Tt4b_Pixel_Class::inject_add_to_cart_event: hit AddToCart
2024-01-27T10:53:27+00:00 DEBUG Tt4b_Pixel_Class::inject_add_to_cart_event: Missing option "access_token"
2024-01-27T10:53:29+00:00 DEBUG Tt4b_Pixel_Class::inject_view_content_event: hit ViewContent
2024-01-27T10:53:29+00:00 DEBUG Tt4b_Pixel_Class::inject_view_content_event: Missing option "access_token"
2024-01-27T10:53:32+00:00 DEBUG Tt4b_Pixel_Class::inject_add_to_cart_event: hit AddToCart
2024-01-27T10:53:32+00:00 DEBUG Tt4b_Pixel_Class::inject_add_to_cart_event: Missing option "access_token"
2024-01-27T10:53:41+00:00 DEBUG Tt4b_Pixel_Class::inject_add_to_cart_event: hit AddToCart
2024-01-27T10:53:41+00:00 DEBUG Tt4b_Pixel_Class::inject_add_to_cart_event: Missing option "access_token"
2024-01-27T10:53:46+00:00 DEBUG Tt4b_Pixel_Class::inject_add_to_cart_event: hit AddToCart
2024-01-27T10:53:46+00:00 DEBUG Tt4b_Pixel_Class::inject_add_to_cart_event: Missing option "access_token"
2024-01-27T10:53:47+00:00 DEBUG Tt4b_Pixel_Class::inject_add_to_cart_event: hit AddToCart
2024-01-27T10:53:47+00:00 DEBUG Tt4b_Pixel_Class::inject_add_to_cart_event: Missing option "access_token"
2024-01-27T10:53:49+00:00 DEBUG Tt4b_Pixel_Class::inject_add_to_cart_event: hit AddToCart
2024-01-27T10:53:49+00:00 DEBUG Tt4b_Pixel_Class::inject_add_to_cart_event: Missing option "access_token"
2024-01-27T10:53:51+00:00 DEBUG Tt4b_Pixel_Class::inject_add_to_cart_event: hit AddToCart
2024-01-27T10:53:51+00:00 DEBUG Tt4b_Pixel_Class::inject_add_to_cart_event: Missing option "access_token"
2024-01-27T10:53:54+00:00 DEBUG Tt4b_Pixel_Class::inject_add_to_cart_event: hit AddToCart
2024-01-27T10:53:54+00:00 DEBUG Tt4b_Pixel_Class::inject_add_to_cart_event: Missing option "access_token"
2024-01-27T10:54:02+00:00 DEBUG Tt4b_Pixel_Class::inject_add_to_cart_event: hit AddToCart
2024-01-27T10:54:02+00:00 DEBUG Tt4b_Pixel_Class::inject_add_to_cart_event: Missing option "access_token"
2024-01-27T10:54:32+00:00 DEBUG Tt4b_Pixel_Class::inject_add_to_cart_event: hit AddToCart
2024-01-27T10:54:32+00:00 DEBUG Tt4b_Pixel_Class::inject_add_to_cart_event: Missing option "access_token"
2024-01-27T10:55:06+00:00 DEBUG Tt4b_Pixel_Class::inject_add_to_cart_event: hit AddToCart
2024-01-27T10:55:06+00:00 DEBUG Tt4b_Pixel_Class::inject_add_to_cart_event: Missing option "access_token"
2024-01-27T10:55:08+00:00 DEBUG Tt4b_Pixel_Class::inject_add_to_cart_event: hit AddToCart
2024-01-27T10:55:08+00:00 DEBUG Tt4b_Pixel_Class::inject_add_to_cart_event: Missing option "access_token"
2024-01-27T10:55:12+00:00 DEBUG Tt4b_Pixel_Class::inject_add_to_cart_event: hit AddToCart
2024-01-27T10:55:12+00:00 DEBUG Tt4b_Pixel_Class::inject_add_to_cart_event: Missing option "access_token"
2024-01-27T10:55:14+00:00 DEBUG Tt4b_Pixel_Class::inject_add_to_cart_event: hit AddToCart
2024-01-27T10:55:14+00:00 DEBUG Tt4b_Pixel_Class::inject_add_to_cart_event: Missing option "access_token"
2024-01-27T10:55:17+00:00 DEBUG Tt4b_Pixel_Class::inject_add_to_cart_event: hit AddToCart
2024-01-27T10:55:17+00:00 DEBUG Tt4b_Pixel_Class::inject_add_to_cart_event: Missing option "access_token"
2024-01-27T10:55:19+00:00 DEBUG Tt4b_Pixel_Class::inject_add_to_cart_event: hit AddToCart
2024-01-27T10:55:19+00:00 DEBUG Tt4b_Pixel_Class::inject_add_to_cart_event: Missing option "access_token"
2024-01-27T10:55:31+00:00 DEBUG Tt4b_Pixel_Class::inject_view_content_event: hit ViewContent
2024-01-27T10:55:31+00:00 DEBUG Tt4b_Pixel_Class::inject_view_content_event: Missing option "access_token"
2024-01-27T10:55:47+00:00 DEBUG Tt4b_Pixel_Class::inject_view_content_event: hit ViewContent
2024-01-27T10:55:47+00:00 DEBUG Tt4b_Pixel_Class::inject_view_content_event: Missing option "access_token"
2024-01-27T10:55:53+00:00 DEBUG Tt4b_Pixel_Class::inject_add_to_cart_event: hit AddToCart
2024-01-27T10:55:53+00:00 DEBUG Tt4b_Pixel_Class::inject_add_to_cart_event: Missing option "access_token"
2024-01-27T10:56:29+00:00 DEBUG Tt4b_Pixel_Class::inject_add_to_cart_event: hit AddToCart
2024-01-27T10:56:29+00:00 DEBUG Tt4b_Pixel_Class::inject_add_to_cart_event: Missing option "access_token"
2024-01-27T10:56:54+00:00 DEBUG Tt4b_Pixel_Class::inject_add_to_cart_event: hit AddToCart
2024-01-27T10:56:54+00:00 DEBUG Tt4b_Pixel_Class::inject_add_to_cart_event: Missing option "access_token"
2024-01-27T10:57:00+00:00 DEBUG Tt4b_Pixel_Class::inject_add_to_cart_event: hit AddToCart
2024-01-27T10:57:00+00:00 DEBUG Tt4b_Pixel_Class::inject_add_to_cart_event: Missing option "access_token"
2024-01-27T10:57:27+00:00 DEBUG Tt4b_Pixel_Class::inject_add_to_cart_event: hit AddToCart
2024-01-27T10:57:27+00:00 DEBUG Tt4b_Pixel_Class::inject_add_to_cart_event: Missing option "access_token"
2024-01-27T10:57:29+00:00 DEBUG Tt4b_Pixel_Class::inject_add_to_cart_event: hit AddToCart
2024-01-27T10:57:29+00:00 DEBUG Tt4b_Pixel_Class::inject_add_to_cart_event: Missing option "access_token"
2024-01-27T10:57:33+00:00 DEBUG Tt4b_Pixel_Class::inject_add_to_cart_event: hit AddToCart
2024-01-27T10:57:33+00:00 DEBUG Tt4b_Pixel_Class::inject_add_to_cart_event: Missing option "access_token"
2024-01-27T10:57:34+00:00 DEBUG Tt4b_Pixel_Class::inject_add_to_cart_event: hit AddToCart
2024-01-27T10:57:34+00:00 DEBUG Tt4b_Pixel_Class::inject_add_to_cart_event: Missing option "access_token"
2024-01-27T10:57:36+00:00 DEBUG Tt4b_Pixel_Class::inject_add_to_cart_event: hit AddToCart
2024-01-27T10:57:36+00:00 DEBUG Tt4b_Pixel_Class::inject_add_to_cart_event: Missing option "access_token"
2024-01-27T10:57:38+00:00 DEBUG Tt4b_Pixel_Class::inject_add_to_cart_event: hit AddToCart
2024-01-27T10:57:38+00:00 DEBUG Tt4b_Pixel_Class::inject_add_to_cart_event: Missing option "access_token"
2024-01-27T10:57:40+00:00 DEBUG Tt4b_Pixel_Class::inject_add_to_cart_event: hit AddToCart
2024-01-27T10:57:40+00:00 DEBUG Tt4b_Pixel_Class::inject_add_to_cart_event: Missing option "access_token"
2024-01-27T10:57:45+00:00 DEBUG Tt4b_Pixel_Class::inject_add_to_cart_event: hit AddToCart
2024-01-27T10:57:45+00:00 DEBUG Tt4b_Pixel_Class::inject_add_to_cart_event: Missing option "access_token"
2024-01-27T10:58:02+00:00 DEBUG Tt4b_Pixel_Class::inject_add_to_cart_event: hit AddToCart
2024-01-27T10:58:02+00:00 DEBUG Tt4b_Pixel_Class::inject_add_to_cart_event: Missing option "access_token"
2024-01-27T10:58:10+00:00 DEBUG Tt4b_Pixel_Class::inject_add_to_cart_event: hit AddToCart
2024-01-27T10:58:10+00:00 DEBUG Tt4b_Pixel_Class::inject_add_to_cart_event: Missing option "access_token"
2024-01-27T10:58:18+00:00 DEBUG Tt4b_Pixel_Class::inject_add_to_cart_event: hit AddToCart
2024-01-27T10:58:18+00:00 DEBUG Tt4b_Pixel_Class::inject_add_to_cart_event: Missing option "access_token"
2024-01-27T10:58:20+00:00 DEBUG Tt4b_Pixel_Class::inject_add_to_cart_event: hit AddToCart
2024-01-27T10:58:20+00:00 DEBUG Tt4b_Pixel_Class::inject_add_to_cart_event: Missing option "access_token"
2024-01-27T10:58:22+00:00 DEBUG Tt4b_Pixel_Class::inject_add_to_cart_event: hit AddToCart
2024-01-27T10:58:22+00:00 DEBUG Tt4b_Pixel_Class::inject_add_to_cart_event: Missing option "access_token"
2024-01-27T10:58:24+00:00 DEBUG Tt4b_Pixel_Class::inject_add_to_cart_event: hit AddToCart
2024-01-27T10:58:24+00:00 DEBUG Tt4b_Pixel_Class::inject_add_to_cart_event: Missing option "access_token"
2024-01-27T10:58:26+00:00 DEBUG Tt4b_Pixel_Class::inject_add_to_cart_event: hit AddToCart
2024-01-27T10:58:26+00:00 DEBUG Tt4b_Pixel_Class::inject_add_to_cart_event: Missing option "access_token"
2024-01-27T10:58:28+00:00 DEBUG Tt4b_Pixel_Class::inject_add_to_cart_event: hit AddToCart
2024-01-27T10:58:28+00:00 DEBUG Tt4b_Pixel_Class::inject_add_to_cart_event: Missing option "access_token"
2024-01-27T10:58:35+00:00 DEBUG Tt4b_Pixel_Class::inject_add_to_cart_event: hit AddToCart
2024-01-27T10:58:35+00:00 DEBUG Tt4b_Pixel_Class::inject_add_to_cart_event: Missing option "access_token"
2024-01-27T10:58:36+00:00 DEBUG Tt4b_Pixel_Class::inject_view_content_event: hit ViewContent
2024-01-27T10:58:36+00:00 DEBUG Tt4b_Pixel_Class::inject_view_content_event: Missing option "access_token"
2024-01-27T10:58:45+00:00 DEBUG Tt4b_Pixel_Class::inject_add_to_cart_event: hit AddToCart
2024-01-27T10:58:45+00:00 DEBUG Tt4b_Pixel_Class::inject_add_to_cart_event: Missing option "access_token"
2024-01-27T10:58:56+00:00 DEBUG Tt4b_Pixel_Class::inject_view_content_event: hit ViewContent
2024-01-27T10:58:56+00:00 DEBUG Tt4b_Pixel_Class::inject_view_content_event: Missing option "access_token"
2024-01-27T10:58:58+00:00 DEBUG Tt4b_Pixel_Class::inject_add_to_cart_event: hit AddToCart
2024-01-27T10:58:58+00:00 DEBUG Tt4b_Pixel_Class::inject_add_to_cart_event: Missing option "access_token"
2024-01-27T10:58:59+00:00 DEBUG Tt4b_Pixel_Class::inject_view_content_event: hit ViewContent
2024-01-27T10:58:59+00:00 DEBUG Tt4b_Pixel_Class::inject_view_content_event: Missing option "access_token"
2024-01-27T10:59:01+00:00 DEBUG Tt4b_Pixel_Class::inject_add_to_cart_event: hit AddToCart
2024-01-27T10:59:01+00:00 DEBUG Tt4b_Pixel_Class::inject_add_to_cart_event: Missing option "access_token"
2024-01-27T10:59:01+00:00 DEBUG Tt4b_Pixel_Class::inject_view_content_event: hit ViewContent
2024-01-27T10:59:01+00:00 DEBUG Tt4b_Pixel_Class::inject_view_content_event: Missing option "access_token"
2024-01-27T10:59:03+00:00 DEBUG Tt4b_Pixel_Class::inject_view_content_event: hit ViewContent
2024-01-27T10:59:03+00:00 DEBUG Tt4b_Pixel_Class::inject_view_content_event: Missing option "access_token"
2024-01-27T10:59:05+00:00 DEBUG Tt4b_Pixel_Class::inject_view_content_event: hit ViewContent
2024-01-27T10:59:05+00:00 DEBUG Tt4b_Pixel_Class::inject_view_content_event: Missing option "access_token"
2024-01-27T10:59:05+00:00 DEBUG Tt4b_Pixel_Class::inject_add_to_cart_event: hit AddToCart
2024-01-27T10:59:05+00:00 DEBUG Tt4b_Pixel_Class::inject_add_to_cart_event: Missing option "access_token"
2024-01-27T10:59:06+00:00 DEBUG Tt4b_Pixel_Class::inject_add_to_cart_event: hit AddToCart
2024-01-27T10:59:06+00:00 DEBUG Tt4b_Pixel_Class::inject_add_to_cart_event: Missing option "access_token"
2024-01-27T10:59:07+00:00 DEBUG Tt4b_Pixel_Class::inject_view_content_event: hit ViewContent
2024-01-27T10:59:07+00:00 DEBUG Tt4b_Pixel_Class::inject_view_content_event: Missing option "access_token"
2024-01-27T10:59:09+00:00 DEBUG Tt4b_Pixel_Class::inject_view_content_event: hit ViewContent
2024-01-27T10:59:09+00:00 DEBUG Tt4b_Pixel_Class::inject_view_content_event: Missing option "access_token"
2024-01-27T10:59:11+00:00 DEBUG Tt4b_Pixel_Class::inject_view_content_event: hit ViewContent
2024-01-27T10:59:11+00:00 DEBUG Tt4b_Pixel_Class::inject_view_content_event: Missing option "access_token"
2024-01-27T10:59:12+00:00 DEBUG Tt4b_Pixel_Class::inject_add_to_cart_event: hit AddToCart
2024-01-27T10:59:12+00:00 DEBUG Tt4b_Pixel_Class::inject_add_to_cart_event: Missing option "access_token"
2024-01-27T10:59:13+00:00 DEBUG Tt4b_Pixel_Class::inject_view_content_event: hit ViewContent
2024-01-27T10:59:13+00:00 DEBUG Tt4b_Pixel_Class::inject_view_content_event: Missing option "access_token"
2024-01-27T10:59:15+00:00 DEBUG Tt4b_Pixel_Class::inject_view_content_event: hit ViewContent
2024-01-27T10:59:15+00:00 DEBUG Tt4b_Pixel_Class::inject_view_content_event: Missing option "access_token"
2024-01-27T10:59:18+00:00 DEBUG Tt4b_Pixel_Class::inject_view_content_event: hit ViewContent
2024-01-27T10:59:18+00:00 DEBUG Tt4b_Pixel_Class::inject_view_content_event: Missing option "access_token"
2024-01-27T10:59:18+00:00 DEBUG Tt4b_Pixel_Class::inject_add_to_cart_event: hit AddToCart
2024-01-27T10:59:18+00:00 DEBUG Tt4b_Pixel_Class::inject_add_to_cart_event: Missing option "access_token"
2024-01-27T10:59:21+00:00 DEBUG Tt4b_Pixel_Class::inject_view_content_event: hit ViewContent
2024-01-27T10:59:21+00:00 DEBUG Tt4b_Pixel_Class::inject_view_content_event: Missing option "access_token"
2024-01-27T10:59:23+00:00 DEBUG Tt4b_Pixel_Class::inject_view_content_event: hit ViewContent
2024-01-27T10:59:23+00:00 DEBUG Tt4b_Pixel_Class::inject_view_content_event: Missing option "access_token"
2024-01-27T10:59:24+00:00 DEBUG Tt4b_Pixel_Class::inject_view_content_event: hit ViewContent
2024-01-27T10:59:24+00:00 DEBUG Tt4b_Pixel_Class::inject_view_content_event: Missing option "access_token"
2024-01-27T10:59:25+00:00 DEBUG Tt4b_Pixel_Class::inject_add_to_cart_event: hit AddToCart
2024-01-27T10:59:25+00:00 DEBUG Tt4b_Pixel_Class::inject_add_to_cart_event: Missing option "access_token"
2024-01-27T10:59:26+00:00 DEBUG Tt4b_Pixel_Class::inject_view_content_event: hit ViewContent
2024-01-27T10:59:26+00:00 DEBUG Tt4b_Pixel_Class::inject_view_content_event: Missing option "access_token"
2024-01-27T10:59:29+00:00 DEBUG Tt4b_Pixel_Class::inject_view_content_event: hit ViewContent
2024-01-27T10:59:29+00:00 DEBUG Tt4b_Pixel_Class::inject_view_content_event: Missing option "access_token"
2024-01-27T10:59:30+00:00 DEBUG Tt4b_Pixel_Class::inject_add_to_cart_event: hit AddToCart
2024-01-27T10:59:30+00:00 DEBUG Tt4b_Pixel_Class::inject_add_to_cart_event: Missing option "access_token"
2024-01-27T10:59:31+00:00 DEBUG Tt4b_Pixel_Class::inject_view_content_event: hit ViewContent
2024-01-27T10:59:31+00:00 DEBUG Tt4b_Pixel_Class::inject_view_content_event: Missing option "access_token"
2024-01-27T10:59:32+00:00 DEBUG Tt4b_Pixel_Class::inject_add_to_cart_event: hit AddToCart
2024-01-27T10:59:32+00:00 DEBUG Tt4b_Pixel_Class::inject_add_to_cart_event: Missing option "access_token"
2024-01-27T10:59:33+00:00 DEBUG Tt4b_Pixel_Class::inject_view_content_event: hit ViewContent
2024-01-27T10:59:33+00:00 DEBUG Tt4b_Pixel_Class::inject_view_content_event: Missing option "access_token"
2024-01-27T10:59:35+00:00 DEBUG Tt4b_Pixel_Class::inject_view_content_event: hit ViewContent
2024-01-27T10:59:35+00:00 DEBUG Tt4b_Pixel_Class::inject_view_content_event: Missing option "access_token"
2024-01-27T10:59:37+00:00 DEBUG Tt4b_Pixel_Class::inject_view_content_event: hit ViewContent
2024-01-27T10:59:37+00:00 DEBUG Tt4b_Pixel_Class::inject_view_content_event: Missing option "access_token"
2024-01-27T10:59:38+00:00 DEBUG Tt4b_Pixel_Class::inject_view_content_event: hit ViewContent
2024-01-27T10:59:38+00:00 DEBUG Tt4b_Pixel_Class::inject_view_content_event: Missing option "access_token"
2024-01-27T10:59:39+00:00 DEBUG Tt4b_Pixel_Class::inject_add_to_cart_event: hit AddToCart
2024-01-27T10:59:39+00:00 DEBUG Tt4b_Pixel_Class::inject_add_to_cart_event: Missing option "access_token"
2024-01-27T10:59:40+00:00 DEBUG Tt4b_Pixel_Class::inject_view_content_event: hit ViewContent
2024-01-27T10:59:40+00:00 DEBUG Tt4b_Pixel_Class::inject_view_content_event: Missing option "access_token"
2024-01-27T10:59:42+00:00 DEBUG Tt4b_Pixel_Class::inject_view_content_event: hit ViewContent
2024-01-27T10:59:42+00:00 DEBUG Tt4b_Pixel_Class::inject_view_content_event: Missing option "access_token"
2024-01-27T10:59:43+00:00 DEBUG Tt4b_Pixel_Class::inject_view_content_event: hit ViewContent
2024-01-27T10:59:43+00:00 DEBUG Tt4b_Pixel_Class::inject_view_content_event: Missing option "access_token"
2024-01-27T10:59:45+00:00 DEBUG Tt4b_Pixel_Class::inject_view_content_event: hit ViewContent
2024-01-27T10:59:45+00:00 DEBUG Tt4b_Pixel_Class::inject_view_content_event: Missing option "access_token"
2024-01-27T11:00:03+00:00 DEBUG Tt4b_Pixel_Class::inject_view_content_event: hit ViewContent
2024-01-27T11:00:03+00:00 DEBUG Tt4b_Pixel_Class::inject_view_content_event: Missing option "access_token"
2024-01-27T11:00:04+00:00 DEBUG Tt4b_Pixel_Class::inject_add_to_cart_event: hit AddToCart
2024-01-27T11:00:04+00:00 DEBUG Tt4b_Pixel_Class::inject_add_to_cart_event: Missing option "access_token"
2024-01-27T11:00:06+00:00 DEBUG Tt4b_Pixel_Class::inject_add_to_cart_event: hit AddToCart
2024-01-27T11:00:06+00:00 DEBUG Tt4b_Pixel_Class::inject_add_to_cart_event: Missing option "access_token"
2024-01-27T11:00:09+00:00 DEBUG Tt4b_Pixel_Class::inject_add_to_cart_event: hit AddToCart
2024-01-27T11:00:09+00:00 DEBUG Tt4b_Pixel_Class::inject_add_to_cart_event: Missing option "access_token"
2024-01-27T11:00:11+00:00 DEBUG Tt4b_Pixel_Class::inject_view_content_event: hit ViewContent
2024-01-27T11:00:11+00:00 DEBUG Tt4b_Pixel_Class::inject_view_content_event: Missing option "access_token"
2024-01-27T11:00:14+00:00 DEBUG Tt4b_Pixel_Class::inject_add_to_cart_event: hit AddToCart
2024-01-27T11:00:14+00:00 DEBUG Tt4b_Pixel_Class::inject_add_to_cart_event: Missing option "access_token"
2024-01-27T11:00:25+00:00 DEBUG Tt4b_Pixel_Class::inject_view_content_event: hit ViewContent
2024-01-27T11:00:25+00:00 DEBUG Tt4b_Pixel_Class::inject_view_content_event: Missing option "access_token"
2024-01-27T11:00:32+00:00 DEBUG Tt4b_Pixel_Class::inject_add_to_cart_event: hit AddToCart
2024-01-27T11:00:32+00:00 DEBUG Tt4b_Pixel_Class::inject_add_to_cart_event: Missing option "access_token"
2024-01-27T11:00:34+00:00 DEBUG Tt4b_Pixel_Class::inject_add_to_cart_event: hit AddToCart
2024-01-27T11:00:34+00:00 DEBUG Tt4b_Pixel_Class::inject_add_to_cart_event: Missing option "access_token"
2024-01-27T11:00:36+00:00 DEBUG Tt4b_Pixel_Class::inject_add_to_cart_event: hit AddToCart
2024-01-27T11:00:36+00:00 DEBUG Tt4b_Pixel_Class::inject_add_to_cart_event: Missing option "access_token"
2024-01-27T11:00:36+00:00 DEBUG Tt4b_Pixel_Class::inject_view_content_event: hit ViewContent
2024-01-27T11:00:36+00:00 DEBUG Tt4b_Pixel_Class::inject_view_content_event: Missing option "access_token"
2024-01-27T11:00:43+00:00 DEBUG Tt4b_Pixel_Class::inject_add_to_cart_event: hit AddToCart
2024-01-27T11:00:43+00:00 DEBUG Tt4b_Pixel_Class::inject_add_to_cart_event: Missing option "access_token"
2024-01-27T11:00:48+00:00 DEBUG Tt4b_Pixel_Class::inject_view_content_event: hit ViewContent
2024-01-27T11:00:48+00:00 DEBUG Tt4b_Pixel_Class::inject_view_content_event: Missing option "access_token"
2024-01-27T11:01:04+00:00 DEBUG Tt4b_Pixel_Class::inject_add_to_cart_event: hit AddToCart
2024-01-27T11:01:04+00:00 DEBUG Tt4b_Pixel_Class::inject_add_to_cart_event: Missing option "access_token"
2024-01-27T11:01:06+00:00 DEBUG Tt4b_Pixel_Class::inject_add_to_cart_event: hit AddToCart
2024-01-27T11:01:06+00:00 DEBUG Tt4b_Pixel_Class::inject_add_to_cart_event: Missing option "access_token"
2024-01-27T11:01:11+00:00 DEBUG Tt4b_Pixel_Class::inject_view_content_event: hit ViewContent
2024-01-27T11:01:11+00:00 DEBUG Tt4b_Pixel_Class::inject_view_content_event: Missing option "access_token"
2024-01-27T11:01:12+00:00 DEBUG Tt4b_Pixel_Class::inject_add_to_cart_event: hit AddToCart
2024-01-27T11:01:12+00:00 DEBUG Tt4b_Pixel_Class::inject_add_to_cart_event: Missing option "access_token"
2024-01-27T11:01:32+00:00 DEBUG Tt4b_Pixel_Class::inject_add_to_cart_event: hit AddToCart
2024-01-27T11:01:32+00:00 DEBUG Tt4b_Pixel_Class::inject_add_to_cart_event: Missing option "access_token"
2024-01-27T11:01:36+00:00 DEBUG Tt4b_Pixel_Class::inject_add_to_cart_event: hit AddToCart
2024-01-27T11:01:36+00:00 DEBUG Tt4b_Pixel_Class::inject_add_to_cart_event: Missing option "access_token"
2024-01-27T11:01:41+00:00 DEBUG Tt4b_Pixel_Class::inject_view_content_event: hit ViewContent
2024-01-27T11:01:41+00:00 DEBUG Tt4b_Pixel_Class::inject_view_content_event: Missing option "access_token"
2024-01-27T11:01:44+00:00 DEBUG Tt4b_Pixel_Class::inject_add_to_cart_event: hit AddToCart
2024-01-27T11:01:44+00:00 DEBUG Tt4b_Pixel_Class::inject_add_to_cart_event: Missing option "access_token"
2024-01-27T11:02:01+00:00 DEBUG Tt4b_Pixel_Class::inject_add_to_cart_event: hit AddToCart
2024-01-27T11:02:01+00:00 DEBUG Tt4b_Pixel_Class::inject_add_to_cart_event: Missing option "access_token"
2024-01-27T11:02:05+00:00 DEBUG Tt4b_Pixel_Class::inject_add_to_cart_event: hit AddToCart
2024-01-27T11:02:05+00:00 DEBUG Tt4b_Pixel_Class::inject_add_to_cart_event: Missing option "access_token"
2024-01-27T11:02:12+00:00 DEBUG Tt4b_Pixel_Class::inject_view_content_event: hit ViewContent
2024-01-27T11:02:12+00:00 DEBUG Tt4b_Pixel_Class::inject_view_content_event: Missing option "access_token"
2024-01-27T11:02:13+00:00 DEBUG Tt4b_Pixel_Class::inject_add_to_cart_event: hit AddToCart
2024-01-27T11:02:13+00:00 DEBUG Tt4b_Pixel_Class::inject_add_to_cart_event: Missing option "access_token"
2024-01-27T11:02:35+00:00 DEBUG Tt4b_Pixel_Class::inject_add_to_cart_event: hit AddToCart
2024-01-27T11:02:35+00:00 DEBUG Tt4b_Pixel_Class::inject_add_to_cart_event: Missing option "access_token"
2024-01-27T11:02:41+00:00 DEBUG Tt4b_Pixel_Class::inject_add_to_cart_event: hit AddToCart
2024-01-27T11:02:41+00:00 DEBUG Tt4b_Pixel_Class::inject_add_to_cart_event: Missing option "access_token"
2024-01-27T11:02:43+00:00 DEBUG Tt4b_Pixel_Class::inject_view_content_event: hit ViewContent
2024-01-27T11:02:43+00:00 DEBUG Tt4b_Pixel_Class::inject_view_content_event: Missing option "access_token"
2024-01-27T11:02:45+00:00 DEBUG Tt4b_Pixel_Class::inject_add_to_cart_event: hit AddToCart
2024-01-27T11:02:45+00:00 DEBUG Tt4b_Pixel_Class::inject_add_to_cart_event: Missing option "access_token"
2024-01-27T11:02:47+00:00 DEBUG Tt4b_Pixel_Class::inject_add_to_cart_event: hit AddToCart
2024-01-27T11:02:47+00:00 DEBUG Tt4b_Pixel_Class::inject_add_to_cart_event: Missing option "access_token"
2024-01-27T11:02:49+00:00 DEBUG Tt4b_Pixel_Class::inject_add_to_cart_event: hit AddToCart
2024-01-27T11:02:49+00:00 DEBUG Tt4b_Pixel_Class::inject_add_to_cart_event: Missing option "access_token"
2024-01-27T11:02:51+00:00 DEBUG Tt4b_Pixel_Class::inject_add_to_cart_event: hit AddToCart
2024-01-27T11:02:51+00:00 DEBUG Tt4b_Pixel_Class::inject_add_to_cart_event: Missing option "access_token"
2024-01-27T11:03:07+00:00 DEBUG Tt4b_Pixel_Class::inject_add_to_cart_event: hit AddToCart
2024-01-27T11:03:07+00:00 DEBUG Tt4b_Pixel_Class::inject_add_to_cart_event: Missing option "access_token"
2024-01-27T11:03:11+00:00 DEBUG Tt4b_Pixel_Class::inject_add_to_cart_event: hit AddToCart
2024-01-27T11:03:11+00:00 DEBUG Tt4b_Pixel_Class::inject_add_to_cart_event: Missing option "access_token"
2024-01-27T11:03:19+00:00 DEBUG Tt4b_Pixel_Class::inject_view_content_event: hit ViewContent
2024-01-27T11:03:19+00:00 DEBUG Tt4b_Pixel_Class::inject_view_content_event: Missing option "access_token"
2024-01-27T11:03:23+00:00 DEBUG Tt4b_Pixel_Class::inject_add_to_cart_event: hit AddToCart
2024-01-27T11:03:23+00:00 DEBUG Tt4b_Pixel_Class::inject_add_to_cart_event: Missing option "access_token"
2024-01-27T11:03:40+00:00 DEBUG Tt4b_Pixel_Class::inject_add_to_cart_event: hit AddToCart
2024-01-27T11:03:40+00:00 DEBUG Tt4b_Pixel_Class::inject_add_to_cart_event: Missing option "access_token"
2024-01-27T11:03:42+00:00 DEBUG Tt4b_Pixel_Class::inject_add_to_cart_event: hit AddToCart
2024-01-27T11:03:42+00:00 DEBUG Tt4b_Pixel_Class::inject_add_to_cart_event: hit AddToCart
2024-01-27T11:03:42+00:00 DEBUG Tt4b_Pixel_Class::inject_add_to_cart_event: Missing option "access_token"
2024-01-27T11:03:42+00:00 DEBUG Tt4b_Pixel_Class::inject_add_to_cart_event: Missing option "access_token"
2024-01-27T11:03:44+00:00 DEBUG Tt4b_Pixel_Class::inject_add_to_cart_event: hit AddToCart
2024-01-27T11:03:44+00:00 DEBUG Tt4b_Pixel_Class::inject_add_to_cart_event: Missing option "access_token"
2024-01-27T11:03:44+00:00 DEBUG Tt4b_Pixel_Class::inject_add_to_cart_event: hit AddToCart
2024-01-27T11:03:44+00:00 DEBUG Tt4b_Pixel_Class::inject_add_to_cart_event: Missing option "access_token"
2024-01-27T11:03:46+00:00 DEBUG Tt4b_Pixel_Class::inject_add_to_cart_event: hit AddToCart
2024-01-27T11:03:46+00:00 DEBUG Tt4b_Pixel_Class::inject_add_to_cart_event: Missing option "access_token"
2024-01-27T11:03:46+00:00 DEBUG Tt4b_Pixel_Class::inject_add_to_cart_event: hit AddToCart
2024-01-27T11:03:46+00:00 DEBUG Tt4b_Pixel_Class::inject_add_to_cart_event: Missing option "access_token"
2024-01-27T11:03:49+00:00 DEBUG Tt4b_Pixel_Class::inject_add_to_cart_event: hit AddToCart
2024-01-27T11:03:49+00:00 DEBUG Tt4b_Pixel_Class::inject_add_to_cart_event: Missing option "access_token"
2024-01-27T11:03:50+00:00 DEBUG Tt4b_Pixel_Class::inject_add_to_cart_event: hit AddToCart
2024-01-27T11:03:50+00:00 DEBUG Tt4b_Pixel_Class::inject_add_to_cart_event: Missing option "access_token"
2024-01-27T11:03:53+00:00 DEBUG Tt4b_Pixel_Class::inject_view_content_event: hit ViewContent
2024-01-27T11:03:53+00:00 DEBUG Tt4b_Pixel_Class::inject_view_content_event: Missing option "access_token"
2024-01-27T11:04:22+00:00 DEBUG Tt4b_Pixel_Class::inject_add_to_cart_event: hit AddToCart
2024-01-27T11:04:22+00:00 DEBUG Tt4b_Pixel_Class::inject_add_to_cart_event: Missing option "access_token"
2024-01-27T11:04:24+00:00 DEBUG Tt4b_Pixel_Class::inject_view_content_event: hit ViewContent
2024-01-27T11:04:24+00:00 DEBUG Tt4b_Pixel_Class::inject_view_content_event: Missing option "access_token"
2024-01-27T11:04:27+00:00 DEBUG Tt4b_Pixel_Class::inject_view_content_event: hit ViewContent
2024-01-27T11:04:27+00:00 DEBUG Tt4b_Pixel_Class::inject_view_content_event: Missing option "access_token"
2024-01-27T11:04:27+00:00 DEBUG Tt4b_Pixel_Class::inject_add_to_cart_event: hit AddToCart
2024-01-27T11:04:27+00:00 DEBUG Tt4b_Pixel_Class::inject_add_to_cart_event: Missing option "access_token"
2024-01-27T11:04:31+00:00 DEBUG Tt4b_Pixel_Class::inject_view_content_event: hit ViewContent
2024-01-27T11:04:31+00:00 DEBUG Tt4b_Pixel_Class::inject_view_content_event: Missing option "access_token"
2024-01-27T11:04:34+00:00 DEBUG Tt4b_Pixel_Class::inject_view_content_event: hit ViewContent
2024-01-27T11:04:34+00:00 DEBUG Tt4b_Pixel_Class::inject_view_content_event: Missing option "access_token"
2024-01-27T11:04:41+00:00 DEBUG Tt4b_Pixel_Class::inject_add_to_cart_event: hit AddToCart
2024-01-27T11:04:41+00:00 DEBUG Tt4b_Pixel_Class::inject_add_to_cart_event: Missing option "access_token"
2024-01-27T11:04:44+00:00 DEBUG Tt4b_Pixel_Class::inject_add_to_cart_event: hit AddToCart
2024-01-27T11:04:44+00:00 DEBUG Tt4b_Pixel_Class::inject_add_to_cart_event: Missing option "access_token"
2024-01-27T11:04:52+00:00 DEBUG Tt4b_Pixel_Class::inject_add_to_cart_event: hit AddToCart
2024-01-27T11:04:52+00:00 DEBUG Tt4b_Pixel_Class::inject_add_to_cart_event: Missing option "access_token"
2024-01-27T11:04:56+00:00 DEBUG Tt4b_Pixel_Class::inject_add_to_cart_event: hit AddToCart
2024-01-27T11:04:56+00:00 DEBUG Tt4b_Pixel_Class::inject_add_to_cart_event: Missing option "access_token"
2024-01-27T11:04:58+00:00 DEBUG Tt4b_Pixel_Class::inject_add_to_cart_event: hit AddToCart
2024-01-27T11:04:58+00:00 DEBUG Tt4b_Pixel_Class::inject_add_to_cart_event: Missing option "access_token"
2024-01-27T11:05:00+00:00 DEBUG Tt4b_Pixel_Class::inject_add_to_cart_event: hit AddToCart
2024-01-27T11:05:00+00:00 DEBUG Tt4b_Pixel_Class::inject_add_to_cart_event: Missing option "access_token"
2024-01-27T11:05:03+00:00 DEBUG Tt4b_Pixel_Class::inject_add_to_cart_event: hit AddToCart
2024-01-27T11:05:03+00:00 DEBUG Tt4b_Pixel_Class::inject_add_to_cart_event: Missing option "access_token"
2024-01-27T11:05:03+00:00 DEBUG Tt4b_Pixel_Class::inject_add_to_cart_event: hit AddToCart
2024-01-27T11:05:03+00:00 DEBUG Tt4b_Pixel_Class::inject_add_to_cart_event: Missing option "access_token"
2024-01-27T11:05:05+00:00 DEBUG Tt4b_Pixel_Class::inject_view_content_event: hit ViewContent
2024-01-27T11:05:05+00:00 DEBUG Tt4b_Pixel_Class::inject_view_content_event: Missing option "access_token"
2024-01-27T11:05:06+00:00 DEBUG Tt4b_Pixel_Class::inject_add_to_cart_event: hit AddToCart
2024-01-27T11:05:06+00:00 DEBUG Tt4b_Pixel_Class::inject_add_to_cart_event: Missing option "access_token"
2024-01-27T11:05:08+00:00 DEBUG Tt4b_Pixel_Class::inject_add_to_cart_event: hit AddToCart
2024-01-27T11:05:08+00:00 DEBUG Tt4b_Pixel_Class::inject_add_to_cart_event: Missing option "access_token"
2024-01-27T11:05:16+00:00 DEBUG Tt4b_Pixel_Class::inject_add_to_cart_event: hit AddToCart
2024-01-27T11:05:16+00:00 DEBUG Tt4b_Pixel_Class::inject_add_to_cart_event: Missing option "access_token"
2024-01-27T11:05:19+00:00 DEBUG Tt4b_Pixel_Class::inject_add_to_cart_event: hit AddToCart
2024-01-27T11:05:19+00:00 DEBUG Tt4b_Pixel_Class::inject_add_to_cart_event: Missing option "access_token"
2024-01-27T11:05:21+00:00 DEBUG Tt4b_Pixel_Class::inject_add_to_cart_event: hit AddToCart
2024-01-27T11:05:21+00:00 DEBUG Tt4b_Pixel_Class::inject_add_to_cart_event: Missing option "access_token"
2024-01-27T11:05:23+00:00 DEBUG Tt4b_Pixel_Class::inject_add_to_cart_event: hit AddToCart
2024-01-27T11:05:23+00:00 DEBUG Tt4b_Pixel_Class::inject_add_to_cart_event: Missing option "access_token"
2024-01-27T11:05:25+00:00 DEBUG Tt4b_Pixel_Class::inject_add_to_cart_event: hit AddToCart
2024-01-27T11:05:25+00:00 DEBUG Tt4b_Pixel_Class::inject_add_to_cart_event: Missing option "access_token"
2024-01-27T11:05:27+00:00 DEBUG Tt4b_Pixel_Class::inject_add_to_cart_event: hit AddToCart
2024-01-27T11:05:27+00:00 DEBUG Tt4b_Pixel_Class::inject_add_to_cart_event: Missing option "access_token"
2024-01-27T11:05:28+00:00 DEBUG Tt4b_Pixel_Class::inject_add_to_cart_event: hit AddToCart
2024-01-27T11:05:28+00:00 DEBUG Tt4b_Pixel_Class::inject_add_to_cart_event: Missing option "access_token"
2024-01-27T11:05:29+00:00 DEBUG Tt4b_Pixel_Class::inject_add_to_cart_event: hit AddToCart
2024-01-27T11:05:29+00:00 DEBUG Tt4b_Pixel_Class::inject_add_to_cart_event: Missing option "access_token"
2024-01-27T11:05:31+00:00 DEBUG Tt4b_Pixel_Class::inject_add_to_cart_event: hit AddToCart
2024-01-27T11:05:31+00:00 DEBUG Tt4b_Pixel_Class::inject_add_to_cart_event: Missing option "access_token"
2024-01-27T11:05:33+00:00 DEBUG Tt4b_Pixel_Class::inject_add_to_cart_event: hit AddToCart
2024-01-27T11:05:33+00:00 DEBUG Tt4b_Pixel_Class::inject_add_to_cart_event: Missing option "access_token"
2024-01-27T11:05:35+00:00 DEBUG Tt4b_Pixel_Class::inject_add_to_cart_event: hit AddToCart
2024-01-27T11:05:35+00:00 DEBUG Tt4b_Pixel_Class::inject_add_to_cart_event: Missing option "access_token"
2024-01-27T11:05:37+00:00 DEBUG Tt4b_Pixel_Class::inject_add_to_cart_event: hit AddToCart
2024-01-27T11:05:37+00:00 DEBUG Tt4b_Pixel_Class::inject_add_to_cart_event: Missing option "access_token"
2024-01-27T11:05:39+00:00 DEBUG Tt4b_Pixel_Class::inject_view_content_event: hit ViewContent
2024-01-27T11:05:39+00:00 DEBUG Tt4b_Pixel_Class::inject_view_content_event: Missing option "access_token"
2024-01-27T11:05:39+00:00 DEBUG Tt4b_Pixel_Class::inject_add_to_cart_event: hit AddToCart
2024-01-27T11:05:39+00:00 DEBUG Tt4b_Pixel_Class::inject_add_to_cart_event: Missing option "access_token"
2024-01-27T11:05:42+00:00 DEBUG Tt4b_Pixel_Class::inject_view_content_event: hit ViewContent
2024-01-27T11:05:42+00:00 DEBUG Tt4b_Pixel_Class::inject_view_content_event: Missing option "access_token"
2024-01-27T11:05:45+00:00 DEBUG Tt4b_Pixel_Class::inject_view_content_event: hit ViewContent
2024-01-27T11:05:45+00:00 DEBUG Tt4b_Pixel_Class::inject_view_content_event: Missing option "access_token"
2024-01-27T11:05:48+00:00 DEBUG Tt4b_Pixel_Class::inject_view_content_event: hit ViewContent
2024-01-27T11:05:48+00:00 DEBUG Tt4b_Pixel_Class::inject_view_content_event: Missing option "access_token"
2024-01-27T11:05:50+00:00 DEBUG Tt4b_Pixel_Class::inject_view_content_event: hit ViewContent
2024-01-27T11:05:50+00:00 DEBUG Tt4b_Pixel_Class::inject_view_content_event: Missing option "access_token"
2024-01-27T11:05:53+00:00 DEBUG Tt4b_Pixel_Class::inject_view_content_event: hit ViewContent
2024-01-27T11:05:53+00:00 DEBUG Tt4b_Pixel_Class::inject_view_content_event: Missing option "access_token"
2024-01-27T11:05:56+00:00 DEBUG Tt4b_Pixel_Class::inject_view_content_event: hit ViewContent
2024-01-27T11:05:56+00:00 DEBUG Tt4b_Pixel_Class::inject_view_content_event: Missing option "access_token"
2024-01-27T11:06:01+00:00 DEBUG Tt4b_Pixel_Class::inject_add_to_cart_event: hit AddToCart
2024-01-27T11:06:01+00:00 DEBUG Tt4b_Pixel_Class::inject_add_to_cart_event: Missing option "access_token"
2024-01-27T11:06:01+00:00 DEBUG Tt4b_Pixel_Class::inject_view_content_event: hit ViewContent
2024-01-27T11:06:01+00:00 DEBUG Tt4b_Pixel_Class::inject_view_content_event: Missing option "access_token"
2024-01-27T11:06:02+00:00 DEBUG Tt4b_Pixel_Class::inject_add_to_cart_event: hit AddToCart
2024-01-27T11:06:02+00:00 DEBUG Tt4b_Pixel_Class::inject_add_to_cart_event: Missing option "access_token"
2024-01-27T11:06:03+00:00 DEBUG Tt4b_Pixel_Class::inject_view_content_event: hit ViewContent
2024-01-27T11:06:03+00:00 DEBUG Tt4b_Pixel_Class::inject_view_content_event: Missing option "access_token"
2024-01-27T11:06:05+00:00 DEBUG Tt4b_Pixel_Class::inject_view_content_event: hit ViewContent
2024-01-27T11:06:05+00:00 DEBUG Tt4b_Pixel_Class::inject_view_content_event: Missing option "access_token"
2024-01-27T11:06:09+00:00 DEBUG Tt4b_Pixel_Class::inject_view_content_event: hit ViewContent
2024-01-27T11:06:09+00:00 DEBUG Tt4b_Pixel_Class::inject_view_content_event: Missing option "access_token"
2024-01-27T11:06:11+00:00 DEBUG Tt4b_Pixel_Class::inject_view_content_event: hit ViewContent
2024-01-27T11:06:11+00:00 DEBUG Tt4b_Pixel_Class::inject_view_content_event: Missing option "access_token"
2024-01-27T11:06:12+00:00 DEBUG Tt4b_Pixel_Class::inject_add_to_cart_event: hit AddToCart
2024-01-27T11:06:12+00:00 DEBUG Tt4b_Pixel_Class::inject_add_to_cart_event: Missing option "access_token"
2024-01-27T11:06:13+00:00 DEBUG Tt4b_Pixel_Class::inject_view_content_event: hit ViewContent
2024-01-27T11:06:13+00:00 DEBUG Tt4b_Pixel_Class::inject_view_content_event: Missing option "access_token"
2024-01-27T11:06:17+00:00 DEBUG Tt4b_Pixel_Class::inject_view_content_event: hit ViewContent
2024-01-27T11:06:17+00:00 DEBUG Tt4b_Pixel_Class::inject_view_content_event: Missing option "access_token"
2024-01-27T11:06:17+00:00 DEBUG Tt4b_Pixel_Class::inject_add_to_cart_event: hit AddToCart
2024-01-27T11:06:17+00:00 DEBUG Tt4b_Pixel_Class::inject_add_to_cart_event: Missing option "access_token"
2024-01-27T11:06:32+00:00 DEBUG Tt4b_Pixel_Class::inject_add_to_cart_event: hit AddToCart
2024-01-27T11:06:32+00:00 DEBUG Tt4b_Pixel_Class::inject_add_to_cart_event: Missing option "access_token"
2024-01-27T11:06:34+00:00 DEBUG Tt4b_Pixel_Class::inject_add_to_cart_event: hit AddToCart
2024-01-27T11:06:34+00:00 DEBUG Tt4b_Pixel_Class::inject_add_to_cart_event: Missing option "access_token"
2024-01-27T11:06:44+00:00 DEBUG Tt4b_Pixel_Class::inject_add_to_cart_event: hit AddToCart
2024-01-27T11:06:44+00:00 DEBUG Tt4b_Pixel_Class::inject_add_to_cart_event: Missing option "access_token"
2024-01-27T11:06:45+00:00 DEBUG Tt4b_Pixel_Class::inject_view_content_event: hit ViewContent
2024-01-27T11:06:45+00:00 DEBUG Tt4b_Pixel_Class::inject_view_content_event: Missing option "access_token"
2024-01-27T11:06:47+00:00 DEBUG Tt4b_Pixel_Class::inject_add_to_cart_event: hit AddToCart
2024-01-27T11:06:47+00:00 DEBUG Tt4b_Pixel_Class::inject_add_to_cart_event: Missing option "access_token"
2024-01-27T11:06:48+00:00 DEBUG Tt4b_Pixel_Class::inject_add_to_cart_event: hit AddToCart
2024-01-27T11:06:48+00:00 DEBUG Tt4b_Pixel_Class::inject_add_to_cart_event: Missing option "access_token"
2024-01-27T11:06:53+00:00 DEBUG Tt4b_Pixel_Class::inject_add_to_cart_event: hit AddToCart
2024-01-27T11:06:53+00:00 DEBUG Tt4b_Pixel_Class::inject_add_to_cart_event: Missing option "access_token"
2024-01-27T11:07:04+00:00 DEBUG Tt4b_Pixel_Class::inject_add_to_cart_event: hit AddToCart
2024-01-27T11:07:04+00:00 DEBUG Tt4b_Pixel_Class::inject_add_to_cart_event: Missing option "access_token"
2024-01-27T11:07:06+00:00 DEBUG Tt4b_Pixel_Class::inject_add_to_cart_event: hit AddToCart
2024-01-27T11:07:06+00:00 DEBUG Tt4b_Pixel_Class::inject_add_to_cart_event: Missing option "access_token"
2024-01-27T11:07:08+00:00 DEBUG Tt4b_Pixel_Class::inject_add_to_cart_event: hit AddToCart
2024-01-27T11:07:08+00:00 DEBUG Tt4b_Pixel_Class::inject_add_to_cart_event: Missing option "access_token"
2024-01-27T11:07:10+00:00 DEBUG Tt4b_Pixel_Class::inject_add_to_cart_event: hit AddToCart
2024-01-27T11:07:10+00:00 DEBUG Tt4b_Pixel_Class::inject_add_to_cart_event: Missing option "access_token"
2024-01-27T11:07:12+00:00 DEBUG Tt4b_Pixel_Class::inject_add_to_cart_event: hit AddToCart
2024-01-27T11:07:12+00:00 DEBUG Tt4b_Pixel_Class::inject_add_to_cart_event: Missing option "access_token"
2024-01-27T11:07:13+00:00 DEBUG Tt4b_Pixel_Class::inject_add_to_cart_event: hit AddToCart
2024-01-27T11:07:13+00:00 DEBUG Tt4b_Pixel_Class::inject_add_to_cart_event: Missing option "access_token"
2024-01-27T11:07:15+00:00 DEBUG Tt4b_Pixel_Class::inject_view_content_event: hit ViewContent
2024-01-27T11:07:15+00:00 DEBUG Tt4b_Pixel_Class::inject_view_content_event: Missing option "access_token"
2024-01-27T11:07:15+00:00 DEBUG Tt4b_Pixel_Class::inject_add_to_cart_event: hit AddToCart
2024-01-27T11:07:15+00:00 DEBUG Tt4b_Pixel_Class::inject_add_to_cart_event: Missing option "access_token"
2024-01-27T11:07:17+00:00 DEBUG Tt4b_Pixel_Class::inject_add_to_cart_event: hit AddToCart
2024-01-27T11:07:17+00:00 DEBUG Tt4b_Pixel_Class::inject_add_to_cart_event: Missing option "access_token"
2024-01-27T11:07:18+00:00 DEBUG Tt4b_Pixel_Class::inject_add_to_cart_event: hit AddToCart
2024-01-27T11:07:18+00:00 DEBUG Tt4b_Pixel_Class::inject_add_to_cart_event: Missing option "access_token"
2024-01-27T11:07:21+00:00 DEBUG Tt4b_Pixel_Class::inject_add_to_cart_event: hit AddToCart
2024-01-27T11:07:21+00:00 DEBUG Tt4b_Pixel_Class::inject_add_to_cart_event: Missing option "access_token"
2024-01-27T11:07:24+00:00 DEBUG Tt4b_Pixel_Class::inject_add_to_cart_event: hit AddToCart
2024-01-27T11:07:24+00:00 DEBUG Tt4b_Pixel_Class::inject_add_to_cart_event: Missing option "access_token"
2024-01-27T11:07:35+00:00 DEBUG Tt4b_Pixel_Class::inject_add_to_cart_event: hit AddToCart
2024-01-27T11:07:35+00:00 DEBUG Tt4b_Pixel_Class::inject_add_to_cart_event: Missing option "access_token"
2024-01-27T11:07:45+00:00 DEBUG Tt4b_Pixel_Class::inject_view_content_event: hit ViewContent
2024-01-27T11:07:45+00:00 DEBUG Tt4b_Pixel_Class::inject_view_content_event: Missing option "access_token"
2024-01-27T11:07:47+00:00 DEBUG Tt4b_Pixel_Class::inject_add_to_cart_event: hit AddToCart
2024-01-27T11:07:47+00:00 DEBUG Tt4b_Pixel_Class::inject_add_to_cart_event: Missing option "access_token"
2024-01-27T11:07:48+00:00 DEBUG Tt4b_Pixel_Class::inject_add_to_cart_event: hit AddToCart
2024-01-27T11:07:48+00:00 DEBUG Tt4b_Pixel_Class::inject_add_to_cart_event: Missing option "access_token"
2024-01-27T11:07:49+00:00 DEBUG Tt4b_Pixel_Class::inject_add_to_cart_event: hit AddToCart
2024-01-27T11:07:49+00:00 DEBUG Tt4b_Pixel_Class::inject_add_to_cart_event: Missing option "access_token"
2024-01-27T11:07:55+00:00 DEBUG Tt4b_Pixel_Class::inject_add_to_cart_event: hit AddToCart
2024-01-27T11:07:55+00:00 DEBUG Tt4b_Pixel_Class::inject_add_to_cart_event: Missing option "access_token"
2024-01-27T11:08:03+00:00 DEBUG Tt4b_Pixel_Class::inject_add_to_cart_event: hit AddToCart
2024-01-27T11:08:03+00:00 DEBUG Tt4b_Pixel_Class::inject_add_to_cart_event: Missing option "access_token"
2024-01-27T11:08:10+00:00 DEBUG Tt4b_Pixel_Class::inject_add_to_cart_event: hit AddToCart
2024-01-27T11:08:10+00:00 DEBUG Tt4b_Pixel_Class::inject_add_to_cart_event: Missing option "access_token"
2024-01-27T11:08:15+00:00 DEBUG Tt4b_Pixel_Class::inject_view_content_event: hit ViewContent
2024-01-27T11:08:15+00:00 DEBUG Tt4b_Pixel_Class::inject_view_content_event: Missing option "access_token"
2024-01-27T11:08:17+00:00 DEBUG Tt4b_Pixel_Class::inject_add_to_cart_event: hit AddToCart
2024-01-27T11:08:17+00:00 DEBUG Tt4b_Pixel_Class::inject_add_to_cart_event: Missing option "access_token"
2024-01-27T11:08:19+00:00 DEBUG Tt4b_Pixel_Class::inject_add_to_cart_event: hit AddToCart
2024-01-27T11:08:19+00:00 DEBUG Tt4b_Pixel_Class::inject_add_to_cart_event: Missing option "access_token"
2024-01-27T11:08:22+00:00 DEBUG Tt4b_Pixel_Class::inject_add_to_cart_event: hit AddToCart
2024-01-27T11:08:22+00:00 DEBUG Tt4b_Pixel_Class::inject_add_to_cart_event: Missing option "access_token"
2024-01-27T11:08:28+00:00 DEBUG Tt4b_Pixel_Class::inject_add_to_cart_event: hit AddToCart
2024-01-27T11:08:28+00:00 DEBUG Tt4b_Pixel_Class::inject_add_to_cart_event: Missing option "access_token"
2024-01-27T11:08:31+00:00 DEBUG Tt4b_Pixel_Class::inject_add_to_cart_event: hit AddToCart
2024-01-27T11:08:31+00:00 DEBUG Tt4b_Pixel_Class::inject_add_to_cart_event: Missing option "access_token"
2024-01-27T11:08:40+00:00 DEBUG Tt4b_Pixel_Class::inject_add_to_cart_event: hit AddToCart
2024-01-27T11:08:40+00:00 DEBUG Tt4b_Pixel_Class::inject_add_to_cart_event: Missing option "access_token"
2024-01-27T11:08:44+00:00 DEBUG Tt4b_Pixel_Class::inject_view_content_event: hit ViewContent
2024-01-27T11:08:44+00:00 DEBUG Tt4b_Pixel_Class::inject_view_content_event: Missing option "access_token"
2024-01-27T11:08:46+00:00 DEBUG Tt4b_Pixel_Class::inject_add_to_cart_event: hit AddToCart
2024-01-27T11:08:46+00:00 DEBUG Tt4b_Pixel_Class::inject_add_to_cart_event: Missing option "access_token"
2024-01-27T11:08:50+00:00 DEBUG Tt4b_Pixel_Class::inject_add_to_cart_event: hit AddToCart
2024-01-27T11:08:50+00:00 DEBUG Tt4b_Pixel_Class::inject_add_to_cart_event: Missing option "access_token"
2024-01-27T11:08:54+00:00 DEBUG Tt4b_Pixel_Class::inject_add_to_cart_event: hit AddToCart
2024-01-27T11:08:54+00:00 DEBUG Tt4b_Pixel_Class::inject_add_to_cart_event: Missing option "access_token"
2024-01-27T11:08:59+00:00 DEBUG Tt4b_Pixel_Class::inject_add_to_cart_event: hit AddToCart
2024-01-27T11:08:59+00:00 DEBUG Tt4b_Pixel_Class::inject_add_to_cart_event: Missing option "access_token"
2024-01-27T11:09:00+00:00 DEBUG Tt4b_Pixel_Class::inject_add_to_cart_event: hit AddToCart
2024-01-27T11:09:00+00:00 DEBUG Tt4b_Pixel_Class::inject_add_to_cart_event: Missing option "access_token"
2024-01-27T11:09:15+00:00 DEBUG Tt4b_Pixel_Class::inject_add_to_cart_event: hit AddToCart
2024-01-27T11:09:15+00:00 DEBUG Tt4b_Pixel_Class::inject_add_to_cart_event: Missing option "access_token"
2024-01-27T11:09:17+00:00 DEBUG Tt4b_Pixel_Class::inject_view_content_event: hit ViewContent
2024-01-27T11:09:17+00:00 DEBUG Tt4b_Pixel_Class::inject_view_content_event: Missing option "access_token"
2024-01-27T11:09:19+00:00 DEBUG Tt4b_Pixel_Class::inject_add_to_cart_event: hit AddToCart
2024-01-27T11:09:19+00:00 DEBUG Tt4b_Pixel_Class::inject_add_to_cart_event: Missing option "access_token"
2024-01-27T11:09:23+00:00 DEBUG Tt4b_Pixel_Class::inject_add_to_cart_event: hit AddToCart
2024-01-27T11:09:23+00:00 DEBUG Tt4b_Pixel_Class::inject_add_to_cart_event: Missing option "access_token"
2024-01-27T11:09:23+00:00 DEBUG Tt4b_Pixel_Class::inject_add_to_cart_event: hit AddToCart
2024-01-27T11:09:23+00:00 DEBUG Tt4b_Pixel_Class::inject_add_to_cart_event: Missing option "access_token"
2024-01-27T11:09:30+00:00 DEBUG Tt4b_Pixel_Class::inject_add_to_cart_event: hit AddToCart
2024-01-27T11:09:30+00:00 DEBUG Tt4b_Pixel_Class::inject_add_to_cart_event: Missing option "access_token"
2024-01-27T11:09:32+00:00 DEBUG Tt4b_Pixel_Class::inject_add_to_cart_event: hit AddToCart
2024-01-27T11:09:32+00:00 DEBUG Tt4b_Pixel_Class::inject_add_to_cart_event: Missing option "access_token"
2024-01-27T11:09:43+00:00 DEBUG Tt4b_Pixel_Class::inject_add_to_cart_event: hit AddToCart
2024-01-27T11:09:43+00:00 DEBUG Tt4b_Pixel_Class::inject_add_to_cart_event: Missing option "access_token"
2024-01-27T11:09:46+00:00 DEBUG Tt4b_Pixel_Class::inject_view_content_event: hit ViewContent
2024-01-27T11:09:46+00:00 DEBUG Tt4b_Pixel_Class::inject_view_content_event: Missing option "access_token"
2024-01-27T11:09:48+00:00 DEBUG Tt4b_Pixel_Class::inject_add_to_cart_event: hit AddToCart
2024-01-27T11:09:48+00:00 DEBUG Tt4b_Pixel_Class::inject_add_to_cart_event: Missing option "access_token"
2024-01-27T11:09:51+00:00 DEBUG Tt4b_Pixel_Class::inject_add_to_cart_event: hit AddToCart
2024-01-27T11:09:51+00:00 DEBUG Tt4b_Pixel_Class::inject_add_to_cart_event: Missing option "access_token"
2024-01-27T11:09:52+00:00 DEBUG Tt4b_Pixel_Class::inject_add_to_cart_event: hit AddToCart
2024-01-27T11:09:52+00:00 DEBUG Tt4b_Pixel_Class::inject_add_to_cart_event: Missing option "access_token"
2024-01-27T11:09:59+00:00 DEBUG Tt4b_Pixel_Class::inject_add_to_cart_event: hit AddToCart
2024-01-27T11:09:59+00:00 DEBUG Tt4b_Pixel_Class::inject_add_to_cart_event: Missing option "access_token"
2024-01-27T11:10:07+00:00 DEBUG Tt4b_Pixel_Class::inject_add_to_cart_event: hit AddToCart
2024-01-27T11:10:07+00:00 DEBUG Tt4b_Pixel_Class::inject_add_to_cart_event: Missing option "access_token"
2024-01-27T11:10:15+00:00 DEBUG Tt4b_Pixel_Class::inject_add_to_cart_event: hit AddToCart
2024-01-27T11:10:15+00:00 DEBUG Tt4b_Pixel_Class::inject_add_to_cart_event: Missing option "access_token"
2024-01-27T11:10:17+00:00 DEBUG Tt4b_Pixel_Class::inject_view_content_event: hit ViewContent
2024-01-27T11:10:17+00:00 DEBUG Tt4b_Pixel_Class::inject_view_content_event: Missing option "access_token"
2024-01-27T11:10:20+00:00 DEBUG Tt4b_Pixel_Class::inject_add_to_cart_event: hit AddToCart
2024-01-27T11:10:20+00:00 DEBUG Tt4b_Pixel_Class::inject_add_to_cart_event: Missing option "access_token"
2024-01-27T11:10:24+00:00 DEBUG Tt4b_Pixel_Class::inject_add_to_cart_event: hit AddToCart
2024-01-27T11:10:24+00:00 DEBUG Tt4b_Pixel_Class::inject_add_to_cart_event: Missing option "access_token"
2024-01-27T11:10:26+00:00 DEBUG Tt4b_Pixel_Class::inject_add_to_cart_event: hit AddToCart
2024-01-27T11:10:26+00:00 DEBUG Tt4b_Pixel_Class::inject_add_to_cart_event: Missing option "access_token"
2024-01-27T11:10:36+00:00 DEBUG Tt4b_Pixel_Class::inject_add_to_cart_event: hit AddToCart
2024-01-27T11:10:36+00:00 DEBUG Tt4b_Pixel_Class::inject_add_to_cart_event: Missing option "access_token"
2024-01-27T11:10:40+00:00 DEBUG Tt4b_Pixel_Class::inject_add_to_cart_event: hit AddToCart
2024-01-27T11:10:40+00:00 DEBUG Tt4b_Pixel_Class::inject_add_to_cart_event: Missing option "access_token"
2024-01-27T11:10:42+00:00 DEBUG Tt4b_Pixel_Class::inject_add_to_cart_event: hit AddToCart
2024-01-27T11:10:42+00:00 DEBUG Tt4b_Pixel_Class::inject_add_to_cart_event: Missing option "access_token"
2024-01-27T11:10:44+00:00 DEBUG Tt4b_Pixel_Class::inject_add_to_cart_event: hit AddToCart
2024-01-27T11:10:44+00:00 DEBUG Tt4b_Pixel_Class::inject_add_to_cart_event: Missing option "access_token"
2024-01-27T11:10:46+00:00 DEBUG Tt4b_Pixel_Class::inject_add_to_cart_event: hit AddToCart
2024-01-27T11:10:46+00:00 DEBUG Tt4b_Pixel_Class::inject_add_to_cart_event: Missing option "access_token"
2024-01-27T11:10:48+00:00 DEBUG Tt4b_Pixel_Class::inject_add_to_cart_event: hit AddToCart
2024-01-27T11:10:48+00:00 DEBUG Tt4b_Pixel_Class::inject_add_to_cart_event: Missing option "access_token"
2024-01-27T11:10:50+00:00 DEBUG Tt4b_Pixel_Class::inject_view_content_event: hit ViewContent
2024-01-27T11:10:50+00:00 DEBUG Tt4b_Pixel_Class::inject_view_content_event: Missing option "access_token"
2024-01-27T11:10:52+00:00 DEBUG Tt4b_Pixel_Class::inject_add_to_cart_event: hit AddToCart
2024-01-27T11:10:52+00:00 DEBUG Tt4b_Pixel_Class::inject_add_to_cart_event: Missing option "access_token"
2024-01-27T11:10:54+00:00 DEBUG Tt4b_Pixel_Class::inject_add_to_cart_event: hit AddToCart
2024-01-27T11:10:54+00:00 DEBUG Tt4b_Pixel_Class::inject_add_to_cart_event: Missing option "access_token"
2024-01-27T11:10:56+00:00 DEBUG Tt4b_Pixel_Class::inject_add_to_cart_event: hit AddToCart
2024-01-27T11:10:56+00:00 DEBUG Tt4b_Pixel_Class::inject_add_to_cart_event: Missing option "access_token"
2024-01-27T11:10:57+00:00 DEBUG Tt4b_Pixel_Class::inject_add_to_cart_event: hit AddToCart
2024-01-27T11:10:57+00:00 DEBUG Tt4b_Pixel_Class::inject_add_to_cart_event: Missing option "access_token"
2024-01-27T11:10:58+00:00 DEBUG Tt4b_Pixel_Class::inject_add_to_cart_event: hit AddToCart
2024-01-27T11:10:58+00:00 DEBUG Tt4b_Pixel_Class::inject_add_to_cart_event: Missing option "access_token"
2024-01-27T11:11:01+00:00 DEBUG Tt4b_Pixel_Class::inject_add_to_cart_event: hit AddToCart
2024-01-27T11:11:01+00:00 DEBUG Tt4b_Pixel_Class::inject_add_to_cart_event: Missing option "access_token"
2024-01-27T11:11:11+00:00 DEBUG Tt4b_Pixel_Class::inject_add_to_cart_event: hit AddToCart
2024-01-27T11:11:11+00:00 DEBUG Tt4b_Pixel_Class::inject_add_to_cart_event: Missing option "access_token"
2024-01-27T11:11:13+00:00 DEBUG Tt4b_Pixel_Class::inject_add_to_cart_event: hit AddToCart
2024-01-27T11:11:13+00:00 DEBUG Tt4b_Pixel_Class::inject_add_to_cart_event: Missing option "access_token"
2024-01-27T11:11:18+00:00 DEBUG Tt4b_Pixel_Class::inject_view_content_event: hit ViewContent
2024-01-27T11:11:18+00:00 DEBUG Tt4b_Pixel_Class::inject_view_content_event: Missing option "access_token"
2024-01-27T11:11:20+00:00 DEBUG Tt4b_Pixel_Class::inject_add_to_cart_event: hit AddToCart
2024-01-27T11:11:20+00:00 DEBUG Tt4b_Pixel_Class::inject_add_to_cart_event: Missing option "access_token"
2024-01-27T11:11:23+00:00 DEBUG Tt4b_Pixel_Class::inject_add_to_cart_event: hit AddToCart
2024-01-27T11:11:23+00:00 DEBUG Tt4b_Pixel_Class::inject_add_to_cart_event: Missing option "access_token"
2024-01-27T11:11:27+00:00 DEBUG Tt4b_Pixel_Class::inject_add_to_cart_event: hit AddToCart
2024-01-27T11:11:27+00:00 DEBUG Tt4b_Pixel_Class::inject_add_to_cart_event: Missing option "access_token"
2024-01-27T11:11:31+00:00 DEBUG Tt4b_Pixel_Class::inject_add_to_cart_event: hit AddToCart
2024-01-27T11:11:31+00:00 DEBUG Tt4b_Pixel_Class::inject_add_to_cart_event: Missing option "access_token"
2024-01-27T11:11:42+00:00 DEBUG Tt4b_Pixel_Class::inject_add_to_cart_event: hit AddToCart
2024-01-27T11:11:42+00:00 DEBUG Tt4b_Pixel_Class::inject_add_to_cart_event: Missing option "access_token"
2024-01-27T11:11:45+00:00 DEBUG Tt4b_Pixel_Class::inject_add_to_cart_event: hit AddToCart
2024-01-27T11:11:45+00:00 DEBUG Tt4b_Pixel_Class::inject_add_to_cart_event: Missing option "access_token"
2024-01-27T11:11:48+00:00 DEBUG Tt4b_Pixel_Class::inject_add_to_cart_event: hit AddToCart
2024-01-27T11:11:48+00:00 DEBUG Tt4b_Pixel_Class::inject_add_to_cart_event: Missing option "access_token"
2024-01-27T11:11:49+00:00 DEBUG Tt4b_Pixel_Class::inject_view_content_event: hit ViewContent
2024-01-27T11:11:49+00:00 DEBUG Tt4b_Pixel_Class::inject_view_content_event: Missing option "access_token"
2024-01-27T11:11:50+00:00 DEBUG Tt4b_Pixel_Class::inject_add_to_cart_event: hit AddToCart
2024-01-27T11:11:50+00:00 DEBUG Tt4b_Pixel_Class::inject_add_to_cart_event: Missing option "access_token"
2024-01-27T11:11:51+00:00 DEBUG Tt4b_Pixel_Class::inject_add_to_cart_event: hit AddToCart
2024-01-27T11:11:51+00:00 DEBUG Tt4b_Pixel_Class::inject_add_to_cart_event: Missing option "access_token"
2024-01-27T11:11:52+00:00 DEBUG Tt4b_Pixel_Class::inject_add_to_cart_event: hit AddToCart
2024-01-27T11:11:52+00:00 DEBUG Tt4b_Pixel_Class::inject_add_to_cart_event: Missing option "access_token"
2024-01-27T11:11:53+00:00 DEBUG Tt4b_Pixel_Class::inject_add_to_cart_event: hit AddToCart
2024-01-27T11:11:53+00:00 DEBUG Tt4b_Pixel_Class::inject_add_to_cart_event: Missing option "access_token"
2024-01-27T11:11:55+00:00 DEBUG Tt4b_Pixel_Class::inject_add_to_cart_event: hit AddToCart
2024-01-27T11:11:55+00:00 DEBUG Tt4b_Pixel_Class::inject_add_to_cart_event: Missing option "access_token"
2024-01-27T11:11:56+00:00 DEBUG Tt4b_Pixel_Class::inject_add_to_cart_event: hit AddToCart
2024-01-27T11:11:56+00:00 DEBUG Tt4b_Pixel_Class::inject_add_to_cart_event: Missing option "access_token"
2024-01-27T11:11:57+00:00 DEBUG Tt4b_Pixel_Class::inject_add_to_cart_event: hit AddToCart
2024-01-27T11:11:57+00:00 DEBUG Tt4b_Pixel_Class::inject_add_to_cart_event: Missing option "access_token"
2024-01-27T11:11:58+00:00 DEBUG Tt4b_Pixel_Class::inject_add_to_cart_event: hit AddToCart
2024-01-27T11:11:58+00:00 DEBUG Tt4b_Pixel_Class::inject_add_to_cart_event: Missing option "access_token"
2024-01-27T11:12:01+00:00 DEBUG Tt4b_Pixel_Class::inject_add_to_cart_event: hit AddToCart
2024-01-27T11:12:01+00:00 DEBUG Tt4b_Pixel_Class::inject_add_to_cart_event: Missing option "access_token"
2024-01-27T11:12:03+00:00 DEBUG Tt4b_Pixel_Class::inject_add_to_cart_event: hit AddToCart
2024-01-27T11:12:03+00:00 DEBUG Tt4b_Pixel_Class::inject_add_to_cart_event: Missing option "access_token"
2024-01-27T11:12:03+00:00 DEBUG Tt4b_Pixel_Class::inject_add_to_cart_event: hit AddToCart
2024-01-27T11:12:03+00:00 DEBUG Tt4b_Pixel_Class::inject_add_to_cart_event: Missing option "access_token"
2024-01-27T11:12:05+00:00 DEBUG Tt4b_Pixel_Class::inject_add_to_cart_event: hit AddToCart
2024-01-27T11:12:05+00:00 DEBUG Tt4b_Pixel_Class::inject_add_to_cart_event: Missing option "access_token"
2024-01-27T11:12:07+00:00 DEBUG Tt4b_Pixel_Class::inject_add_to_cart_event: hit AddToCart
2024-01-27T11:12:07+00:00 DEBUG Tt4b_Pixel_Class::inject_add_to_cart_event: Missing option "access_token"
2024-01-27T11:12:12+00:00 DEBUG Tt4b_Pixel_Class::inject_add_to_cart_event: hit AddToCart
2024-01-27T11:12:12+00:00 DEBUG Tt4b_Pixel_Class::inject_add_to_cart_event: Missing option "access_token"
2024-01-27T11:12:17+00:00 DEBUG Tt4b_Pixel_Class::inject_view_content_event: hit ViewContent
2024-01-27T11:12:17+00:00 DEBUG Tt4b_Pixel_Class::inject_view_content_event: Missing option "access_token"
2024-01-27T11:12:19+00:00 DEBUG Tt4b_Pixel_Class::inject_add_to_cart_event: hit AddToCart
2024-01-27T11:12:19+00:00 DEBUG Tt4b_Pixel_Class::inject_add_to_cart_event: Missing option "access_token"
2024-01-27T11:12:21+00:00 DEBUG Tt4b_Pixel_Class::inject_add_to_cart_event: hit AddToCart
2024-01-27T11:12:21+00:00 DEBUG Tt4b_Pixel_Class::inject_add_to_cart_event: Missing option "access_token"
2024-01-27T11:12:23+00:00 DEBUG Tt4b_Pixel_Class::inject_add_to_cart_event: hit AddToCart
2024-01-27T11:12:23+00:00 DEBUG Tt4b_Pixel_Class::inject_add_to_cart_event: Missing option "access_token"
2024-01-27T11:12:24+00:00 DEBUG Tt4b_Pixel_Class::inject_add_to_cart_event: hit AddToCart
2024-01-27T11:12:24+00:00 DEBUG Tt4b_Pixel_Class::inject_add_to_cart_event: Missing option "access_token"
2024-01-27T11:12:25+00:00 DEBUG Tt4b_Pixel_Class::inject_add_to_cart_event: hit AddToCart
2024-01-27T11:12:25+00:00 DEBUG Tt4b_Pixel_Class::inject_add_to_cart_event: Missing option "access_token"
2024-01-27T11:12:28+00:00 DEBUG Tt4b_Pixel_Class::inject_add_to_cart_event: hit AddToCart
2024-01-27T11:12:28+00:00 DEBUG Tt4b_Pixel_Class::inject_add_to_cart_event: Missing option "access_token"
2024-01-27T11:12:34+00:00 DEBUG Tt4b_Pixel_Class::inject_add_to_cart_event: hit AddToCart
2024-01-27T11:12:34+00:00 DEBUG Tt4b_Pixel_Class::inject_add_to_cart_event: Missing option "access_token"
2024-01-27T11:12:36+00:00 DEBUG Tt4b_Pixel_Class::inject_add_to_cart_event: hit AddToCart
2024-01-27T11:12:36+00:00 DEBUG Tt4b_Pixel_Class::inject_add_to_cart_event: Missing option "access_token"
2024-01-27T11:12:42+00:00 DEBUG Tt4b_Pixel_Class::inject_add_to_cart_event: hit AddToCart
2024-01-27T11:12:42+00:00 DEBUG Tt4b_Pixel_Class::inject_add_to_cart_event: Missing option "access_token"
2024-01-27T11:12:44+00:00 DEBUG Tt4b_Pixel_Class::inject_add_to_cart_event: hit AddToCart
2024-01-27T11:12:44+00:00 DEBUG Tt4b_Pixel_Class::inject_add_to_cart_event: Missing option "access_token"
2024-01-27T11:12:45+00:00 DEBUG Tt4b_Pixel_Class::inject_view_content_event: hit ViewContent
2024-01-27T11:12:45+00:00 DEBUG Tt4b_Pixel_Class::inject_view_content_event: Missing option "access_token"
2024-01-27T11:12:46+00:00 DEBUG Tt4b_Pixel_Class::inject_add_to_cart_event: hit AddToCart
2024-01-27T11:12:46+00:00 DEBUG Tt4b_Pixel_Class::inject_add_to_cart_event: Missing option "access_token"
2024-01-27T11:12:51+00:00 DEBUG Tt4b_Pixel_Class::inject_add_to_cart_event: hit AddToCart
2024-01-27T11:12:51+00:00 DEBUG Tt4b_Pixel_Class::inject_add_to_cart_event: Missing option "access_token"
2024-01-27T11:12:53+00:00 DEBUG Tt4b_Pixel_Class::inject_add_to_cart_event: hit AddToCart
2024-01-27T11:12:53+00:00 DEBUG Tt4b_Pixel_Class::inject_add_to_cart_event: Missing option "access_token"
2024-01-27T11:12:56+00:00 DEBUG Tt4b_Pixel_Class::inject_add_to_cart_event: hit AddToCart
2024-01-27T11:12:56+00:00 DEBUG Tt4b_Pixel_Class::inject_add_to_cart_event: Missing option "access_token"
2024-01-27T11:13:04+00:00 DEBUG Tt4b_Pixel_Class::inject_add_to_cart_event: hit AddToCart
2024-01-27T11:13:04+00:00 DEBUG Tt4b_Pixel_Class::inject_add_to_cart_event: Missing option "access_token"
2024-01-27T11:13:08+00:00 DEBUG Tt4b_Pixel_Class::inject_add_to_cart_event: hit AddToCart
2024-01-27T11:13:08+00:00 DEBUG Tt4b_Pixel_Class::inject_add_to_cart_event: Missing option "access_token"
2024-01-27T11:13:15+00:00 DEBUG Tt4b_Pixel_Class::inject_view_content_event: hit ViewContent
2024-01-27T11:13:15+00:00 DEBUG Tt4b_Pixel_Class::inject_view_content_event: Missing option "access_token"
2024-01-27T11:13:19+00:00 DEBUG Tt4b_Pixel_Class::inject_add_to_cart_event: hit AddToCart
2024-01-27T11:13:19+00:00 DEBUG Tt4b_Pixel_Class::inject_add_to_cart_event: Missing option "access_token"
2024-01-27T11:13:20+00:00 DEBUG Tt4b_Pixel_Class::inject_add_to_cart_event: hit AddToCart
2024-01-27T11:13:20+00:00 DEBUG Tt4b_Pixel_Class::inject_add_to_cart_event: Missing option "access_token"
2024-01-27T11:13:24+00:00 DEBUG Tt4b_Pixel_Class::inject_add_to_cart_event: hit AddToCart
2024-01-27T11:13:24+00:00 DEBUG Tt4b_Pixel_Class::inject_add_to_cart_event: Missing option "access_token"
2024-01-27T11:13:26+00:00 DEBUG Tt4b_Pixel_Class::inject_add_to_cart_event: hit AddToCart
2024-01-27T11:13:26+00:00 DEBUG Tt4b_Pixel_Class::inject_add_to_cart_event: Missing option "access_token"
2024-01-27T11:13:28+00:00 DEBUG Tt4b_Pixel_Class::inject_add_to_cart_event: hit AddToCart
2024-01-27T11:13:28+00:00 DEBUG Tt4b_Pixel_Class::inject_add_to_cart_event: Missing option "access_token"
2024-01-27T11:13:28+00:00 DEBUG Tt4b_Pixel_Class::inject_add_to_cart_event: hit AddToCart
2024-01-27T11:13:28+00:00 DEBUG Tt4b_Pixel_Class::inject_add_to_cart_event: Missing option "access_token"
2024-01-27T11:13:30+00:00 DEBUG Tt4b_Pixel_Class::inject_add_to_cart_event: hit AddToCart
2024-01-27T11:13:30+00:00 DEBUG Tt4b_Pixel_Class::inject_add_to_cart_event: Missing option "access_token"
2024-01-27T11:13:32+00:00 DEBUG Tt4b_Pixel_Class::inject_add_to_cart_event: hit AddToCart
2024-01-27T11:13:32+00:00 DEBUG Tt4b_Pixel_Class::inject_add_to_cart_event: Missing option "access_token"
2024-01-27T11:13:34+00:00 DEBUG Tt4b_Pixel_Class::inject_add_to_cart_event: hit AddToCart
2024-01-27T11:13:34+00:00 DEBUG Tt4b_Pixel_Class::inject_add_to_cart_event: Missing option "access_token"
2024-01-27T11:13:35+00:00 DEBUG Tt4b_Pixel_Class::inject_add_to_cart_event: hit AddToCart
2024-01-27T11:13:35+00:00 DEBUG Tt4b_Pixel_Class::inject_add_to_cart_event: Missing option "access_token"
2024-01-27T11:13:36+00:00 DEBUG Tt4b_Pixel_Class::inject_add_to_cart_event: hit AddToCart
2024-01-27T11:13:36+00:00 DEBUG Tt4b_Pixel_Class::inject_add_to_cart_event: Missing option "access_token"
2024-01-27T11:13:42+00:00 DEBUG Tt4b_Pixel_Class::inject_add_to_cart_event: hit AddToCart
2024-01-27T11:13:42+00:00 DEBUG Tt4b_Pixel_Class::inject_add_to_cart_event: Missing option "access_token"
2024-01-27T11:13:44+00:00 DEBUG Tt4b_Pixel_Class::inject_add_to_cart_event: hit AddToCart
2024-01-27T11:13:44+00:00 DEBUG Tt4b_Pixel_Class::inject_add_to_cart_event: Missing option "access_token"
2024-01-27T11:13:45+00:00 DEBUG Tt4b_Pixel_Class::inject_add_to_cart_event: hit AddToCart
2024-01-27T11:13:45+00:00 DEBUG Tt4b_Pixel_Class::inject_add_to_cart_event: Missing option "access_token"
2024-01-27T11:13:46+00:00 DEBUG Tt4b_Pixel_Class::inject_view_content_event: hit ViewContent
2024-01-27T11:13:46+00:00 DEBUG Tt4b_Pixel_Class::inject_view_content_event: Missing option "access_token"
2024-01-27T11:13:47+00:00 DEBUG Tt4b_Pixel_Class::inject_add_to_cart_event: hit AddToCart
2024-01-27T11:13:47+00:00 DEBUG Tt4b_Pixel_Class::inject_add_to_cart_event: Missing option "access_token"
2024-01-27T11:13:49+00:00 DEBUG Tt4b_Pixel_Class::inject_add_to_cart_event: hit AddToCart
2024-01-27T11:13:49+00:00 DEBUG Tt4b_Pixel_Class::inject_add_to_cart_event: Missing option "access_token"
2024-01-27T11:13:51+00:00 DEBUG Tt4b_Pixel_Class::inject_add_to_cart_event: hit AddToCart
2024-01-27T11:13:51+00:00 DEBUG Tt4b_Pixel_Class::inject_add_to_cart_event: Missing option "access_token"
2024-01-27T11:13:53+00:00 DEBUG Tt4b_Pixel_Class::inject_add_to_cart_event: hit AddToCart
2024-01-27T11:13:53+00:00 DEBUG Tt4b_Pixel_Class::inject_add_to_cart_event: Missing option "access_token"
2024-01-27T11:13:54+00:00 DEBUG Tt4b_Pixel_Class::inject_add_to_cart_event: hit AddToCart
2024-01-27T11:13:54+00:00 DEBUG Tt4b_Pixel_Class::inject_add_to_cart_event: Missing option "access_token"
2024-01-27T11:13:55+00:00 DEBUG Tt4b_Pixel_Class::inject_add_to_cart_event: hit AddToCart
2024-01-27T11:13:55+00:00 DEBUG Tt4b_Pixel_Class::inject_add_to_cart_event: Missing option "access_token"
2024-01-27T11:13:55+00:00 DEBUG Tt4b_Pixel_Class::inject_add_to_cart_event: hit AddToCart
2024-01-27T11:13:55+00:00 DEBUG Tt4b_Pixel_Class::inject_add_to_cart_event: Missing option "access_token"
2024-01-27T11:13:56+00:00 DEBUG Tt4b_Pixel_Class::inject_add_to_cart_event: hit AddToCart
2024-01-27T11:13:56+00:00 DEBUG Tt4b_Pixel_Class::inject_add_to_cart_event: Missing option "access_token"
2024-01-27T11:13:57+00:00 DEBUG Tt4b_Pixel_Class::inject_add_to_cart_event: hit AddToCart
2024-01-27T11:13:57+00:00 DEBUG Tt4b_Pixel_Class::inject_add_to_cart_event: Missing option "access_token"
2024-01-27T11:13:58+00:00 DEBUG Tt4b_Pixel_Class::inject_add_to_cart_event: hit AddToCart
2024-01-27T11:13:58+00:00 DEBUG Tt4b_Pixel_Class::inject_add_to_cart_event: Missing option "access_token"
2024-01-27T11:13:59+00:00 DEBUG Tt4b_Pixel_Class::inject_add_to_cart_event: hit AddToCart
2024-01-27T11:13:59+00:00 DEBUG Tt4b_Pixel_Class::inject_add_to_cart_event: Missing option "access_token"
2024-01-27T11:14:00+00:00 DEBUG Tt4b_Pixel_Class::inject_add_to_cart_event: hit AddToCart
2024-01-27T11:14:00+00:00 DEBUG Tt4b_Pixel_Class::inject_add_to_cart_event: Missing option "access_token"
2024-01-27T11:14:02+00:00 DEBUG Tt4b_Pixel_Class::inject_add_to_cart_event: hit AddToCart
2024-01-27T11:14:02+00:00 DEBUG Tt4b_Pixel_Class::inject_add_to_cart_event: Missing option "access_token"
2024-01-27T11:14:04+00:00 DEBUG Tt4b_Pixel_Class::inject_add_to_cart_event: hit AddToCart
2024-01-27T11:14:04+00:00 DEBUG Tt4b_Pixel_Class::inject_add_to_cart_event: Missing option "access_token"
2024-01-27T11:14:04+00:00 DEBUG Tt4b_Pixel_Class::inject_add_to_cart_event: hit AddToCart
2024-01-27T11:14:04+00:00 DEBUG Tt4b_Pixel_Class::inject_add_to_cart_event: Missing option "access_token"
2024-01-27T11:14:05+00:00 DEBUG Tt4b_Pixel_Class::inject_add_to_cart_event: hit AddToCart
2024-01-27T11:14:05+00:00 DEBUG Tt4b_Pixel_Class::inject_add_to_cart_event: Missing option "access_token"
2024-01-27T11:14:06+00:00 DEBUG Tt4b_Pixel_Class::inject_add_to_cart_event: hit AddToCart
2024-01-27T11:14:06+00:00 DEBUG Tt4b_Pixel_Class::inject_add_to_cart_event: Missing option "access_token"
2024-01-27T11:14:07+00:00 DEBUG Tt4b_Pixel_Class::inject_add_to_cart_event: hit AddToCart
2024-01-27T11:14:07+00:00 DEBUG Tt4b_Pixel_Class::inject_add_to_cart_event: Missing option "access_token"
2024-01-27T11:14:08+00:00 DEBUG Tt4b_Pixel_Class::inject_add_to_cart_event: hit AddToCart
2024-01-27T11:14:08+00:00 DEBUG Tt4b_Pixel_Class::inject_add_to_cart_event: Missing option "access_token"
2024-01-27T11:14:17+00:00 DEBUG Tt4b_Pixel_Class::inject_view_content_event: hit ViewContent
2024-01-27T11:14:17+00:00 DEBUG Tt4b_Pixel_Class::inject_view_content_event: Missing option "access_token"
2024-01-27T11:14:19+00:00 DEBUG Tt4b_Pixel_Class::inject_add_to_cart_event: hit AddToCart
2024-01-27T11:14:19+00:00 DEBUG Tt4b_Pixel_Class::inject_add_to_cart_event: Missing option "access_token"
2024-01-27T11:14:19+00:00 DEBUG Tt4b_Pixel_Class::inject_view_content_event: hit ViewContent
2024-01-27T11:14:19+00:00 DEBUG Tt4b_Pixel_Class::inject_view_content_event: Missing option "access_token"
2024-01-27T11:14:22+00:00 DEBUG Tt4b_Pixel_Class::inject_view_content_event: hit ViewContent
2024-01-27T11:14:22+00:00 DEBUG Tt4b_Pixel_Class::inject_view_content_event: Missing option "access_token"
2024-01-27T11:14:23+00:00 DEBUG Tt4b_Pixel_Class::inject_add_to_cart_event: hit AddToCart
2024-01-27T11:14:23+00:00 DEBUG Tt4b_Pixel_Class::inject_add_to_cart_event: Missing option "access_token"
2024-01-27T11:14:25+00:00 DEBUG Tt4b_Pixel_Class::inject_view_content_event: hit ViewContent
2024-01-27T11:14:25+00:00 DEBUG Tt4b_Pixel_Class::inject_view_content_event: Missing option "access_token"
2024-01-27T11:14:29+00:00 DEBUG Tt4b_Pixel_Class::inject_add_to_cart_event: hit AddToCart
2024-01-27T11:14:29+00:00 DEBUG Tt4b_Pixel_Class::inject_add_to_cart_event: Missing option "access_token"
2024-01-27T11:14:34+00:00 DEBUG Tt4b_Pixel_Class::inject_add_to_cart_event: hit AddToCart
2024-01-27T11:14:34+00:00 DEBUG Tt4b_Pixel_Class::inject_add_to_cart_event: Missing option "access_token"
2024-01-27T11:14:37+00:00 DEBUG Tt4b_Pixel_Class::inject_add_to_cart_event: hit AddToCart
2024-01-27T11:14:37+00:00 DEBUG Tt4b_Pixel_Class::inject_add_to_cart_event: Missing option "access_token"
2024-01-27T11:14:40+00:00 DEBUG Tt4b_Pixel_Class::inject_add_to_cart_event: hit AddToCart
2024-01-27T11:14:40+00:00 DEBUG Tt4b_Pixel_Class::inject_add_to_cart_event: Missing option "access_token"
2024-01-27T11:14:43+00:00 DEBUG Tt4b_Pixel_Class::inject_add_to_cart_event: hit AddToCart
2024-01-27T11:14:43+00:00 DEBUG Tt4b_Pixel_Class::inject_add_to_cart_event: Missing option "access_token"
2024-01-27T11:14:52+00:00 DEBUG Tt4b_Pixel_Class::inject_add_to_cart_event: hit AddToCart
2024-01-27T11:14:52+00:00 DEBUG Tt4b_Pixel_Class::inject_add_to_cart_event: Missing option "access_token"
2024-01-27T11:14:55+00:00 DEBUG Tt4b_Pixel_Class::inject_add_to_cart_event: hit AddToCart
2024-01-27T11:14:55+00:00 DEBUG Tt4b_Pixel_Class::inject_add_to_cart_event: Missing option "access_token"
2024-01-27T11:15:01+00:00 DEBUG Tt4b_Pixel_Class::inject_add_to_cart_event: hit AddToCart
2024-01-27T11:15:01+00:00 DEBUG Tt4b_Pixel_Class::inject_add_to_cart_event: Missing option "access_token"
2024-01-27T11:15:06+00:00 DEBUG Tt4b_Pixel_Class::inject_add_to_cart_event: hit AddToCart
2024-01-27T11:15:06+00:00 DEBUG Tt4b_Pixel_Class::inject_add_to_cart_event: Missing option "access_token"
2024-01-27T11:15:10+00:00 DEBUG Tt4b_Pixel_Class::inject_add_to_cart_event: hit AddToCart
2024-01-27T11:15:10+00:00 DEBUG Tt4b_Pixel_Class::inject_add_to_cart_event: Missing option "access_token"
2024-01-27T11:15:11+00:00 DEBUG Tt4b_Pixel_Class::inject_add_to_cart_event: hit AddToCart
2024-01-27T11:15:11+00:00 DEBUG Tt4b_Pixel_Class::inject_add_to_cart_event: Missing option "access_token"
2024-01-27T11:15:12+00:00 DEBUG Tt4b_Pixel_Class::inject_add_to_cart_event: hit AddToCart
2024-01-27T11:15:12+00:00 DEBUG Tt4b_Pixel_Class::inject_add_to_cart_event: Missing option "access_token"
2024-01-27T11:15:13+00:00 DEBUG Tt4b_Pixel_Class::inject_add_to_cart_event: hit AddToCart
2024-01-27T11:15:13+00:00 DEBUG Tt4b_Pixel_Class::inject_add_to_cart_event: Missing option "access_token"
2024-01-27T11:15:14+00:00 DEBUG Tt4b_Pixel_Class::inject_add_to_cart_event: hit AddToCart
2024-01-27T11:15:14+00:00 DEBUG Tt4b_Pixel_Class::inject_add_to_cart_event: Missing option "access_token"
2024-01-27T11:15:16+00:00 DEBUG Tt4b_Pixel_Class::inject_add_to_cart_event: hit AddToCart
2024-01-27T11:15:16+00:00 DEBUG Tt4b_Pixel_Class::inject_add_to_cart_event: Missing option "access_token"
2024-01-27T11:15:18+00:00 DEBUG Tt4b_Pixel_Class::inject_add_to_cart_event: hit AddToCart
2024-01-27T11:15:18+00:00 DEBUG Tt4b_Pixel_Class::inject_add_to_cart_event: Missing option "access_token"
2024-01-27T11:15:19+00:00 DEBUG Tt4b_Pixel_Class::inject_add_to_cart_event: hit AddToCart
2024-01-27T11:15:19+00:00 DEBUG Tt4b_Pixel_Class::inject_add_to_cart_event: Missing option "access_token"
2024-01-27T11:15:22+00:00 DEBUG Tt4b_Pixel_Class::inject_add_to_cart_event: hit AddToCart
2024-01-27T11:15:22+00:00 DEBUG Tt4b_Pixel_Class::inject_add_to_cart_event: Missing option "access_token"
2024-01-27T11:15:31+00:00 DEBUG Tt4b_Pixel_Class::inject_add_to_cart_event: hit AddToCart
2024-01-27T11:15:31+00:00 DEBUG Tt4b_Pixel_Class::inject_add_to_cart_event: Missing option "access_token"
2024-01-27T11:15:37+00:00 DEBUG Tt4b_Pixel_Class::inject_add_to_cart_event: hit AddToCart
2024-01-27T11:15:37+00:00 DEBUG Tt4b_Pixel_Class::inject_add_to_cart_event: Missing option "access_token"
2024-01-27T11:15:41+00:00 DEBUG Tt4b_Pixel_Class::inject_add_to_cart_event: hit AddToCart
2024-01-27T11:15:41+00:00 DEBUG Tt4b_Pixel_Class::inject_add_to_cart_event: Missing option "access_token"
2024-01-27T11:15:41+00:00 DEBUG Tt4b_Pixel_Class::inject_add_to_cart_event: hit AddToCart
2024-01-27T11:15:41+00:00 DEBUG Tt4b_Pixel_Class::inject_add_to_cart_event: Missing option "access_token"
2024-01-27T11:15:43+00:00 DEBUG Tt4b_Pixel_Class::inject_add_to_cart_event: hit AddToCart
2024-01-27T11:15:43+00:00 DEBUG Tt4b_Pixel_Class::inject_add_to_cart_event: Missing option "access_token"
2024-01-27T11:15:51+00:00 DEBUG Tt4b_Pixel_Class::inject_add_to_cart_event: hit AddToCart
2024-01-27T11:15:51+00:00 DEBUG Tt4b_Pixel_Class::inject_add_to_cart_event: Missing option "access_token"
2024-01-27T11:15:53+00:00 DEBUG Tt4b_Pixel_Class::inject_add_to_cart_event: hit AddToCart
2024-01-27T11:15:53+00:00 DEBUG Tt4b_Pixel_Class::inject_add_to_cart_event: Missing option "access_token"
2024-01-27T11:16:03+00:00 DEBUG Tt4b_Pixel_Class::inject_add_to_cart_event: hit AddToCart
2024-01-27T11:16:03+00:00 DEBUG Tt4b_Pixel_Class::inject_add_to_cart_event: Missing option "access_token"
2024-01-27T11:16:07+00:00 DEBUG Tt4b_Pixel_Class::inject_add_to_cart_event: hit AddToCart
2024-01-27T11:16:07+00:00 DEBUG Tt4b_Pixel_Class::inject_add_to_cart_event: Missing option "access_token"
2024-01-27T11:16:10+00:00 DEBUG Tt4b_Pixel_Class::inject_add_to_cart_event: hit AddToCart
2024-01-27T11:16:10+00:00 DEBUG Tt4b_Pixel_Class::inject_add_to_cart_event: Missing option "access_token"
2024-01-27T11:16:11+00:00 DEBUG Tt4b_Pixel_Class::inject_add_to_cart_event: hit AddToCart
2024-01-27T11:16:11+00:00 DEBUG Tt4b_Pixel_Class::inject_add_to_cart_event: Missing option "access_token"
2024-01-27T11:16:12+00:00 DEBUG Tt4b_Pixel_Class::inject_add_to_cart_event: hit AddToCart
2024-01-27T11:16:12+00:00 DEBUG Tt4b_Pixel_Class::inject_add_to_cart_event: Missing option "access_token"
2024-01-27T11:16:19+00:00 DEBUG Tt4b_Pixel_Class::inject_add_to_cart_event: hit AddToCart
2024-01-27T11:16:19+00:00 DEBUG Tt4b_Pixel_Class::inject_add_to_cart_event: Missing option "access_token"
2024-01-27T11:16:24+00:00 DEBUG Tt4b_Pixel_Class::inject_add_to_cart_event: hit AddToCart
2024-01-27T11:16:24+00:00 DEBUG Tt4b_Pixel_Class::inject_add_to_cart_event: Missing option "access_token"
2024-01-27T11:16:31+00:00 DEBUG Tt4b_Pixel_Class::inject_add_to_cart_event: hit AddToCart
2024-01-27T11:16:31+00:00 DEBUG Tt4b_Pixel_Class::inject_add_to_cart_event: Missing option "access_token"
2024-01-27T11:16:36+00:00 DEBUG Tt4b_Pixel_Class::inject_add_to_cart_event: hit AddToCart
2024-01-27T11:16:36+00:00 DEBUG Tt4b_Pixel_Class::inject_add_to_cart_event: Missing option "access_token"
2024-01-27T11:16:38+00:00 DEBUG Tt4b_Pixel_Class::inject_add_to_cart_event: hit AddToCart
2024-01-27T11:16:38+00:00 DEBUG Tt4b_Pixel_Class::inject_add_to_cart_event: Missing option "access_token"
2024-01-27T11:16:40+00:00 DEBUG Tt4b_Pixel_Class::inject_add_to_cart_event: hit AddToCart
2024-01-27T11:16:40+00:00 DEBUG Tt4b_Pixel_Class::inject_add_to_cart_event: Missing option "access_token"
2024-01-27T11:16:41+00:00 DEBUG Tt4b_Pixel_Class::inject_add_to_cart_event: hit AddToCart
2024-01-27T11:16:41+00:00 DEBUG Tt4b_Pixel_Class::inject_add_to_cart_event: Missing option "access_token"
2024-01-27T11:16:51+00:00 DEBUG Tt4b_Pixel_Class::inject_add_to_cart_event: hit AddToCart
2024-01-27T11:16:51+00:00 DEBUG Tt4b_Pixel_Class::inject_add_to_cart_event: Missing option "access_token"
2024-01-27T11:16:56+00:00 DEBUG Tt4b_Pixel_Class::inject_add_to_cart_event: hit AddToCart
2024-01-27T11:16:56+00:00 DEBUG Tt4b_Pixel_Class::inject_add_to_cart_event: Missing option "access_token"
2024-01-27T11:17:01+00:00 DEBUG Tt4b_Pixel_Class::inject_add_to_cart_event: hit AddToCart
2024-01-27T11:17:01+00:00 DEBUG Tt4b_Pixel_Class::inject_add_to_cart_event: Missing option "access_token"
2024-01-27T11:17:06+00:00 DEBUG Tt4b_Pixel_Class::inject_add_to_cart_event: hit AddToCart
2024-01-27T11:17:06+00:00 DEBUG Tt4b_Pixel_Class::inject_add_to_cart_event: Missing option "access_token"
2024-01-27T11:17:09+00:00 DEBUG Tt4b_Pixel_Class::inject_add_to_cart_event: hit AddToCart
2024-01-27T11:17:09+00:00 DEBUG Tt4b_Pixel_Class::inject_add_to_cart_event: Missing option "access_token"
2024-01-27T11:17:12+00:00 DEBUG Tt4b_Pixel_Class::inject_add_to_cart_event: hit AddToCart
2024-01-27T11:17:12+00:00 DEBUG Tt4b_Pixel_Class::inject_add_to_cart_event: Missing option "access_token"
2024-01-27T11:17:18+00:00 DEBUG Tt4b_Pixel_Class::inject_add_to_cart_event: hit AddToCart
2024-01-27T11:17:18+00:00 DEBUG Tt4b_Pixel_Class::inject_add_to_cart_event: Missing option "access_token"
2024-01-27T11:17:29+00:00 DEBUG Tt4b_Pixel_Class::inject_add_to_cart_event: hit AddToCart
2024-01-27T11:17:29+00:00 DEBUG Tt4b_Pixel_Class::inject_add_to_cart_event: Missing option "access_token"
2024-01-27T11:17:35+00:00 DEBUG Tt4b_Pixel_Class::inject_add_to_cart_event: hit AddToCart
2024-01-27T11:17:35+00:00 DEBUG Tt4b_Pixel_Class::inject_add_to_cart_event: Missing option "access_token"
2024-01-27T11:17:38+00:00 DEBUG Tt4b_Pixel_Class::inject_add_to_cart_event: hit AddToCart
2024-01-27T11:17:38+00:00 DEBUG Tt4b_Pixel_Class::inject_add_to_cart_event: Missing option "access_token"
2024-01-27T11:17:41+00:00 DEBUG Tt4b_Pixel_Class::inject_add_to_cart_event: hit AddToCart
2024-01-27T11:17:41+00:00 DEBUG Tt4b_Pixel_Class::inject_add_to_cart_event: Missing option "access_token"
2024-01-27T11:17:44+00:00 DEBUG Tt4b_Pixel_Class::inject_add_to_cart_event: hit AddToCart
2024-01-27T11:17:44+00:00 DEBUG Tt4b_Pixel_Class::inject_add_to_cart_event: Missing option "access_token"
2024-01-27T11:17:44+00:00 DEBUG Tt4b_Pixel_Class::inject_add_to_cart_event: hit AddToCart
2024-01-27T11:17:44+00:00 DEBUG Tt4b_Pixel_Class::inject_add_to_cart_event: Missing option "access_token"
2024-01-27T11:17:51+00:00 DEBUG Tt4b_Pixel_Class::inject_add_to_cart_event: hit AddToCart
2024-01-27T11:17:51+00:00 DEBUG Tt4b_Pixel_Class::inject_add_to_cart_event: Missing option "access_token"
2024-01-27T11:18:02+00:00 DEBUG Tt4b_Pixel_Class::inject_add_to_cart_event: hit AddToCart
2024-01-27T11:18:02+00:00 DEBUG Tt4b_Pixel_Class::inject_add_to_cart_event: Missing option "access_token"
2024-01-27T11:18:09+00:00 DEBUG Tt4b_Pixel_Class::inject_add_to_cart_event: hit AddToCart
2024-01-27T11:18:09+00:00 DEBUG Tt4b_Pixel_Class::inject_add_to_cart_event: Missing option "access_token"
2024-01-27T11:18:12+00:00 DEBUG Tt4b_Pixel_Class::inject_add_to_cart_event: hit AddToCart
2024-01-27T11:18:12+00:00 DEBUG Tt4b_Pixel_Class::inject_add_to_cart_event: Missing option "access_token"
2024-01-27T11:18:14+00:00 DEBUG Tt4b_Pixel_Class::inject_add_to_cart_event: hit AddToCart
2024-01-27T11:18:14+00:00 DEBUG Tt4b_Pixel_Class::inject_add_to_cart_event: Missing option "access_token"
2024-01-27T11:18:16+00:00 DEBUG Tt4b_Pixel_Class::inject_add_to_cart_event: hit AddToCart
2024-01-27T11:18:16+00:00 DEBUG Tt4b_Pixel_Class::inject_add_to_cart_event: Missing option "access_token"
2024-01-27T11:18:16+00:00 DEBUG Tt4b_Pixel_Class::inject_add_to_cart_event: hit AddToCart
2024-01-27T11:18:16+00:00 DEBUG Tt4b_Pixel_Class::inject_add_to_cart_event: Missing option "access_token"
2024-01-27T11:18:22+00:00 DEBUG Tt4b_Pixel_Class::inject_add_to_cart_event: hit AddToCart
2024-01-27T11:18:22+00:00 DEBUG Tt4b_Pixel_Class::inject_add_to_cart_event: Missing option "access_token"
2024-01-27T11:18:36+00:00 DEBUG Tt4b_Pixel_Class::inject_add_to_cart_event: hit AddToCart
2024-01-27T11:18:36+00:00 DEBUG Tt4b_Pixel_Class::inject_add_to_cart_event: Missing option "access_token"
2024-01-27T11:18:42+00:00 DEBUG Tt4b_Pixel_Class::inject_add_to_cart_event: hit AddToCart
2024-01-27T11:18:42+00:00 DEBUG Tt4b_Pixel_Class::inject_add_to_cart_event: Missing option "access_token"
2024-01-27T11:18:48+00:00 DEBUG Tt4b_Pixel_Class::inject_add_to_cart_event: hit AddToCart
2024-01-27T11:18:48+00:00 DEBUG Tt4b_Pixel_Class::inject_add_to_cart_event: Missing option "access_token"
2024-01-27T11:18:48+00:00 DEBUG Tt4b_Pixel_Class::inject_add_to_cart_event: hit AddToCart
2024-01-27T11:18:48+00:00 DEBUG Tt4b_Pixel_Class::inject_add_to_cart_event: Missing option "access_token"
2024-01-27T11:18:51+00:00 DEBUG Tt4b_Pixel_Class::inject_add_to_cart_event: hit AddToCart
2024-01-27T11:18:51+00:00 DEBUG Tt4b_Pixel_Class::inject_add_to_cart_event: Missing option "access_token"
2024-01-27T11:18:54+00:00 DEBUG Tt4b_Pixel_Class::inject_add_to_cart_event: hit AddToCart
2024-01-27T11:18:54+00:00 DEBUG Tt4b_Pixel_Class::inject_add_to_cart_event: Missing option "access_token"
2024-01-27T11:19:01+00:00 DEBUG Tt4b_Pixel_Class::inject_add_to_cart_event: hit AddToCart
2024-01-27T11:19:01+00:00 DEBUG Tt4b_Pixel_Class::inject_add_to_cart_event: Missing option "access_token"
2024-01-27T11:19:06+00:00 DEBUG Tt4b_Pixel_Class::inject_add_to_cart_event: hit AddToCart
2024-01-27T11:19:06+00:00 DEBUG Tt4b_Pixel_Class::inject_add_to_cart_event: Missing option "access_token"
2024-01-27T11:19:12+00:00 DEBUG Tt4b_Pixel_Class::inject_add_to_cart_event: hit AddToCart
2024-01-27T11:19:12+00:00 DEBUG Tt4b_Pixel_Class::inject_add_to_cart_event: Missing option "access_token"
2024-01-27T11:19:14+00:00 DEBUG Tt4b_Pixel_Class::inject_add_to_cart_event: hit AddToCart
2024-01-27T11:19:14+00:00 DEBUG Tt4b_Pixel_Class::inject_add_to_cart_event: Missing option "access_token"
2024-01-27T11:19:16+00:00 DEBUG Tt4b_Pixel_Class::inject_add_to_cart_event: hit AddToCart
2024-01-27T11:19:16+00:00 DEBUG Tt4b_Pixel_Class::inject_add_to_cart_event: Missing option "access_token"
2024-01-27T11:19:19+00:00 DEBUG Tt4b_Pixel_Class::inject_add_to_cart_event: hit AddToCart
2024-01-27T11:19:19+00:00 DEBUG Tt4b_Pixel_Class::inject_add_to_cart_event: Missing option "access_token"
2024-01-27T11:19:19+00:00 DEBUG Tt4b_Pixel_Class::inject_add_to_cart_event: hit AddToCart
2024-01-27T11:19:19+00:00 DEBUG Tt4b_Pixel_Class::inject_add_to_cart_event: Missing option "access_token"
2024-01-27T11:19:20+00:00 DEBUG Tt4b_Pixel_Class::inject_add_to_cart_event: hit AddToCart
2024-01-27T11:19:20+00:00 DEBUG Tt4b_Pixel_Class::inject_add_to_cart_event: Missing option "access_token"
2024-01-27T11:19:23+00:00 DEBUG Tt4b_Pixel_Class::inject_add_to_cart_event: hit AddToCart
2024-01-27T11:19:23+00:00 DEBUG Tt4b_Pixel_Class::inject_add_to_cart_event: Missing option "access_token"
2024-01-27T11:19:26+00:00 DEBUG Tt4b_Pixel_Class::inject_add_to_cart_event: hit AddToCart
2024-01-27T11:19:26+00:00 DEBUG Tt4b_Pixel_Class::inject_add_to_cart_event: Missing option "access_token"
2024-01-27T11:19:32+00:00 DEBUG Tt4b_Pixel_Class::inject_add_to_cart_event: hit AddToCart
2024-01-27T11:19:32+00:00 DEBUG Tt4b_Pixel_Class::inject_add_to_cart_event: Missing option "access_token"
2024-01-27T11:19:39+00:00 DEBUG Tt4b_Pixel_Class::inject_add_to_cart_event: hit AddToCart
2024-01-27T11:19:39+00:00 DEBUG Tt4b_Pixel_Class::inject_add_to_cart_event: Missing option "access_token"
2024-01-27T11:19:51+00:00 DEBUG Tt4b_Pixel_Class::inject_add_to_cart_event: hit AddToCart
2024-01-27T11:19:51+00:00 DEBUG Tt4b_Pixel_Class::inject_add_to_cart_event: Missing option "access_token"
2024-01-27T11:19:52+00:00 DEBUG Tt4b_Pixel_Class::inject_add_to_cart_event: hit AddToCart
2024-01-27T11:19:52+00:00 DEBUG Tt4b_Pixel_Class::inject_add_to_cart_event: Missing option "access_token"
2024-01-27T11:19:53+00:00 DEBUG Tt4b_Pixel_Class::inject_add_to_cart_event: hit AddToCart
2024-01-27T11:19:53+00:00 DEBUG Tt4b_Pixel_Class::inject_add_to_cart_event: Missing option "access_token"
2024-01-27T11:19:55+00:00 DEBUG Tt4b_Pixel_Class::inject_add_to_cart_event: hit AddToCart
2024-01-27T11:19:55+00:00 DEBUG Tt4b_Pixel_Class::inject_add_to_cart_event: Missing option "access_token"
2024-01-27T11:20:00+00:00 DEBUG Tt4b_Pixel_Class::inject_add_to_cart_event: hit AddToCart
2024-01-27T11:20:00+00:00 DEBUG Tt4b_Pixel_Class::inject_add_to_cart_event: Missing option "access_token"
2024-01-27T11:20:08+00:00 DEBUG Tt4b_Pixel_Class::inject_add_to_cart_event: hit AddToCart
2024-01-27T11:20:08+00:00 DEBUG Tt4b_Pixel_Class::inject_add_to_cart_event: Missing option "access_token"
2024-01-27T11:20:11+00:00 DEBUG Tt4b_Pixel_Class::inject_add_to_cart_event: hit AddToCart
2024-01-27T11:20:11+00:00 DEBUG Tt4b_Pixel_Class::inject_add_to_cart_event: Missing option "access_token"
2024-01-27T11:20:14+00:00 DEBUG Tt4b_Pixel_Class::inject_add_to_cart_event: hit AddToCart
2024-01-27T11:20:14+00:00 DEBUG Tt4b_Pixel_Class::inject_add_to_cart_event: Missing option "access_token"
2024-01-27T11:20:16+00:00 DEBUG Tt4b_Pixel_Class::inject_add_to_cart_event: hit AddToCart
2024-01-27T11:20:16+00:00 DEBUG Tt4b_Pixel_Class::inject_add_to_cart_event: Missing option "access_token"
2024-01-27T11:20:19+00:00 DEBUG Tt4b_Pixel_Class::inject_add_to_cart_event: hit AddToCart
2024-01-27T11:20:19+00:00 DEBUG Tt4b_Pixel_Class::inject_add_to_cart_event: Missing option "access_token"
2024-01-27T11:20:21+00:00 DEBUG Tt4b_Pixel_Class::inject_add_to_cart_event: hit AddToCart
2024-01-27T11:20:21+00:00 DEBUG Tt4b_Pixel_Class::inject_add_to_cart_event: Missing option "access_token"
2024-01-27T11:20:23+00:00 DEBUG Tt4b_Pixel_Class::inject_add_to_cart_event: hit AddToCart
2024-01-27T11:20:23+00:00 DEBUG Tt4b_Pixel_Class::inject_add_to_cart_event: Missing option "access_token"
2024-01-27T11:20:23+00:00 DEBUG Tt4b_Pixel_Class::inject_add_to_cart_event: hit AddToCart
2024-01-27T11:20:23+00:00 DEBUG Tt4b_Pixel_Class::inject_add_to_cart_event: Missing option "access_token"
2024-01-27T11:20:25+00:00 DEBUG Tt4b_Pixel_Class::inject_add_to_cart_event: hit AddToCart
2024-01-27T11:20:25+00:00 DEBUG Tt4b_Pixel_Class::inject_add_to_cart_event: Missing option "access_token"
2024-01-27T11:20:25+00:00 DEBUG Tt4b_Pixel_Class::inject_add_to_cart_event: hit AddToCart
2024-01-27T11:20:25+00:00 DEBUG Tt4b_Pixel_Class::inject_add_to_cart_event: Missing option "access_token"
2024-01-27T11:20:26+00:00 DEBUG Tt4b_Pixel_Class::inject_add_to_cart_event: hit AddToCart
2024-01-27T11:20:26+00:00 DEBUG Tt4b_Pixel_Class::inject_add_to_cart_event: Missing option "access_token"
2024-01-27T11:20:27+00:00 DEBUG Tt4b_Pixel_Class::inject_add_to_cart_event: hit AddToCart
2024-01-27T11:20:27+00:00 DEBUG Tt4b_Pixel_Class::inject_add_to_cart_event: Missing option "access_token"
2024-01-27T11:20:27+00:00 DEBUG Tt4b_Pixel_Class::inject_add_to_cart_event: hit AddToCart
2024-01-27T11:20:27+00:00 DEBUG Tt4b_Pixel_Class::inject_add_to_cart_event: Missing option "access_token"
2024-01-27T11:20:28+00:00 DEBUG Tt4b_Pixel_Class::inject_add_to_cart_event: hit AddToCart
2024-01-27T11:20:28+00:00 DEBUG Tt4b_Pixel_Class::inject_add_to_cart_event: Missing option "access_token"
2024-01-27T11:20:29+00:00 DEBUG Tt4b_Pixel_Class::inject_add_to_cart_event: hit AddToCart
2024-01-27T11:20:29+00:00 DEBUG Tt4b_Pixel_Class::inject_add_to_cart_event: Missing option "access_token"
2024-01-27T11:20:30+00:00 DEBUG Tt4b_Pixel_Class::inject_add_to_cart_event: hit AddToCart
2024-01-27T11:20:30+00:00 DEBUG Tt4b_Pixel_Class::inject_add_to_cart_event: Missing option "access_token"
2024-01-27T11:20:31+00:00 DEBUG Tt4b_Pixel_Class::inject_add_to_cart_event: hit AddToCart
2024-01-27T11:20:31+00:00 DEBUG Tt4b_Pixel_Class::inject_add_to_cart_event: Missing option "access_token"
2024-01-27T11:20:32+00:00 DEBUG Tt4b_Pixel_Class::inject_add_to_cart_event: hit AddToCart
2024-01-27T11:20:32+00:00 DEBUG Tt4b_Pixel_Class::inject_add_to_cart_event: Missing option "access_token"
2024-01-27T11:20:37+00:00 DEBUG Tt4b_Pixel_Class::inject_add_to_cart_event: hit AddToCart
2024-01-27T11:20:37+00:00 DEBUG Tt4b_Pixel_Class::inject_add_to_cart_event: Missing option "access_token"
2024-01-27T11:20:39+00:00 DEBUG Tt4b_Pixel_Class::inject_add_to_cart_event: hit AddToCart
2024-01-27T11:20:39+00:00 DEBUG Tt4b_Pixel_Class::inject_add_to_cart_event: Missing option "access_token"
2024-01-27T11:20:42+00:00 DEBUG Tt4b_Pixel_Class::inject_add_to_cart_event: hit AddToCart
2024-01-27T11:20:42+00:00 DEBUG Tt4b_Pixel_Class::inject_add_to_cart_event: Missing option "access_token"
2024-01-27T11:20:44+00:00 DEBUG Tt4b_Pixel_Class::inject_add_to_cart_event: hit AddToCart
2024-01-27T11:20:44+00:00 DEBUG Tt4b_Pixel_Class::inject_add_to_cart_event: Missing option "access_token"
2024-01-27T11:20:53+00:00 DEBUG Tt4b_Pixel_Class::inject_add_to_cart_event: hit AddToCart
2024-01-27T11:20:53+00:00 DEBUG Tt4b_Pixel_Class::inject_add_to_cart_event: Missing option "access_token"
2024-01-27T11:20:57+00:00 DEBUG Tt4b_Pixel_Class::inject_add_to_cart_event: hit AddToCart
2024-01-27T11:20:57+00:00 DEBUG Tt4b_Pixel_Class::inject_add_to_cart_event: Missing option "access_token"
2024-01-27T11:20:57+00:00 DEBUG Tt4b_Pixel_Class::inject_add_to_cart_event: hit AddToCart
2024-01-27T11:20:57+00:00 DEBUG Tt4b_Pixel_Class::inject_add_to_cart_event: Missing option "access_token"
2024-01-27T11:20:59+00:00 DEBUG Tt4b_Pixel_Class::inject_add_to_cart_event: hit AddToCart
2024-01-27T11:20:59+00:00 DEBUG Tt4b_Pixel_Class::inject_add_to_cart_event: Missing option "access_token"
2024-01-27T11:21:03+00:00 DEBUG Tt4b_Pixel_Class::inject_add_to_cart_event: hit AddToCart
2024-01-27T11:21:03+00:00 DEBUG Tt4b_Pixel_Class::inject_add_to_cart_event: Missing option "access_token"
2024-01-27T11:21:05+00:00 DEBUG Tt4b_Pixel_Class::inject_add_to_cart_event: hit AddToCart
2024-01-27T11:21:05+00:00 DEBUG Tt4b_Pixel_Class::inject_add_to_cart_event: Missing option "access_token"
2024-01-27T11:21:18+00:00 DEBUG Tt4b_Pixel_Class::inject_add_to_cart_event: hit AddToCart
2024-01-27T11:21:18+00:00 DEBUG Tt4b_Pixel_Class::inject_add_to_cart_event: Missing option "access_token"
2024-01-27T11:21:27+00:00 DEBUG Tt4b_Pixel_Class::inject_add_to_cart_event: hit AddToCart
2024-01-27T11:21:27+00:00 DEBUG Tt4b_Pixel_Class::inject_add_to_cart_event: Missing option "access_token"
2024-01-27T11:21:31+00:00 DEBUG Tt4b_Pixel_Class::inject_add_to_cart_event: hit AddToCart
2024-01-27T11:21:31+00:00 DEBUG Tt4b_Pixel_Class::inject_add_to_cart_event: Missing option "access_token"
2024-01-27T11:21:31+00:00 DEBUG Tt4b_Pixel_Class::inject_add_to_cart_event: hit AddToCart
2024-01-27T11:21:31+00:00 DEBUG Tt4b_Pixel_Class::inject_add_to_cart_event: Missing option "access_token"
2024-01-27T11:21:33+00:00 DEBUG Tt4b_Pixel_Class::inject_add_to_cart_event: hit AddToCart
2024-01-27T11:21:33+00:00 DEBUG Tt4b_Pixel_Class::inject_add_to_cart_event: Missing option "access_token"
2024-01-27T11:21:37+00:00 DEBUG Tt4b_Pixel_Class::inject_add_to_cart_event: hit AddToCart
2024-01-27T11:21:37+00:00 DEBUG Tt4b_Pixel_Class::inject_add_to_cart_event: Missing option "access_token"
2024-01-27T11:21:38+00:00 DEBUG Tt4b_Pixel_Class::inject_add_to_cart_event: hit AddToCart
2024-01-27T11:21:38+00:00 DEBUG Tt4b_Pixel_Class::inject_add_to_cart_event: Missing option "access_token"
2024-01-27T11:21:52+00:00 DEBUG Tt4b_Pixel_Class::inject_add_to_cart_event: hit AddToCart
2024-01-27T11:21:52+00:00 DEBUG Tt4b_Pixel_Class::inject_add_to_cart_event: Missing option "access_token"
2024-01-27T11:21:54+00:00 DEBUG Tt4b_Pixel_Class::inject_add_to_cart_event: hit AddToCart
2024-01-27T11:21:54+00:00 DEBUG Tt4b_Pixel_Class::inject_add_to_cart_event: Missing option "access_token"
2024-01-27T11:21:56+00:00 DEBUG Tt4b_Pixel_Class::inject_add_to_cart_event: hit AddToCart
2024-01-27T11:21:56+00:00 DEBUG Tt4b_Pixel_Class::inject_add_to_cart_event: Missing option "access_token"
2024-01-27T11:21:59+00:00 DEBUG Tt4b_Pixel_Class::inject_add_to_cart_event: hit AddToCart
2024-01-27T11:21:59+00:00 DEBUG Tt4b_Pixel_Class::inject_add_to_cart_event: Missing option "access_token"
2024-01-27T11:22:01+00:00 DEBUG Tt4b_Pixel_Class::inject_add_to_cart_event: hit AddToCart
2024-01-27T11:22:01+00:00 DEBUG Tt4b_Pixel_Class::inject_add_to_cart_event: Missing option "access_token"
2024-01-27T11:22:02+00:00 DEBUG Tt4b_Pixel_Class::inject_add_to_cart_event: hit AddToCart
2024-01-27T11:22:02+00:00 DEBUG Tt4b_Pixel_Class::inject_add_to_cart_event: Missing option "access_token"
2024-01-27T11:22:03+00:00 DEBUG Tt4b_Pixel_Class::inject_add_to_cart_event: hit AddToCart
2024-01-27T11:22:03+00:00 DEBUG Tt4b_Pixel_Class::inject_add_to_cart_event: Missing option "access_token"
2024-01-27T11:22:04+00:00 DEBUG Tt4b_Pixel_Class::inject_add_to_cart_event: hit AddToCart
2024-01-27T11:22:04+00:00 DEBUG Tt4b_Pixel_Class::inject_add_to_cart_event: Missing option "access_token"
2024-01-27T11:22:04+00:00 DEBUG Tt4b_Pixel_Class::inject_add_to_cart_event: hit AddToCart
2024-01-27T11:22:04+00:00 DEBUG Tt4b_Pixel_Class::inject_add_to_cart_event: Missing option "access_token"
2024-01-27T11:22:05+00:00 DEBUG Tt4b_Pixel_Class::inject_add_to_cart_event: hit AddToCart
2024-01-27T11:22:05+00:00 DEBUG Tt4b_Pixel_Class::inject_add_to_cart_event: Missing option "access_token"
2024-01-27T11:22:07+00:00 DEBUG Tt4b_Pixel_Class::inject_add_to_cart_event: hit AddToCart
2024-01-27T11:22:07+00:00 DEBUG Tt4b_Pixel_Class::inject_add_to_cart_event: Missing option "access_token"
2024-01-27T11:22:10+00:00 DEBUG Tt4b_Pixel_Class::inject_add_to_cart_event: hit AddToCart
2024-01-27T11:22:10+00:00 DEBUG Tt4b_Pixel_Class::inject_add_to_cart_event: Missing option "access_token"
2024-01-27T11:22:11+00:00 DEBUG Tt4b_Pixel_Class::inject_add_to_cart_event: hit AddToCart
2024-01-27T11:22:11+00:00 DEBUG Tt4b_Pixel_Class::inject_add_to_cart_event: Missing option "access_token"
2024-01-27T11:22:20+00:00 DEBUG Tt4b_Pixel_Class::inject_add_to_cart_event: hit AddToCart
2024-01-27T11:22:20+00:00 DEBUG Tt4b_Pixel_Class::inject_add_to_cart_event: Missing option "access_token"
2024-01-27T11:22:30+00:00 DEBUG Tt4b_Pixel_Class::inject_add_to_cart_event: hit AddToCart
2024-01-27T11:22:30+00:00 DEBUG Tt4b_Pixel_Class::inject_add_to_cart_event: Missing option "access_token"
2024-01-27T11:22:37+00:00 DEBUG Tt4b_Pixel_Class::inject_add_to_cart_event: hit AddToCart
2024-01-27T11:22:37+00:00 DEBUG Tt4b_Pixel_Class::inject_add_to_cart_event: Missing option "access_token"
2024-01-27T11:22:41+00:00 DEBUG Tt4b_Pixel_Class::inject_add_to_cart_event: hit AddToCart
2024-01-27T11:22:41+00:00 DEBUG Tt4b_Pixel_Class::inject_add_to_cart_event: Missing option "access_token"
2024-01-27T11:22:42+00:00 DEBUG Tt4b_Pixel_Class::inject_add_to_cart_event: hit AddToCart
2024-01-27T11:22:42+00:00 DEBUG Tt4b_Pixel_Class::inject_add_to_cart_event: Missing option "access_token"
2024-01-27T11:22:43+00:00 DEBUG Tt4b_Pixel_Class::inject_add_to_cart_event: hit AddToCart
2024-01-27T11:22:43+00:00 DEBUG Tt4b_Pixel_Class::inject_add_to_cart_event: Missing option "access_token"
2024-01-27T11:22:43+00:00 DEBUG Tt4b_Pixel_Class::inject_add_to_cart_event: hit AddToCart
2024-01-27T11:22:43+00:00 DEBUG Tt4b_Pixel_Class::inject_add_to_cart_event: Missing option "access_token"
2024-01-27T11:22:46+00:00 DEBUG Tt4b_Pixel_Class::inject_add_to_cart_event: hit AddToCart
2024-01-27T11:22:46+00:00 DEBUG Tt4b_Pixel_Class::inject_add_to_cart_event: Missing option "access_token"
2024-01-27T11:22:49+00:00 DEBUG Tt4b_Pixel_Class::inject_add_to_cart_event: hit AddToCart
2024-01-27T11:22:49+00:00 DEBUG Tt4b_Pixel_Class::inject_add_to_cart_event: Missing option "access_token"
2024-01-27T11:22:49+00:00 DEBUG Tt4b_Pixel_Class::inject_add_to_cart_event: hit AddToCart
2024-01-27T11:22:49+00:00 DEBUG Tt4b_Pixel_Class::inject_add_to_cart_event: Missing option "access_token"
2024-01-27T11:23:08+00:00 DEBUG Tt4b_Pixel_Class::inject_add_to_cart_event: hit AddToCart
2024-01-27T11:23:08+00:00 DEBUG Tt4b_Pixel_Class::inject_add_to_cart_event: Missing option "access_token"
2024-01-27T11:23:13+00:00 DEBUG Tt4b_Pixel_Class::inject_add_to_cart_event: hit AddToCart
2024-01-27T11:23:13+00:00 DEBUG Tt4b_Pixel_Class::inject_add_to_cart_event: Missing option "access_token"
2024-01-27T11:23:14+00:00 DEBUG Tt4b_Pixel_Class::inject_add_to_cart_event: hit AddToCart
2024-01-27T11:23:14+00:00 DEBUG Tt4b_Pixel_Class::inject_add_to_cart_event: Missing option "access_token"
2024-01-27T11:23:20+00:00 DEBUG Tt4b_Pixel_Class::inject_add_to_cart_event: hit AddToCart
2024-01-27T11:23:20+00:00 DEBUG Tt4b_Pixel_Class::inject_add_to_cart_event: Missing option "access_token"
2024-01-27T11:23:22+00:00 DEBUG Tt4b_Pixel_Class::inject_add_to_cart_event: hit AddToCart
2024-01-27T11:23:22+00:00 DEBUG Tt4b_Pixel_Class::inject_add_to_cart_event: Missing option "access_token"
2024-01-27T11:23:41+00:00 DEBUG Tt4b_Pixel_Class::inject_add_to_cart_event: hit AddToCart
2024-01-27T11:23:41+00:00 DEBUG Tt4b_Pixel_Class::inject_add_to_cart_event: Missing option "access_token"
2024-01-27T11:23:50+00:00 DEBUG Tt4b_Pixel_Class::inject_add_to_cart_event: hit AddToCart
2024-01-27T11:23:50+00:00 DEBUG Tt4b_Pixel_Class::inject_add_to_cart_event: Missing option "access_token"
2024-01-27T11:23:55+00:00 DEBUG Tt4b_Pixel_Class::inject_add_to_cart_event: hit AddToCart
2024-01-27T11:23:55+00:00 DEBUG Tt4b_Pixel_Class::inject_add_to_cart_event: Missing option "access_token"
2024-01-27T11:23:56+00:00 DEBUG Tt4b_Pixel_Class::inject_add_to_cart_event: hit AddToCart
2024-01-27T11:23:56+00:00 DEBUG Tt4b_Pixel_Class::inject_add_to_cart_event: Missing option "access_token"
2024-01-27T11:23:57+00:00 DEBUG Tt4b_Pixel_Class::inject_add_to_cart_event: hit AddToCart
2024-01-27T11:23:57+00:00 DEBUG Tt4b_Pixel_Class::inject_add_to_cart_event: Missing option "access_token"
2024-01-27T11:23:57+00:00 DEBUG Tt4b_Pixel_Class::inject_add_to_cart_event: hit AddToCart
2024-01-27T11:23:57+00:00 DEBUG Tt4b_Pixel_Class::inject_add_to_cart_event: Missing option "access_token"
2024-01-27T11:23:59+00:00 DEBUG Tt4b_Pixel_Class::inject_add_to_cart_event: hit AddToCart
2024-01-27T11:23:59+00:00 DEBUG Tt4b_Pixel_Class::inject_add_to_cart_event: Missing option "access_token"
2024-01-27T11:24:12+00:00 DEBUG Tt4b_Pixel_Class::inject_add_to_cart_event: hit AddToCart
2024-01-27T11:24:12+00:00 DEBUG Tt4b_Pixel_Class::inject_add_to_cart_event: Missing option "access_token"
2024-01-27T11:24:23+00:00 DEBUG Tt4b_Pixel_Class::inject_add_to_cart_event: hit AddToCart
2024-01-27T11:24:23+00:00 DEBUG Tt4b_Pixel_Class::inject_add_to_cart_event: Missing option "access_token"
2024-01-27T11:24:27+00:00 DEBUG Tt4b_Pixel_Class::inject_add_to_cart_event: hit AddToCart
2024-01-27T11:24:27+00:00 DEBUG Tt4b_Pixel_Class::inject_add_to_cart_event: Missing option "access_token"
2024-01-27T11:24:33+00:00 DEBUG Tt4b_Pixel_Class::inject_add_to_cart_event: hit AddToCart
2024-01-27T11:24:33+00:00 DEBUG Tt4b_Pixel_Class::inject_add_to_cart_event: Missing option "access_token"
2024-01-27T11:24:42+00:00 DEBUG Tt4b_Pixel_Class::inject_add_to_cart_event: hit AddToCart
2024-01-27T11:24:42+00:00 DEBUG Tt4b_Pixel_Class::inject_add_to_cart_event: Missing option "access_token"
2024-01-27T11:24:43+00:00 DEBUG Tt4b_Pixel_Class::inject_add_to_cart_event: hit AddToCart
2024-01-27T11:24:43+00:00 DEBUG Tt4b_Pixel_Class::inject_add_to_cart_event: Missing option "access_token"
2024-01-27T11:24:57+00:00 DEBUG Tt4b_Pixel_Class::inject_add_to_cart_event: hit AddToCart
2024-01-27T11:24:57+00:00 DEBUG Tt4b_Pixel_Class::inject_add_to_cart_event: Missing option "access_token"
2024-01-27T11:24:57+00:00 DEBUG Tt4b_Pixel_Class::inject_add_to_cart_event: hit AddToCart
2024-01-27T11:24:57+00:00 DEBUG Tt4b_Pixel_Class::inject_add_to_cart_event: Missing option "access_token"
2024-01-27T11:25:03+00:00 DEBUG Tt4b_Pixel_Class::inject_add_to_cart_event: hit AddToCart
2024-01-27T11:25:03+00:00 DEBUG Tt4b_Pixel_Class::inject_add_to_cart_event: Missing option "access_token"
2024-01-27T11:25:11+00:00 DEBUG Tt4b_Pixel_Class::inject_add_to_cart_event: hit AddToCart
2024-01-27T11:25:11+00:00 DEBUG Tt4b_Pixel_Class::inject_add_to_cart_event: Missing option "access_token"
2024-01-27T11:25:11+00:00 DEBUG Tt4b_Pixel_Class::inject_add_to_cart_event: hit AddToCart
2024-01-27T11:25:11+00:00 DEBUG Tt4b_Pixel_Class::inject_add_to_cart_event: Missing option "access_token"
2024-01-27T11:25:22+00:00 DEBUG Tt4b_Pixel_Class::inject_add_to_cart_event: hit AddToCart
2024-01-27T11:25:22+00:00 DEBUG Tt4b_Pixel_Class::inject_add_to_cart_event: Missing option "access_token"
2024-01-27T11:25:27+00:00 DEBUG Tt4b_Pixel_Class::inject_add_to_cart_event: hit AddToCart
2024-01-27T11:25:27+00:00 DEBUG Tt4b_Pixel_Class::inject_add_to_cart_event: Missing option "access_token"
2024-01-27T11:25:33+00:00 DEBUG Tt4b_Pixel_Class::inject_add_to_cart_event: hit AddToCart
2024-01-27T11:25:33+00:00 DEBUG Tt4b_Pixel_Class::inject_add_to_cart_event: Missing option "access_token"
2024-01-27T11:25:39+00:00 DEBUG Tt4b_Pixel_Class::inject_add_to_cart_event: hit AddToCart
2024-01-27T11:25:39+00:00 DEBUG Tt4b_Pixel_Class::inject_add_to_cart_event: Missing option "access_token"
2024-01-27T11:25:45+00:00 DEBUG Tt4b_Pixel_Class::inject_add_to_cart_event: hit AddToCart
2024-01-27T11:25:45+00:00 DEBUG Tt4b_Pixel_Class::inject_add_to_cart_event: Missing option "access_token"
2024-01-27T11:25:54+00:00 DEBUG Tt4b_Pixel_Class::inject_add_to_cart_event: hit AddToCart
2024-01-27T11:25:54+00:00 DEBUG Tt4b_Pixel_Class::inject_add_to_cart_event: Missing option "access_token"
2024-01-27T11:25:56+00:00 DEBUG Tt4b_Pixel_Class::inject_add_to_cart_event: hit AddToCart
2024-01-27T11:25:56+00:00 DEBUG Tt4b_Pixel_Class::inject_add_to_cart_event: Missing option "access_token"
2024-01-27T11:25:58+00:00 DEBUG Tt4b_Pixel_Class::inject_add_to_cart_event: hit AddToCart
2024-01-27T11:25:58+00:00 DEBUG Tt4b_Pixel_Class::inject_add_to_cart_event: Missing option "access_token"
2024-01-27T11:26:02+00:00 DEBUG Tt4b_Pixel_Class::inject_add_to_cart_event: hit AddToCart
2024-01-27T11:26:02+00:00 DEBUG Tt4b_Pixel_Class::inject_add_to_cart_event: Missing option "access_token"
2024-01-27T11:26:10+00:00 DEBUG Tt4b_Pixel_Class::inject_add_to_cart_event: hit AddToCart
2024-01-27T11:26:10+00:00 DEBUG Tt4b_Pixel_Class::inject_add_to_cart_event: Missing option "access_token"
2024-01-27T11:26:23+00:00 DEBUG Tt4b_Pixel_Class::inject_add_to_cart_event: hit AddToCart
2024-01-27T11:26:23+00:00 DEBUG Tt4b_Pixel_Class::inject_add_to_cart_event: Missing option "access_token"
2024-01-27T11:26:27+00:00 DEBUG Tt4b_Pixel_Class::inject_add_to_cart_event: hit AddToCart
2024-01-27T11:26:27+00:00 DEBUG Tt4b_Pixel_Class::inject_add_to_cart_event: Missing option "access_token"
2024-01-27T11:26:31+00:00 DEBUG Tt4b_Pixel_Class::inject_view_content_event: hit ViewContent
2024-01-27T11:26:31+00:00 DEBUG Tt4b_Pixel_Class::inject_view_content_event: Missing option "access_token"
2024-01-27T11:26:32+00:00 DEBUG Tt4b_Pixel_Class::inject_add_to_cart_event: hit AddToCart
2024-01-27T11:26:32+00:00 DEBUG Tt4b_Pixel_Class::inject_add_to_cart_event: Missing option "access_token"
2024-01-27T11:26:36+00:00 DEBUG Tt4b_Pixel_Class::inject_add_to_cart_event: hit AddToCart
2024-01-27T11:26:36+00:00 DEBUG Tt4b_Pixel_Class::inject_add_to_cart_event: Missing option "access_token"
2024-01-27T11:26:43+00:00 DEBUG Tt4b_Pixel_Class::inject_add_to_cart_event: hit AddToCart
2024-01-27T11:26:43+00:00 DEBUG Tt4b_Pixel_Class::inject_add_to_cart_event: hit AddToCart
2024-01-27T11:26:43+00:00 DEBUG Tt4b_Pixel_Class::inject_add_to_cart_event: Missing option "access_token"
2024-01-27T11:26:43+00:00 DEBUG Tt4b_Pixel_Class::inject_add_to_cart_event: Missing option "access_token"
2024-01-27T11:26:50+00:00 DEBUG Tt4b_Pixel_Class::inject_add_to_cart_event: hit AddToCart
2024-01-27T11:26:50+00:00 DEBUG Tt4b_Pixel_Class::inject_add_to_cart_event: Missing option "access_token"
2024-01-27T11:26:57+00:00 DEBUG Tt4b_Pixel_Class::inject_add_to_cart_event: hit AddToCart
2024-01-27T11:26:57+00:00 DEBUG Tt4b_Pixel_Class::inject_add_to_cart_event: Missing option "access_token"
2024-01-27T11:27:03+00:00 DEBUG Tt4b_Pixel_Class::inject_add_to_cart_event: hit AddToCart
2024-01-27T11:27:03+00:00 DEBUG Tt4b_Pixel_Class::inject_add_to_cart_event: Missing option "access_token"
2024-01-27T11:27:06+00:00 DEBUG Tt4b_Pixel_Class::inject_add_to_cart_event: hit AddToCart
2024-01-27T11:27:06+00:00 DEBUG Tt4b_Pixel_Class::inject_add_to_cart_event: Missing option "access_token"
2024-01-27T11:27:10+00:00 DEBUG Tt4b_Pixel_Class::inject_add_to_cart_event: hit AddToCart
2024-01-27T11:27:10+00:00 DEBUG Tt4b_Pixel_Class::inject_add_to_cart_event: Missing option "access_token"
2024-01-27T11:27:14+00:00 DEBUG Tt4b_Pixel_Class::inject_add_to_cart_event: hit AddToCart
2024-01-27T11:27:14+00:00 DEBUG Tt4b_Pixel_Class::inject_add_to_cart_event: Missing option "access_token"
2024-01-27T11:27:16+00:00 DEBUG Tt4b_Pixel_Class::inject_add_to_cart_event: hit AddToCart
2024-01-27T11:27:16+00:00 DEBUG Tt4b_Pixel_Class::inject_add_to_cart_event: Missing option "access_token"
2024-01-27T11:27:24+00:00 DEBUG Tt4b_Pixel_Class::inject_add_to_cart_event: hit AddToCart
2024-01-27T11:27:24+00:00 DEBUG Tt4b_Pixel_Class::inject_add_to_cart_event: Missing option "access_token"
2024-01-27T11:27:31+00:00 DEBUG Tt4b_Pixel_Class::inject_add_to_cart_event: hit AddToCart
2024-01-27T11:27:31+00:00 DEBUG Tt4b_Pixel_Class::inject_add_to_cart_event: Missing option "access_token"
2024-01-27T11:27:32+00:00 DEBUG Tt4b_Pixel_Class::inject_add_to_cart_event: hit AddToCart
2024-01-27T11:27:32+00:00 DEBUG Tt4b_Pixel_Class::inject_add_to_cart_event: Missing option "access_token"
2024-01-27T11:27:36+00:00 DEBUG Tt4b_Pixel_Class::inject_add_to_cart_event: hit AddToCart
2024-01-27T11:27:36+00:00 DEBUG Tt4b_Pixel_Class::inject_add_to_cart_event: Missing option "access_token"
2024-01-27T11:27:39+00:00 DEBUG Tt4b_Pixel_Class::inject_add_to_cart_event: hit AddToCart
2024-01-27T11:27:39+00:00 DEBUG Tt4b_Pixel_Class::inject_add_to_cart_event: Missing option "access_token"
2024-01-27T11:27:44+00:00 DEBUG Tt4b_Pixel_Class::inject_add_to_cart_event: hit AddToCart
2024-01-27T11:27:44+00:00 DEBUG Tt4b_Pixel_Class::inject_add_to_cart_event: Missing option "access_token"
2024-01-27T11:27:46+00:00 DEBUG Tt4b_Pixel_Class::inject_add_to_cart_event: hit AddToCart
2024-01-27T11:27:46+00:00 DEBUG Tt4b_Pixel_Class::inject_add_to_cart_event: Missing option "access_token"
2024-01-27T11:27:54+00:00 DEBUG Tt4b_Pixel_Class::inject_add_to_cart_event: hit AddToCart
2024-01-27T11:27:54+00:00 DEBUG Tt4b_Pixel_Class::inject_add_to_cart_event: Missing option "access_token"
2024-01-27T11:28:03+00:00 DEBUG Tt4b_Pixel_Class::inject_add_to_cart_event: hit AddToCart
2024-01-27T11:28:03+00:00 DEBUG Tt4b_Pixel_Class::inject_add_to_cart_event: Missing option "access_token"
2024-01-27T11:28:08+00:00 DEBUG Tt4b_Pixel_Class::inject_add_to_cart_event: hit AddToCart
2024-01-27T11:28:08+00:00 DEBUG Tt4b_Pixel_Class::inject_add_to_cart_event: Missing option "access_token"
2024-01-27T11:28:10+00:00 DEBUG Tt4b_Pixel_Class::inject_add_to_cart_event: hit AddToCart
2024-01-27T11:28:10+00:00 DEBUG Tt4b_Pixel_Class::inject_add_to_cart_event: Missing option "access_token"
2024-01-27T11:28:11+00:00 DEBUG Tt4b_Pixel_Class::inject_add_to_cart_event: hit AddToCart
2024-01-27T11:28:11+00:00 DEBUG Tt4b_Pixel_Class::inject_add_to_cart_event: Missing option "access_token"
2024-01-27T11:28:17+00:00 DEBUG Tt4b_Pixel_Class::inject_add_to_cart_event: hit AddToCart
2024-01-27T11:28:17+00:00 DEBUG Tt4b_Pixel_Class::inject_add_to_cart_event: Missing option "access_token"
2024-01-27T11:28:22+00:00 DEBUG Tt4b_Pixel_Class::inject_add_to_cart_event: hit AddToCart
2024-01-27T11:28:22+00:00 DEBUG Tt4b_Pixel_Class::inject_add_to_cart_event: Missing option "access_token"
2024-01-27T11:28:36+00:00 DEBUG Tt4b_Pixel_Class::inject_add_to_cart_event: hit AddToCart
2024-01-27T11:28:36+00:00 DEBUG Tt4b_Pixel_Class::inject_add_to_cart_event: Missing option "access_token"
2024-01-27T11:28:36+00:00 DEBUG Tt4b_Pixel_Class::inject_add_to_cart_event: hit AddToCart
2024-01-27T11:28:36+00:00 DEBUG Tt4b_Pixel_Class::inject_add_to_cart_event: Missing option "access_token"
2024-01-27T11:28:41+00:00 DEBUG Tt4b_Pixel_Class::inject_add_to_cart_event: hit AddToCart
2024-01-27T11:28:41+00:00 DEBUG Tt4b_Pixel_Class::inject_add_to_cart_event: Missing option "access_token"
2024-01-27T11:28:44+00:00 DEBUG Tt4b_Pixel_Class::inject_add_to_cart_event: hit AddToCart
2024-01-27T11:28:44+00:00 DEBUG Tt4b_Pixel_Class::inject_add_to_cart_event: Missing option "access_token"
2024-01-27T11:28:49+00:00 DEBUG Tt4b_Pixel_Class::inject_add_to_cart_event: hit AddToCart
2024-01-27T11:28:49+00:00 DEBUG Tt4b_Pixel_Class::inject_add_to_cart_event: Missing option "access_token"
2024-01-27T11:28:51+00:00 DEBUG Tt4b_Pixel_Class::inject_add_to_cart_event: hit AddToCart
2024-01-27T11:28:51+00:00 DEBUG Tt4b_Pixel_Class::inject_add_to_cart_event: Missing option "access_token"
2024-01-27T11:28:52+00:00 DEBUG Tt4b_Pixel_Class::inject_add_to_cart_event: hit AddToCart
2024-01-27T11:28:52+00:00 DEBUG Tt4b_Pixel_Class::inject_add_to_cart_event: Missing option "access_token"
2024-01-27T11:28:54+00:00 DEBUG Tt4b_Pixel_Class::inject_add_to_cart_event: hit AddToCart
2024-01-27T11:28:54+00:00 DEBUG Tt4b_Pixel_Class::inject_add_to_cart_event: Missing option "access_token"
2024-01-27T11:28:56+00:00 DEBUG Tt4b_Pixel_Class::inject_add_to_cart_event: hit AddToCart
2024-01-27T11:28:56+00:00 DEBUG Tt4b_Pixel_Class::inject_add_to_cart_event: Missing option "access_token"
2024-01-27T11:29:07+00:00 DEBUG Tt4b_Pixel_Class::inject_add_to_cart_event: hit AddToCart
2024-01-27T11:29:07+00:00 DEBUG Tt4b_Pixel_Class::inject_add_to_cart_event: Missing option "access_token"
2024-01-27T11:29:07+00:00 DEBUG Tt4b_Pixel_Class::inject_add_to_cart_event: hit AddToCart
2024-01-27T11:29:07+00:00 DEBUG Tt4b_Pixel_Class::inject_add_to_cart_event: Missing option "access_token"
2024-01-27T11:29:12+00:00 DEBUG Tt4b_Pixel_Class::inject_add_to_cart_event: hit AddToCart
2024-01-27T11:29:12+00:00 DEBUG Tt4b_Pixel_Class::inject_add_to_cart_event: Missing option "access_token"
2024-01-27T11:29:16+00:00 DEBUG Tt4b_Pixel_Class::inject_add_to_cart_event: hit AddToCart
2024-01-27T11:29:16+00:00 DEBUG Tt4b_Pixel_Class::inject_add_to_cart_event: Missing option "access_token"
2024-01-27T11:29:19+00:00 DEBUG Tt4b_Pixel_Class::inject_add_to_cart_event: hit AddToCart
2024-01-27T11:29:19+00:00 DEBUG Tt4b_Pixel_Class::inject_add_to_cart_event: Missing option "access_token"
2024-01-27T11:29:25+00:00 DEBUG Tt4b_Pixel_Class::inject_add_to_cart_event: hit AddToCart
2024-01-27T11:29:25+00:00 DEBUG Tt4b_Pixel_Class::inject_add_to_cart_event: Missing option "access_token"
2024-01-27T11:29:38+00:00 DEBUG Tt4b_Pixel_Class::inject_add_to_cart_event: hit AddToCart
2024-01-27T11:29:38+00:00 DEBUG Tt4b_Pixel_Class::inject_add_to_cart_event: Missing option "access_token"
2024-01-27T11:29:39+00:00 DEBUG Tt4b_Pixel_Class::inject_add_to_cart_event: hit AddToCart
2024-01-27T11:29:39+00:00 DEBUG Tt4b_Pixel_Class::inject_add_to_cart_event: Missing option "access_token"
2024-01-27T11:29:42+00:00 DEBUG Tt4b_Pixel_Class::inject_add_to_cart_event: hit AddToCart
2024-01-27T11:29:42+00:00 DEBUG Tt4b_Pixel_Class::inject_add_to_cart_event: Missing option "access_token"
2024-01-27T11:29:47+00:00 DEBUG Tt4b_Pixel_Class::inject_add_to_cart_event: hit AddToCart
2024-01-27T11:29:47+00:00 DEBUG Tt4b_Pixel_Class::inject_add_to_cart_event: Missing option "access_token"
2024-01-27T11:29:51+00:00 DEBUG Tt4b_Pixel_Class::inject_add_to_cart_event: hit AddToCart
2024-01-27T11:29:51+00:00 DEBUG Tt4b_Pixel_Class::inject_add_to_cart_event: Missing option "access_token"
2024-01-27T11:29:56+00:00 DEBUG Tt4b_Pixel_Class::inject_add_to_cart_event: hit AddToCart
2024-01-27T11:29:56+00:00 DEBUG Tt4b_Pixel_Class::inject_add_to_cart_event: Missing option "access_token"
2024-01-27T11:30:09+00:00 DEBUG Tt4b_Pixel_Class::inject_add_to_cart_event: hit AddToCart
2024-01-27T11:30:09+00:00 DEBUG Tt4b_Pixel_Class::inject_add_to_cart_event: Missing option "access_token"
2024-01-27T11:30:10+00:00 DEBUG Tt4b_Pixel_Class::inject_add_to_cart_event: hit AddToCart
2024-01-27T11:30:10+00:00 DEBUG Tt4b_Pixel_Class::inject_add_to_cart_event: Missing option "access_token"
2024-01-27T11:30:12+00:00 DEBUG Tt4b_Pixel_Class::inject_add_to_cart_event: hit AddToCart
2024-01-27T11:30:12+00:00 DEBUG Tt4b_Pixel_Class::inject_add_to_cart_event: Missing option "access_token"
2024-01-27T11:30:12+00:00 DEBUG Tt4b_Pixel_Class::inject_add_to_cart_event: hit AddToCart
2024-01-27T11:30:12+00:00 DEBUG Tt4b_Pixel_Class::inject_add_to_cart_event: Missing option "access_token"
2024-01-27T11:30:14+00:00 DEBUG Tt4b_Pixel_Class::inject_add_to_cart_event: hit AddToCart
2024-01-27T11:30:14+00:00 DEBUG Tt4b_Pixel_Class::inject_add_to_cart_event: Missing option "access_token"
2024-01-27T11:30:18+00:00 DEBUG Tt4b_Pixel_Class::inject_add_to_cart_event: hit AddToCart
2024-01-27T11:30:18+00:00 DEBUG Tt4b_Pixel_Class::inject_add_to_cart_event: Missing option "access_token"
2024-01-27T11:30:19+00:00 DEBUG Tt4b_Pixel_Class::inject_add_to_cart_event: hit AddToCart
2024-01-27T11:30:19+00:00 DEBUG Tt4b_Pixel_Class::inject_add_to_cart_event: Missing option "access_token"
2024-01-27T11:30:22+00:00 DEBUG Tt4b_Pixel_Class::inject_add_to_cart_event: hit AddToCart
2024-01-27T11:30:22+00:00 DEBUG Tt4b_Pixel_Class::inject_add_to_cart_event: Missing option "access_token"
2024-01-27T11:30:23+00:00 DEBUG Tt4b_Pixel_Class::inject_add_to_cart_event: hit AddToCart
2024-01-27T11:30:23+00:00 DEBUG Tt4b_Pixel_Class::inject_add_to_cart_event: Missing option "access_token"
2024-01-27T11:30:26+00:00 DEBUG Tt4b_Pixel_Class::inject_add_to_cart_event: hit AddToCart
2024-01-27T11:30:26+00:00 DEBUG Tt4b_Pixel_Class::inject_add_to_cart_event: Missing option "access_token"
2024-01-27T11:30:28+00:00 DEBUG Tt4b_Pixel_Class::inject_add_to_cart_event: hit AddToCart
2024-01-27T11:30:28+00:00 DEBUG Tt4b_Pixel_Class::inject_add_to_cart_event: Missing option "access_token"
2024-01-27T11:30:30+00:00 DEBUG Tt4b_Pixel_Class::inject_add_to_cart_event: hit AddToCart
2024-01-27T11:30:30+00:00 DEBUG Tt4b_Pixel_Class::inject_add_to_cart_event: Missing option "access_token"
2024-01-27T11:30:37+00:00 DEBUG Tt4b_Pixel_Class::inject_add_to_cart_event: hit AddToCart
2024-01-27T11:30:37+00:00 DEBUG Tt4b_Pixel_Class::inject_add_to_cart_event: Missing option "access_token"
2024-01-27T11:30:39+00:00 DEBUG Tt4b_Pixel_Class::inject_add_to_cart_event: hit AddToCart
2024-01-27T11:30:39+00:00 DEBUG Tt4b_Pixel_Class::inject_add_to_cart_event: Missing option "access_token"
2024-01-27T11:30:40+00:00 DEBUG Tt4b_Pixel_Class::inject_add_to_cart_event: hit AddToCart
2024-01-27T11:30:40+00:00 DEBUG Tt4b_Pixel_Class::inject_add_to_cart_event: Missing option "access_token"
2024-01-27T11:30:45+00:00 DEBUG Tt4b_Pixel_Class::inject_add_to_cart_event: hit AddToCart
2024-01-27T11:30:45+00:00 DEBUG Tt4b_Pixel_Class::inject_add_to_cart_event: Missing option "access_token"
2024-01-27T11:30:53+00:00 DEBUG Tt4b_Pixel_Class::inject_add_to_cart_event: hit AddToCart
2024-01-27T11:30:53+00:00 DEBUG Tt4b_Pixel_Class::inject_add_to_cart_event: Missing option "access_token"
2024-01-27T11:30:57+00:00 DEBUG Tt4b_Pixel_Class::inject_add_to_cart_event: hit AddToCart
2024-01-27T11:30:57+00:00 DEBUG Tt4b_Pixel_Class::inject_add_to_cart_event: Missing option "access_token"
2024-01-27T11:31:07+00:00 DEBUG Tt4b_Pixel_Class::inject_add_to_cart_event: hit AddToCart
2024-01-27T11:31:07+00:00 DEBUG Tt4b_Pixel_Class::inject_add_to_cart_event: Missing option "access_token"
2024-01-27T11:31:10+00:00 DEBUG Tt4b_Pixel_Class::inject_add_to_cart_event: hit AddToCart
2024-01-27T11:31:10+00:00 DEBUG Tt4b_Pixel_Class::inject_add_to_cart_event: Missing option "access_token"
2024-01-27T11:31:16+00:00 DEBUG Tt4b_Pixel_Class::inject_add_to_cart_event: hit AddToCart
2024-01-27T11:31:16+00:00 DEBUG Tt4b_Pixel_Class::inject_add_to_cart_event: Missing option "access_token"
2024-01-27T11:31:19+00:00 DEBUG Tt4b_Pixel_Class::inject_add_to_cart_event: hit AddToCart
2024-01-27T11:31:19+00:00 DEBUG Tt4b_Pixel_Class::inject_add_to_cart_event: Missing option "access_token"
2024-01-27T11:31:21+00:00 DEBUG Tt4b_Pixel_Class::inject_add_to_cart_event: hit AddToCart
2024-01-27T11:31:21+00:00 DEBUG Tt4b_Pixel_Class::inject_add_to_cart_event: Missing option "access_token"
2024-01-27T11:31:22+00:00 DEBUG Tt4b_Pixel_Class::inject_view_content_event: hit ViewContent
2024-01-27T11:31:22+00:00 DEBUG Tt4b_Pixel_Class::inject_view_content_event: Missing option "access_token"
2024-01-27T11:31:23+00:00 DEBUG Tt4b_Pixel_Class::inject_add_to_cart_event: hit AddToCart
2024-01-27T11:31:23+00:00 DEBUG Tt4b_Pixel_Class::inject_add_to_cart_event: Missing option "access_token"
2024-01-27T11:31:25+00:00 DEBUG Tt4b_Pixel_Class::inject_add_to_cart_event: hit AddToCart
2024-01-27T11:31:25+00:00 DEBUG Tt4b_Pixel_Class::inject_add_to_cart_event: Missing option "access_token"
2024-01-27T11:31:25+00:00 DEBUG Tt4b_Pixel_Class::inject_add_to_cart_event: hit AddToCart
2024-01-27T11:31:25+00:00 DEBUG Tt4b_Pixel_Class::inject_add_to_cart_event: Missing option "access_token"
2024-01-27T11:31:27+00:00 DEBUG Tt4b_Pixel_Class::inject_add_to_cart_event: hit AddToCart
2024-01-27T11:31:27+00:00 DEBUG Tt4b_Pixel_Class::inject_add_to_cart_event: Missing option "access_token"
2024-01-27T11:31:27+00:00 DEBUG Tt4b_Pixel_Class::inject_add_to_cart_event: hit AddToCart
2024-01-27T11:31:27+00:00 DEBUG Tt4b_Pixel_Class::inject_add_to_cart_event: Missing option "access_token"
2024-01-27T11:31:29+00:00 DEBUG Tt4b_Pixel_Class::inject_add_to_cart_event: hit AddToCart
2024-01-27T11:31:29+00:00 DEBUG Tt4b_Pixel_Class::inject_add_to_cart_event: Missing option "access_token"
2024-01-27T11:31:32+00:00 DEBUG Tt4b_Pixel_Class::inject_add_to_cart_event: hit AddToCart
2024-01-27T11:31:32+00:00 DEBUG Tt4b_Pixel_Class::inject_add_to_cart_event: Missing option "access_token"
2024-01-27T11:31:35+00:00 DEBUG Tt4b_Pixel_Class::inject_add_to_cart_event: hit AddToCart
2024-01-27T11:31:35+00:00 DEBUG Tt4b_Pixel_Class::inject_add_to_cart_event: Missing option "access_token"
2024-01-27T11:31:35+00:00 DEBUG Tt4b_Pixel_Class::inject_add_to_cart_event: hit AddToCart
2024-01-27T11:31:35+00:00 DEBUG Tt4b_Pixel_Class::inject_add_to_cart_event: Missing option "access_token"
2024-01-27T11:31:37+00:00 DEBUG Tt4b_Pixel_Class::inject_add_to_cart_event: hit AddToCart
2024-01-27T11:31:37+00:00 DEBUG Tt4b_Pixel_Class::inject_add_to_cart_event: Missing option "access_token"
2024-01-27T11:31:38+00:00 DEBUG Tt4b_Pixel_Class::inject_add_to_cart_event: hit AddToCart
2024-01-27T11:31:38+00:00 DEBUG Tt4b_Pixel_Class::inject_add_to_cart_event: Missing option "access_token"
2024-01-27T11:31:40+00:00 DEBUG Tt4b_Pixel_Class::inject_add_to_cart_event: hit AddToCart
2024-01-27T11:31:40+00:00 DEBUG Tt4b_Pixel_Class::inject_add_to_cart_event: Missing option "access_token"
2024-01-27T11:31:42+00:00 DEBUG Tt4b_Pixel_Class::inject_add_to_cart_event: hit AddToCart
2024-01-27T11:31:42+00:00 DEBUG Tt4b_Pixel_Class::inject_add_to_cart_event: Missing option "access_token"
2024-01-27T11:31:43+00:00 DEBUG Tt4b_Pixel_Class::inject_add_to_cart_event: hit AddToCart
2024-01-27T11:31:43+00:00 DEBUG Tt4b_Pixel_Class::inject_add_to_cart_event: Missing option "access_token"
2024-01-27T11:31:59+00:00 DEBUG Tt4b_Pixel_Class::inject_add_to_cart_event: hit AddToCart
2024-01-27T11:31:59+00:00 DEBUG Tt4b_Pixel_Class::inject_add_to_cart_event: Missing option "access_token"
2024-01-27T11:32:04+00:00 DEBUG Tt4b_Pixel_Class::inject_view_content_event: hit ViewContent
2024-01-27T11:32:04+00:00 DEBUG Tt4b_Pixel_Class::inject_view_content_event: Missing option "access_token"
2024-01-27T11:32:06+00:00 DEBUG Tt4b_Pixel_Class::inject_add_to_cart_event: hit AddToCart
2024-01-27T11:32:06+00:00 DEBUG Tt4b_Pixel_Class::inject_add_to_cart_event: Missing option "access_token"
2024-01-27T11:32:11+00:00 DEBUG Tt4b_Pixel_Class::inject_add_to_cart_event: hit AddToCart
2024-01-27T11:32:11+00:00 DEBUG Tt4b_Pixel_Class::inject_add_to_cart_event: Missing option "access_token"
2024-01-27T11:32:12+00:00 DEBUG Tt4b_Pixel_Class::inject_add_to_cart_event: hit AddToCart
2024-01-27T11:32:12+00:00 DEBUG Tt4b_Pixel_Class::inject_add_to_cart_event: Missing option "access_token"
2024-01-27T11:32:14+00:00 DEBUG Tt4b_Pixel_Class::inject_add_to_cart_event: hit AddToCart
2024-01-27T11:32:14+00:00 DEBUG Tt4b_Pixel_Class::inject_add_to_cart_event: Missing option "access_token"
2024-01-27T11:32:16+00:00 DEBUG Tt4b_Pixel_Class::inject_add_to_cart_event: hit AddToCart
2024-01-27T11:32:16+00:00 DEBUG Tt4b_Pixel_Class::inject_add_to_cart_event: Missing option "access_token"
2024-01-27T11:32:27+00:00 DEBUG Tt4b_Pixel_Class::inject_add_to_cart_event: hit AddToCart
2024-01-27T11:32:27+00:00 DEBUG Tt4b_Pixel_Class::inject_add_to_cart_event: Missing option "access_token"
2024-01-27T11:32:28+00:00 DEBUG Tt4b_Pixel_Class::inject_add_to_cart_event: hit AddToCart
2024-01-27T11:32:28+00:00 DEBUG Tt4b_Pixel_Class::inject_add_to_cart_event: Missing option "access_token"
2024-01-27T11:32:34+00:00 DEBUG Tt4b_Pixel_Class::inject_add_to_cart_event: hit AddToCart
2024-01-27T11:32:34+00:00 DEBUG Tt4b_Pixel_Class::inject_add_to_cart_event: Missing option "access_token"
2024-01-27T11:32:36+00:00 DEBUG Tt4b_Pixel_Class::inject_add_to_cart_event: hit AddToCart
2024-01-27T11:32:36+00:00 DEBUG Tt4b_Pixel_Class::inject_add_to_cart_event: Missing option "access_token"
2024-01-27T11:32:36+00:00 DEBUG Tt4b_Pixel_Class::inject_view_content_event: hit ViewContent
2024-01-27T11:32:36+00:00 DEBUG Tt4b_Pixel_Class::inject_view_content_event: Missing option "access_token"
2024-01-27T11:32:40+00:00 DEBUG Tt4b_Pixel_Class::inject_add_to_cart_event: hit AddToCart
2024-01-27T11:32:40+00:00 DEBUG Tt4b_Pixel_Class::inject_add_to_cart_event: Missing option "access_token"
2024-01-27T11:32:42+00:00 DEBUG Tt4b_Pixel_Class::inject_add_to_cart_event: hit AddToCart
2024-01-27T11:32:42+00:00 DEBUG Tt4b_Pixel_Class::inject_add_to_cart_event: Missing option "access_token"
2024-01-27T11:32:45+00:00 DEBUG Tt4b_Pixel_Class::inject_add_to_cart_event: hit AddToCart
2024-01-27T11:32:45+00:00 DEBUG Tt4b_Pixel_Class::inject_add_to_cart_event: Missing option "access_token"
2024-01-27T11:32:47+00:00 DEBUG Tt4b_Pixel_Class::inject_add_to_cart_event: hit AddToCart
2024-01-27T11:32:47+00:00 DEBUG Tt4b_Pixel_Class::inject_add_to_cart_event: Missing option "access_token"
2024-01-27T11:32:49+00:00 DEBUG Tt4b_Pixel_Class::inject_add_to_cart_event: hit AddToCart
2024-01-27T11:32:49+00:00 DEBUG Tt4b_Pixel_Class::inject_add_to_cart_event: Missing option "access_token"
2024-01-27T11:32:55+00:00 DEBUG Tt4b_Pixel_Class::inject_add_to_cart_event: hit AddToCart
2024-01-27T11:32:55+00:00 DEBUG Tt4b_Pixel_Class::inject_add_to_cart_event: Missing option "access_token"
2024-01-27T11:32:56+00:00 DEBUG Tt4b_Pixel_Class::inject_add_to_cart_event: hit AddToCart
2024-01-27T11:32:56+00:00 DEBUG Tt4b_Pixel_Class::inject_add_to_cart_event: Missing option "access_token"
2024-01-27T11:33:01+00:00 DEBUG Tt4b_Pixel_Class::inject_add_to_cart_event: hit AddToCart
2024-01-27T11:33:01+00:00 DEBUG Tt4b_Pixel_Class::inject_add_to_cart_event: Missing option "access_token"
2024-01-27T11:33:09+00:00 DEBUG Tt4b_Pixel_Class::inject_view_content_event: hit ViewContent
2024-01-27T11:33:09+00:00 DEBUG Tt4b_Pixel_Class::inject_view_content_event: Missing option "access_token"
2024-01-27T11:33:13+00:00 DEBUG Tt4b_Pixel_Class::inject_add_to_cart_event: hit AddToCart
2024-01-27T11:33:13+00:00 DEBUG Tt4b_Pixel_Class::inject_add_to_cart_event: Missing option "access_token"
2024-01-27T11:33:17+00:00 DEBUG Tt4b_Pixel_Class::inject_add_to_cart_event: hit AddToCart
2024-01-27T11:33:17+00:00 DEBUG Tt4b_Pixel_Class::inject_add_to_cart_event: Missing option "access_token"
2024-01-27T11:33:25+00:00 DEBUG Tt4b_Pixel_Class::inject_add_to_cart_event: hit AddToCart
2024-01-27T11:33:25+00:00 DEBUG Tt4b_Pixel_Class::inject_add_to_cart_event: Missing option "access_token"
2024-01-27T11:33:29+00:00 DEBUG Tt4b_Pixel_Class::inject_add_to_cart_event: hit AddToCart
2024-01-27T11:33:29+00:00 DEBUG Tt4b_Pixel_Class::inject_add_to_cart_event: Missing option "access_token"
2024-01-27T11:33:30+00:00 DEBUG Tt4b_Pixel_Class::inject_add_to_cart_event: hit AddToCart
2024-01-27T11:33:30+00:00 DEBUG Tt4b_Pixel_Class::inject_add_to_cart_event: Missing option "access_token"
2024-01-27T11:33:36+00:00 DEBUG Tt4b_Pixel_Class::inject_add_to_cart_event: hit AddToCart
2024-01-27T11:33:36+00:00 DEBUG Tt4b_Pixel_Class::inject_add_to_cart_event: Missing option "access_token"
2024-01-27T11:33:43+00:00 DEBUG Tt4b_Pixel_Class::inject_view_content_event: hit ViewContent
2024-01-27T11:33:43+00:00 DEBUG Tt4b_Pixel_Class::inject_view_content_event: Missing option "access_token"
2024-01-27T11:33:45+00:00 DEBUG Tt4b_Pixel_Class::inject_view_content_event: hit ViewContent
2024-01-27T11:33:45+00:00 DEBUG Tt4b_Pixel_Class::inject_view_content_event: Missing option "access_token"
2024-01-27T11:33:47+00:00 DEBUG Tt4b_Pixel_Class::inject_view_content_event: hit ViewContent
2024-01-27T11:33:47+00:00 DEBUG Tt4b_Pixel_Class::inject_view_content_event: Missing option "access_token"
2024-01-27T11:33:47+00:00 DEBUG Tt4b_Pixel_Class::inject_add_to_cart_event: hit AddToCart
2024-01-27T11:33:47+00:00 DEBUG Tt4b_Pixel_Class::inject_add_to_cart_event: Missing option "access_token"
2024-01-27T11:33:49+00:00 DEBUG Tt4b_Pixel_Class::inject_view_content_event: hit ViewContent
2024-01-27T11:33:49+00:00 DEBUG Tt4b_Pixel_Class::inject_view_content_event: Missing option "access_token"
2024-01-27T11:33:49+00:00 DEBUG Tt4b_Pixel_Class::inject_add_to_cart_event: hit AddToCart
2024-01-27T11:33:49+00:00 DEBUG Tt4b_Pixel_Class::inject_add_to_cart_event: Missing option "access_token"
2024-01-27T11:33:51+00:00 DEBUG Tt4b_Pixel_Class::inject_view_content_event: hit ViewContent
2024-01-27T11:33:51+00:00 DEBUG Tt4b_Pixel_Class::inject_view_content_event: Missing option "access_token"
2024-01-27T11:33:53+00:00 DEBUG Tt4b_Pixel_Class::inject_view_content_event: hit ViewContent
2024-01-27T11:33:53+00:00 DEBUG Tt4b_Pixel_Class::inject_view_content_event: Missing option "access_token"
2024-01-27T11:33:59+00:00 DEBUG Tt4b_Pixel_Class::inject_add_to_cart_event: hit AddToCart
2024-01-27T11:33:59+00:00 DEBUG Tt4b_Pixel_Class::inject_add_to_cart_event: Missing option "access_token"
2024-01-27T11:34:00+00:00 DEBUG Tt4b_Pixel_Class::inject_add_to_cart_event: hit AddToCart
2024-01-27T11:34:00+00:00 DEBUG Tt4b_Pixel_Class::inject_add_to_cart_event: Missing option "access_token"
2024-01-27T11:34:03+00:00 DEBUG Tt4b_Pixel_Class::inject_add_to_cart_event: hit AddToCart
2024-01-27T11:34:03+00:00 DEBUG Tt4b_Pixel_Class::inject_add_to_cart_event: Missing option "access_token"
2024-01-27T11:34:03+00:00 DEBUG Tt4b_Pixel_Class::inject_add_to_cart_event: hit AddToCart
2024-01-27T11:34:03+00:00 DEBUG Tt4b_Pixel_Class::inject_add_to_cart_event: Missing option "access_token"
2024-01-27T11:34:09+00:00 DEBUG Tt4b_Pixel_Class::inject_add_to_cart_event: hit AddToCart
2024-01-27T11:34:09+00:00 DEBUG Tt4b_Pixel_Class::inject_add_to_cart_event: Missing option "access_token"
2024-01-27T11:34:11+00:00 DEBUG Tt4b_Pixel_Class::inject_add_to_cart_event: hit AddToCart
2024-01-27T11:34:11+00:00 DEBUG Tt4b_Pixel_Class::inject_add_to_cart_event: Missing option "access_token"
2024-01-27T11:34:15+00:00 DEBUG Tt4b_Pixel_Class::inject_add_to_cart_event: hit AddToCart
2024-01-27T11:34:15+00:00 DEBUG Tt4b_Pixel_Class::inject_add_to_cart_event: Missing option "access_token"
2024-01-27T11:34:15+00:00 DEBUG Tt4b_Pixel_Class::inject_add_to_cart_event: hit AddToCart
2024-01-27T11:34:15+00:00 DEBUG Tt4b_Pixel_Class::inject_add_to_cart_event: Missing option "access_token"
2024-01-27T11:34:24+00:00 DEBUG Tt4b_Pixel_Class::inject_add_to_cart_event: hit AddToCart
2024-01-27T11:34:24+00:00 DEBUG Tt4b_Pixel_Class::inject_add_to_cart_event: Missing option "access_token"
2024-01-27T11:34:25+00:00 DEBUG Tt4b_Pixel_Class::inject_view_content_event: hit ViewContent
2024-01-27T11:34:25+00:00 DEBUG Tt4b_Pixel_Class::inject_view_content_event: Missing option "access_token"
2024-01-27T11:34:26+00:00 DEBUG Tt4b_Pixel_Class::inject_add_to_cart_event: hit AddToCart
2024-01-27T11:34:26+00:00 DEBUG Tt4b_Pixel_Class::inject_add_to_cart_event: Missing option "access_token"
2024-01-27T11:34:33+00:00 DEBUG Tt4b_Pixel_Class::inject_add_to_cart_event: hit AddToCart
2024-01-27T11:34:33+00:00 DEBUG Tt4b_Pixel_Class::inject_add_to_cart_event: Missing option "access_token"
2024-01-27T11:34:40+00:00 DEBUG Tt4b_Pixel_Class::inject_add_to_cart_event: hit AddToCart
2024-01-27T11:34:40+00:00 DEBUG Tt4b_Pixel_Class::inject_add_to_cart_event: Missing option "access_token"
2024-01-27T11:34:48+00:00 DEBUG Tt4b_Pixel_Class::inject_add_to_cart_event: hit AddToCart
2024-01-27T11:34:48+00:00 DEBUG Tt4b_Pixel_Class::inject_add_to_cart_event: Missing option "access_token"
2024-01-27T11:34:49+00:00 DEBUG Tt4b_Pixel_Class::inject_add_to_cart_event: hit AddToCart
2024-01-27T11:34:49+00:00 DEBUG Tt4b_Pixel_Class::inject_add_to_cart_event: Missing option "access_token"
2024-01-27T11:34:55+00:00 DEBUG Tt4b_Pixel_Class::inject_add_to_cart_event: hit AddToCart
2024-01-27T11:34:55+00:00 DEBUG Tt4b_Pixel_Class::inject_add_to_cart_event: Missing option "access_token"
2024-01-27T11:34:57+00:00 DEBUG Tt4b_Pixel_Class::inject_add_to_cart_event: hit AddToCart
2024-01-27T11:34:57+00:00 DEBUG Tt4b_Pixel_Class::inject_add_to_cart_event: Missing option "access_token"
2024-01-27T11:35:04+00:00 DEBUG Tt4b_Pixel_Class::inject_view_content_event: hit ViewContent
2024-01-27T11:35:04+00:00 DEBUG Tt4b_Pixel_Class::inject_view_content_event: Missing option "access_token"
2024-01-27T11:35:11+00:00 DEBUG Tt4b_Pixel_Class::inject_add_to_cart_event: hit AddToCart
2024-01-27T11:35:11+00:00 DEBUG Tt4b_Pixel_Class::inject_add_to_cart_event: Missing option "access_token"
2024-01-27T11:35:11+00:00 DEBUG Tt4b_Pixel_Class::inject_add_to_cart_event: hit AddToCart
2024-01-27T11:35:11+00:00 DEBUG Tt4b_Pixel_Class::inject_add_to_cart_event: Missing option "access_token"
2024-01-27T11:35:19+00:00 DEBUG Tt4b_Pixel_Class::inject_add_to_cart_event: hit AddToCart
2024-01-27T11:35:19+00:00 DEBUG Tt4b_Pixel_Class::inject_add_to_cart_event: Missing option "access_token"
2024-01-27T11:35:24+00:00 DEBUG Tt4b_Pixel_Class::inject_add_to_cart_event: hit AddToCart
2024-01-27T11:35:24+00:00 DEBUG Tt4b_Pixel_Class::inject_add_to_cart_event: Missing option "access_token"
2024-01-27T11:35:26+00:00 DEBUG Tt4b_Pixel_Class::inject_add_to_cart_event: hit AddToCart
2024-01-27T11:35:26+00:00 DEBUG Tt4b_Pixel_Class::inject_add_to_cart_event: Missing option "access_token"
2024-01-27T11:35:28+00:00 DEBUG Tt4b_Pixel_Class::inject_add_to_cart_event: hit AddToCart
2024-01-27T11:35:28+00:00 DEBUG Tt4b_Pixel_Class::inject_add_to_cart_event: Missing option "access_token"
2024-01-27T11:35:36+00:00 DEBUG Tt4b_Pixel_Class::inject_view_content_event: hit ViewContent
2024-01-27T11:35:36+00:00 DEBUG Tt4b_Pixel_Class::inject_view_content_event: Missing option "access_token"
2024-01-27T11:35:45+00:00 DEBUG Tt4b_Pixel_Class::inject_add_to_cart_event: hit AddToCart
2024-01-27T11:35:45+00:00 DEBUG Tt4b_Pixel_Class::inject_add_to_cart_event: Missing option "access_token"
2024-01-27T11:35:46+00:00 DEBUG Tt4b_Pixel_Class::inject_add_to_cart_event: hit AddToCart
2024-01-27T11:35:46+00:00 DEBUG Tt4b_Pixel_Class::inject_add_to_cart_event: Missing option "access_token"
2024-01-27T11:35:51+00:00 DEBUG Tt4b_Pixel_Class::inject_add_to_cart_event: hit AddToCart
2024-01-27T11:35:51+00:00 DEBUG Tt4b_Pixel_Class::inject_add_to_cart_event: Missing option "access_token"
2024-01-27T11:35:57+00:00 DEBUG Tt4b_Pixel_Class::inject_add_to_cart_event: hit AddToCart
2024-01-27T11:35:57+00:00 DEBUG Tt4b_Pixel_Class::inject_add_to_cart_event: Missing option "access_token"
2024-01-27T11:35:59+00:00 DEBUG Tt4b_Pixel_Class::inject_add_to_cart_event: hit AddToCart
2024-01-27T11:35:59+00:00 DEBUG Tt4b_Pixel_Class::inject_add_to_cart_event: Missing option "access_token"
2024-01-27T11:35:59+00:00 DEBUG Tt4b_Pixel_Class::inject_add_to_cart_event: hit AddToCart
2024-01-27T11:35:59+00:00 DEBUG Tt4b_Pixel_Class::inject_add_to_cart_event: Missing option "access_token"
2024-01-27T11:36:12+00:00 DEBUG Tt4b_Pixel_Class::inject_view_content_event: hit ViewContent
2024-01-27T11:36:12+00:00 DEBUG Tt4b_Pixel_Class::inject_view_content_event: Missing option "access_token"
2024-01-27T11:36:18+00:00 DEBUG Tt4b_Pixel_Class::inject_add_to_cart_event: hit AddToCart
2024-01-27T11:36:18+00:00 DEBUG Tt4b_Pixel_Class::inject_add_to_cart_event: Missing option "access_token"
2024-01-27T11:36:21+00:00 DEBUG Tt4b_Pixel_Class::inject_add_to_cart_event: hit AddToCart
2024-01-27T11:36:21+00:00 DEBUG Tt4b_Pixel_Class::inject_add_to_cart_event: Missing option "access_token"
2024-01-27T11:36:28+00:00 DEBUG Tt4b_Pixel_Class::inject_add_to_cart_event: hit AddToCart
2024-01-27T11:36:28+00:00 DEBUG Tt4b_Pixel_Class::inject_add_to_cart_event: Missing option "access_token"
2024-01-27T11:36:33+00:00 DEBUG Tt4b_Pixel_Class::inject_add_to_cart_event: hit AddToCart
2024-01-27T11:36:33+00:00 DEBUG Tt4b_Pixel_Class::inject_add_to_cart_event: Missing option "access_token"
2024-01-27T11:36:35+00:00 DEBUG Tt4b_Pixel_Class::inject_add_to_cart_event: hit AddToCart
2024-01-27T11:36:35+00:00 DEBUG Tt4b_Pixel_Class::inject_add_to_cart_event: Missing option "access_token"
2024-01-27T11:36:37+00:00 DEBUG Tt4b_Pixel_Class::inject_add_to_cart_event: hit AddToCart
2024-01-27T11:36:37+00:00 DEBUG Tt4b_Pixel_Class::inject_add_to_cart_event: Missing option "access_token"
2024-01-27T11:36:47+00:00 DEBUG Tt4b_Pixel_Class::inject_view_content_event: hit ViewContent
2024-01-27T11:36:47+00:00 DEBUG Tt4b_Pixel_Class::inject_view_content_event: Missing option "access_token"
2024-01-27T11:36:51+00:00 DEBUG Tt4b_Pixel_Class::inject_add_to_cart_event: hit AddToCart
2024-01-27T11:36:51+00:00 DEBUG Tt4b_Pixel_Class::inject_add_to_cart_event: Missing option "access_token"
2024-01-27T11:36:56+00:00 DEBUG Tt4b_Pixel_Class::inject_add_to_cart_event: hit AddToCart
2024-01-27T11:36:56+00:00 DEBUG Tt4b_Pixel_Class::inject_add_to_cart_event: Missing option "access_token"
2024-01-27T11:37:00+00:00 DEBUG Tt4b_Pixel_Class::inject_add_to_cart_event: hit AddToCart
2024-01-27T11:37:00+00:00 DEBUG Tt4b_Pixel_Class::inject_add_to_cart_event: Missing option "access_token"
2024-01-27T11:37:03+00:00 DEBUG Tt4b_Pixel_Class::inject_add_to_cart_event: hit AddToCart
2024-01-27T11:37:03+00:00 DEBUG Tt4b_Pixel_Class::inject_add_to_cart_event: Missing option "access_token"
2024-01-27T11:37:05+00:00 DEBUG Tt4b_Pixel_Class::inject_add_to_cart_event: hit AddToCart
2024-01-27T11:37:05+00:00 DEBUG Tt4b_Pixel_Class::inject_add_to_cart_event: Missing option "access_token"
2024-01-27T11:37:08+00:00 DEBUG Tt4b_Pixel_Class::inject_add_to_cart_event: hit AddToCart
2024-01-27T11:37:08+00:00 DEBUG Tt4b_Pixel_Class::inject_add_to_cart_event: Missing option "access_token"
2024-01-27T11:37:10+00:00 DEBUG Tt4b_Pixel_Class::inject_add_to_cart_event: hit AddToCart
2024-01-27T11:37:10+00:00 DEBUG Tt4b_Pixel_Class::inject_add_to_cart_event: Missing option "access_token"
2024-01-27T11:37:11+00:00 DEBUG Tt4b_Pixel_Class::inject_add_to_cart_event: hit AddToCart
2024-01-27T11:37:11+00:00 DEBUG Tt4b_Pixel_Class::inject_add_to_cart_event: Missing option "access_token"
2024-01-27T11:37:13+00:00 DEBUG Tt4b_Pixel_Class::inject_add_to_cart_event: hit AddToCart
2024-01-27T11:37:13+00:00 DEBUG Tt4b_Pixel_Class::inject_add_to_cart_event: Missing option "access_token"
2024-01-27T11:37:14+00:00 DEBUG Tt4b_Pixel_Class::inject_add_to_cart_event: hit AddToCart
2024-01-27T11:37:14+00:00 DEBUG Tt4b_Pixel_Class::inject_add_to_cart_event: Missing option "access_token"
2024-01-27T11:37:15+00:00 DEBUG Tt4b_Pixel_Class::inject_add_to_cart_event: hit AddToCart
2024-01-27T11:37:15+00:00 DEBUG Tt4b_Pixel_Class::inject_add_to_cart_event: Missing option "access_token"
2024-01-27T11:37:16+00:00 DEBUG Tt4b_Pixel_Class::inject_add_to_cart_event: hit AddToCart
2024-01-27T11:37:16+00:00 DEBUG Tt4b_Pixel_Class::inject_add_to_cart_event: Missing option "access_token"
2024-01-27T11:37:23+00:00 DEBUG Tt4b_Pixel_Class::inject_view_content_event: hit ViewContent
2024-01-27T11:37:23+00:00 DEBUG Tt4b_Pixel_Class::inject_view_content_event: Missing option "access_token"
2024-01-27T11:37:27+00:00 DEBUG Tt4b_Pixel_Class::inject_add_to_cart_event: hit AddToCart
2024-01-27T11:37:27+00:00 DEBUG Tt4b_Pixel_Class::inject_add_to_cart_event: Missing option "access_token"
2024-01-27T11:37:30+00:00 DEBUG Tt4b_Pixel_Class::inject_add_to_cart_event: hit AddToCart
2024-01-27T11:37:30+00:00 DEBUG Tt4b_Pixel_Class::inject_add_to_cart_event: Missing option "access_token"
2024-01-27T11:37:34+00:00 DEBUG Tt4b_Pixel_Class::inject_view_content_event: hit ViewContent
2024-01-27T11:37:34+00:00 DEBUG Tt4b_Pixel_Class::inject_view_content_event: Missing option "access_token"
2024-01-27T11:37:40+00:00 DEBUG Tt4b_Pixel_Class::inject_add_to_cart_event: hit AddToCart
2024-01-27T11:37:40+00:00 DEBUG Tt4b_Pixel_Class::inject_add_to_cart_event: Missing option "access_token"
2024-01-27T11:37:45+00:00 DEBUG Tt4b_Pixel_Class::inject_add_to_cart_event: hit AddToCart
2024-01-27T11:37:45+00:00 DEBUG Tt4b_Pixel_Class::inject_add_to_cart_event: Missing option "access_token"
2024-01-27T11:37:54+00:00 DEBUG Tt4b_Pixel_Class::inject_add_to_cart_event: hit AddToCart
2024-01-27T11:37:54+00:00 DEBUG Tt4b_Pixel_Class::inject_add_to_cart_event: Missing option "access_token"
2024-01-27T11:37:58+00:00 DEBUG Tt4b_Pixel_Class::inject_add_to_cart_event: hit AddToCart
2024-01-27T11:37:58+00:00 DEBUG Tt4b_Pixel_Class::inject_add_to_cart_event: Missing option "access_token"
2024-01-27T11:38:06+00:00 DEBUG Tt4b_Pixel_Class::inject_view_content_event: hit ViewContent
2024-01-27T11:38:06+00:00 DEBUG Tt4b_Pixel_Class::inject_view_content_event: Missing option "access_token"
2024-01-27T11:38:11+00:00 DEBUG Tt4b_Pixel_Class::inject_add_to_cart_event: hit AddToCart
2024-01-27T11:38:11+00:00 DEBUG Tt4b_Pixel_Class::inject_add_to_cart_event: Missing option "access_token"
2024-01-27T11:38:12+00:00 DEBUG Tt4b_Pixel_Class::inject_add_to_cart_event: hit AddToCart
2024-01-27T11:38:12+00:00 DEBUG Tt4b_Pixel_Class::inject_add_to_cart_event: Missing option "access_token"
2024-01-27T11:38:12+00:00 DEBUG Tt4b_Pixel_Class::inject_view_content_event: hit ViewContent
2024-01-27T11:38:12+00:00 DEBUG Tt4b_Pixel_Class::inject_view_content_event: Missing option "access_token"
2024-01-27T11:38:15+00:00 DEBUG Tt4b_Pixel_Class::inject_view_content_event: hit ViewContent
2024-01-27T11:38:15+00:00 DEBUG Tt4b_Pixel_Class::inject_view_content_event: Missing option "access_token"
2024-01-27T11:38:15+00:00 DEBUG Tt4b_Pixel_Class::inject_add_to_cart_event: hit AddToCart
2024-01-27T11:38:15+00:00 DEBUG Tt4b_Pixel_Class::inject_add_to_cart_event: Missing option "access_token"
2024-01-27T11:38:17+00:00 DEBUG Tt4b_Pixel_Class::inject_add_to_cart_event: hit AddToCart
2024-01-27T11:38:17+00:00 DEBUG Tt4b_Pixel_Class::inject_add_to_cart_event: Missing option "access_token"
2024-01-27T11:38:18+00:00 DEBUG Tt4b_Pixel_Class::inject_add_to_cart_event: hit AddToCart
2024-01-27T11:38:18+00:00 DEBUG Tt4b_Pixel_Class::inject_add_to_cart_event: Missing option "access_token"
2024-01-27T11:38:21+00:00 DEBUG Tt4b_Pixel_Class::inject_add_to_cart_event: hit AddToCart
2024-01-27T11:38:21+00:00 DEBUG Tt4b_Pixel_Class::inject_add_to_cart_event: Missing option "access_token"
2024-01-27T11:38:21+00:00 DEBUG Tt4b_Pixel_Class::inject_add_to_cart_event: hit AddToCart
2024-01-27T11:38:21+00:00 DEBUG Tt4b_Pixel_Class::inject_add_to_cart_event: Missing option "access_token"
2024-01-27T11:38:23+00:00 DEBUG Tt4b_Pixel_Class::inject_add_to_cart_event: hit AddToCart
2024-01-27T11:38:23+00:00 DEBUG Tt4b_Pixel_Class::inject_add_to_cart_event: Missing option "access_token"
2024-01-27T11:38:23+00:00 DEBUG Tt4b_Pixel_Class::inject_add_to_cart_event: hit AddToCart
2024-01-27T11:38:23+00:00 DEBUG Tt4b_Pixel_Class::inject_add_to_cart_event: Missing option "access_token"
2024-01-27T11:38:25+00:00 DEBUG Tt4b_Pixel_Class::inject_add_to_cart_event: hit AddToCart
2024-01-27T11:38:25+00:00 DEBUG Tt4b_Pixel_Class::inject_add_to_cart_event: Missing option "access_token"
2024-01-27T11:38:26+00:00 DEBUG Tt4b_Pixel_Class::inject_add_to_cart_event: hit AddToCart
2024-01-27T11:38:26+00:00 DEBUG Tt4b_Pixel_Class::inject_add_to_cart_event: Missing option "access_token"
2024-01-27T11:38:27+00:00 DEBUG Tt4b_Pixel_Class::inject_add_to_cart_event: hit AddToCart
2024-01-27T11:38:27+00:00 DEBUG Tt4b_Pixel_Class::inject_add_to_cart_event: Missing option "access_token"
2024-01-27T11:38:28+00:00 DEBUG Tt4b_Pixel_Class::inject_add_to_cart_event: hit AddToCart
2024-01-27T11:38:28+00:00 DEBUG Tt4b_Pixel_Class::inject_add_to_cart_event: Missing option "access_token"
2024-01-27T11:38:30+00:00 DEBUG Tt4b_Pixel_Class::inject_add_to_cart_event: hit AddToCart
2024-01-27T11:38:30+00:00 DEBUG Tt4b_Pixel_Class::inject_add_to_cart_event: Missing option "access_token"
2024-01-27T11:38:31+00:00 DEBUG Tt4b_Pixel_Class::inject_add_to_cart_event: hit AddToCart
2024-01-27T11:38:31+00:00 DEBUG Tt4b_Pixel_Class::inject_add_to_cart_event: Missing option "access_token"
2024-01-27T11:38:32+00:00 DEBUG Tt4b_Pixel_Class::inject_add_to_cart_event: hit AddToCart
2024-01-27T11:38:32+00:00 DEBUG Tt4b_Pixel_Class::inject_add_to_cart_event: Missing option "access_token"
2024-01-27T11:38:34+00:00 DEBUG Tt4b_Pixel_Class::inject_add_to_cart_event: hit AddToCart
2024-01-27T11:38:34+00:00 DEBUG Tt4b_Pixel_Class::inject_add_to_cart_event: Missing option "access_token"
2024-01-27T11:38:37+00:00 DEBUG Tt4b_Pixel_Class::inject_add_to_cart_event: hit AddToCart
2024-01-27T11:38:37+00:00 DEBUG Tt4b_Pixel_Class::inject_add_to_cart_event: Missing option "access_token"
2024-01-27T11:38:37+00:00 DEBUG Tt4b_Pixel_Class::inject_view_content_event: hit ViewContent
2024-01-27T11:38:37+00:00 DEBUG Tt4b_Pixel_Class::inject_view_content_event: Missing option "access_token"
2024-01-27T11:38:40+00:00 DEBUG Tt4b_Pixel_Class::inject_add_to_cart_event: hit AddToCart
2024-01-27T11:38:40+00:00 DEBUG Tt4b_Pixel_Class::inject_add_to_cart_event: Missing option "access_token"
2024-01-27T11:38:41+00:00 DEBUG Tt4b_Pixel_Class::inject_add_to_cart_event: hit AddToCart
2024-01-27T11:38:41+00:00 DEBUG Tt4b_Pixel_Class::inject_add_to_cart_event: Missing option "access_token"
2024-01-27T11:38:48+00:00 DEBUG Tt4b_Pixel_Class::inject_add_to_cart_event: hit AddToCart
2024-01-27T11:38:48+00:00 DEBUG Tt4b_Pixel_Class::inject_add_to_cart_event: Missing option "access_token"
2024-01-27T11:38:50+00:00 DEBUG Tt4b_Pixel_Class::inject_add_to_cart_event: hit AddToCart
2024-01-27T11:38:50+00:00 DEBUG Tt4b_Pixel_Class::inject_add_to_cart_event: Missing option "access_token"
2024-01-27T11:38:52+00:00 DEBUG Tt4b_Pixel_Class::inject_add_to_cart_event: hit AddToCart
2024-01-27T11:38:52+00:00 DEBUG Tt4b_Pixel_Class::inject_add_to_cart_event: Missing option "access_token"
2024-01-27T11:38:53+00:00 DEBUG Tt4b_Pixel_Class::inject_add_to_cart_event: hit AddToCart
2024-01-27T11:38:53+00:00 DEBUG Tt4b_Pixel_Class::inject_add_to_cart_event: Missing option "access_token"
2024-01-27T11:38:57+00:00 DEBUG Tt4b_Pixel_Class::inject_add_to_cart_event: hit AddToCart
2024-01-27T11:38:57+00:00 DEBUG Tt4b_Pixel_Class::inject_add_to_cart_event: Missing option "access_token"
2024-01-27T11:39:04+00:00 DEBUG Tt4b_Pixel_Class::inject_add_to_cart_event: hit AddToCart
2024-01-27T11:39:04+00:00 DEBUG Tt4b_Pixel_Class::inject_add_to_cart_event: Missing option "access_token"
2024-01-27T11:39:10+00:00 DEBUG Tt4b_Pixel_Class::inject_add_to_cart_event: hit AddToCart
2024-01-27T11:39:10+00:00 DEBUG Tt4b_Pixel_Class::inject_add_to_cart_event: Missing option "access_token"
2024-01-27T11:39:13+00:00 DEBUG Tt4b_Pixel_Class::inject_view_content_event: hit ViewContent
2024-01-27T11:39:13+00:00 DEBUG Tt4b_Pixel_Class::inject_view_content_event: Missing option "access_token"
2024-01-27T11:39:17+00:00 DEBUG Tt4b_Pixel_Class::inject_add_to_cart_event: hit AddToCart
2024-01-27T11:39:17+00:00 DEBUG Tt4b_Pixel_Class::inject_add_to_cart_event: Missing option "access_token"
2024-01-27T11:39:18+00:00 DEBUG Tt4b_Pixel_Class::inject_add_to_cart_event: hit AddToCart
2024-01-27T11:39:18+00:00 DEBUG Tt4b_Pixel_Class::inject_add_to_cart_event: Missing option "access_token"
2024-01-27T11:39:18+00:00 DEBUG Tt4b_Pixel_Class::inject_view_content_event: hit ViewContent
2024-01-27T11:39:18+00:00 DEBUG Tt4b_Pixel_Class::inject_view_content_event: Missing option "access_token"
2024-01-27T11:39:20+00:00 DEBUG Tt4b_Pixel_Class::inject_add_to_cart_event: hit AddToCart
2024-01-27T11:39:20+00:00 DEBUG Tt4b_Pixel_Class::inject_add_to_cart_event: Missing option "access_token"
2024-01-27T11:39:24+00:00 DEBUG Tt4b_Pixel_Class::inject_add_to_cart_event: hit AddToCart
2024-01-27T11:39:24+00:00 DEBUG Tt4b_Pixel_Class::inject_add_to_cart_event: Missing option "access_token"
2024-01-27T11:39:35+00:00 DEBUG Tt4b_Pixel_Class::inject_add_to_cart_event: hit AddToCart
2024-01-27T11:39:35+00:00 DEBUG Tt4b_Pixel_Class::inject_add_to_cart_event: Missing option "access_token"
2024-01-27T11:39:40+00:00 DEBUG Tt4b_Pixel_Class::inject_add_to_cart_event: hit AddToCart
2024-01-27T11:39:40+00:00 DEBUG Tt4b_Pixel_Class::inject_add_to_cart_event: Missing option "access_token"
2024-01-27T11:39:41+00:00 DEBUG Tt4b_Pixel_Class::inject_view_content_event: hit ViewContent
2024-01-27T11:39:41+00:00 DEBUG Tt4b_Pixel_Class::inject_view_content_event: Missing option "access_token"
2024-01-27T11:39:42+00:00 DEBUG Tt4b_Pixel_Class::inject_add_to_cart_event: hit AddToCart
2024-01-27T11:39:42+00:00 DEBUG Tt4b_Pixel_Class::inject_add_to_cart_event: Missing option "access_token"
2024-01-27T11:39:43+00:00 DEBUG Tt4b_Pixel_Class::inject_view_content_event: hit ViewContent
2024-01-27T11:39:43+00:00 DEBUG Tt4b_Pixel_Class::inject_view_content_event: Missing option "access_token"
2024-01-27T11:39:44+00:00 DEBUG Tt4b_Pixel_Class::inject_add_to_cart_event: hit AddToCart
2024-01-27T11:39:44+00:00 DEBUG Tt4b_Pixel_Class::inject_add_to_cart_event: Missing option "access_token"
2024-01-27T11:39:45+00:00 DEBUG Tt4b_Pixel_Class::inject_add_to_cart_event: hit AddToCart
2024-01-27T11:39:45+00:00 DEBUG Tt4b_Pixel_Class::inject_add_to_cart_event: Missing option "access_token"
2024-01-27T11:39:45+00:00 DEBUG Tt4b_Pixel_Class::inject_view_content_event: hit ViewContent
2024-01-27T11:39:45+00:00 DEBUG Tt4b_Pixel_Class::inject_view_content_event: Missing option "access_token"
2024-01-27T11:39:46+00:00 DEBUG Tt4b_Pixel_Class::inject_add_to_cart_event: hit AddToCart
2024-01-27T11:39:46+00:00 DEBUG Tt4b_Pixel_Class::inject_add_to_cart_event: Missing option "access_token"
2024-01-27T11:39:46+00:00 DEBUG Tt4b_Pixel_Class::inject_add_to_cart_event: hit AddToCart
2024-01-27T11:39:46+00:00 DEBUG Tt4b_Pixel_Class::inject_add_to_cart_event: Missing option "access_token"
2024-01-27T11:39:47+00:00 DEBUG Tt4b_Pixel_Class::inject_view_content_event: hit ViewContent
2024-01-27T11:39:47+00:00 DEBUG Tt4b_Pixel_Class::inject_view_content_event: Missing option "access_token"
2024-01-27T11:39:48+00:00 DEBUG Tt4b_Pixel_Class::inject_add_to_cart_event: hit AddToCart
2024-01-27T11:39:48+00:00 DEBUG Tt4b_Pixel_Class::inject_add_to_cart_event: Missing option "access_token"
2024-01-27T11:39:48+00:00 DEBUG Tt4b_Pixel_Class::inject_add_to_cart_event: hit AddToCart
2024-01-27T11:39:48+00:00 DEBUG Tt4b_Pixel_Class::inject_add_to_cart_event: Missing option "access_token"
2024-01-27T11:39:49+00:00 DEBUG Tt4b_Pixel_Class::inject_add_to_cart_event: hit AddToCart
2024-01-27T11:39:49+00:00 DEBUG Tt4b_Pixel_Class::inject_add_to_cart_event: Missing option "access_token"
2024-01-27T11:39:50+00:00 DEBUG Tt4b_Pixel_Class::inject_add_to_cart_event: hit AddToCart
2024-01-27T11:39:50+00:00 DEBUG Tt4b_Pixel_Class::inject_add_to_cart_event: Missing option "access_token"
2024-01-27T11:39:52+00:00 DEBUG Tt4b_Pixel_Class::inject_add_to_cart_event: hit AddToCart
2024-01-27T11:39:52+00:00 DEBUG Tt4b_Pixel_Class::inject_add_to_cart_event: Missing option "access_token"
2024-01-27T11:39:52+00:00 DEBUG Tt4b_Pixel_Class::inject_add_to_cart_event: hit AddToCart
2024-01-27T11:39:52+00:00 DEBUG Tt4b_Pixel_Class::inject_add_to_cart_event: Missing option "access_token"
2024-01-27T11:39:54+00:00 DEBUG Tt4b_Pixel_Class::inject_add_to_cart_event: hit AddToCart
2024-01-27T11:39:54+00:00 DEBUG Tt4b_Pixel_Class::inject_add_to_cart_event: Missing option "access_token"
2024-01-27T11:39:55+00:00 DEBUG Tt4b_Pixel_Class::inject_add_to_cart_event: hit AddToCart
2024-01-27T11:39:55+00:00 DEBUG Tt4b_Pixel_Class::inject_add_to_cart_event: Missing option "access_token"
2024-01-27T11:39:58+00:00 DEBUG Tt4b_Pixel_Class::inject_add_to_cart_event: hit AddToCart
2024-01-27T11:39:58+00:00 DEBUG Tt4b_Pixel_Class::inject_add_to_cart_event: Missing option "access_token"
2024-01-27T11:40:00+00:00 DEBUG Tt4b_Pixel_Class::inject_add_to_cart_event: hit AddToCart
2024-01-27T11:40:00+00:00 DEBUG Tt4b_Pixel_Class::inject_add_to_cart_event: Missing option "access_token"
2024-01-27T11:40:02+00:00 DEBUG Tt4b_Pixel_Class::inject_add_to_cart_event: hit AddToCart
2024-01-27T11:40:02+00:00 DEBUG Tt4b_Pixel_Class::inject_add_to_cart_event: Missing option "access_token"
2024-01-27T11:40:04+00:00 DEBUG Tt4b_Pixel_Class::inject_add_to_cart_event: hit AddToCart
2024-01-27T11:40:04+00:00 DEBUG Tt4b_Pixel_Class::inject_add_to_cart_event: Missing option "access_token"
2024-01-27T11:40:06+00:00 DEBUG Tt4b_Pixel_Class::inject_add_to_cart_event: hit AddToCart
2024-01-27T11:40:06+00:00 DEBUG Tt4b_Pixel_Class::inject_add_to_cart_event: Missing option "access_token"
2024-01-27T11:40:13+00:00 DEBUG Tt4b_Pixel_Class::inject_add_to_cart_event: hit AddToCart
2024-01-27T11:40:13+00:00 DEBUG Tt4b_Pixel_Class::inject_add_to_cart_event: Missing option "access_token"
2024-01-27T11:40:14+00:00 DEBUG Tt4b_Pixel_Class::inject_add_to_cart_event: hit AddToCart
2024-01-27T11:40:14+00:00 DEBUG Tt4b_Pixel_Class::inject_add_to_cart_event: Missing option "access_token"
2024-01-27T11:40:15+00:00 DEBUG Tt4b_Pixel_Class::inject_view_content_event: hit ViewContent
2024-01-27T11:40:15+00:00 DEBUG Tt4b_Pixel_Class::inject_view_content_event: Missing option "access_token"
2024-01-27T11:40:16+00:00 DEBUG Tt4b_Pixel_Class::inject_add_to_cart_event: hit AddToCart
2024-01-27T11:40:16+00:00 DEBUG Tt4b_Pixel_Class::inject_add_to_cart_event: Missing option "access_token"
2024-01-27T11:40:19+00:00 DEBUG Tt4b_Pixel_Class::inject_add_to_cart_event: hit AddToCart
2024-01-27T11:40:19+00:00 DEBUG Tt4b_Pixel_Class::inject_add_to_cart_event: Missing option "access_token"
2024-01-27T11:40:28+00:00 DEBUG Tt4b_Pixel_Class::inject_add_to_cart_event: hit AddToCart
2024-01-27T11:40:28+00:00 DEBUG Tt4b_Pixel_Class::inject_add_to_cart_event: Missing option "access_token"
2024-01-27T11:40:35+00:00 DEBUG Tt4b_Pixel_Class::inject_add_to_cart_event: hit AddToCart
2024-01-27T11:40:35+00:00 DEBUG Tt4b_Pixel_Class::inject_add_to_cart_event: Missing option "access_token"
2024-01-27T11:40:42+00:00 DEBUG Tt4b_Pixel_Class::inject_add_to_cart_event: hit AddToCart
2024-01-27T11:40:42+00:00 DEBUG Tt4b_Pixel_Class::inject_add_to_cart_event: Missing option "access_token"
2024-01-27T11:40:43+00:00 DEBUG Tt4b_Pixel_Class::inject_add_to_cart_event: hit AddToCart
2024-01-27T11:40:43+00:00 DEBUG Tt4b_Pixel_Class::inject_add_to_cart_event: Missing option "access_token"
2024-01-27T11:40:44+00:00 DEBUG Tt4b_Pixel_Class::inject_add_to_cart_event: hit AddToCart
2024-01-27T11:40:44+00:00 DEBUG Tt4b_Pixel_Class::inject_add_to_cart_event: Missing option "access_token"
2024-01-27T11:40:45+00:00 DEBUG Tt4b_Pixel_Class::inject_view_content_event: hit ViewContent
2024-01-27T11:40:45+00:00 DEBUG Tt4b_Pixel_Class::inject_view_content_event: Missing option "access_token"
2024-01-27T11:40:45+00:00 DEBUG Tt4b_Pixel_Class::inject_add_to_cart_event: hit AddToCart
2024-01-27T11:40:45+00:00 DEBUG Tt4b_Pixel_Class::inject_add_to_cart_event: Missing option "access_token"
2024-01-27T11:40:46+00:00 DEBUG Tt4b_Pixel_Class::inject_add_to_cart_event: hit AddToCart
2024-01-27T11:40:46+00:00 DEBUG Tt4b_Pixel_Class::inject_add_to_cart_event: Missing option "access_token"
2024-01-27T11:40:47+00:00 DEBUG Tt4b_Pixel_Class::inject_add_to_cart_event: hit AddToCart
2024-01-27T11:40:47+00:00 DEBUG Tt4b_Pixel_Class::inject_add_to_cart_event: Missing option "access_token"
2024-01-27T11:40:55+00:00 DEBUG Tt4b_Pixel_Class::inject_add_to_cart_event: hit AddToCart
2024-01-27T11:40:55+00:00 DEBUG Tt4b_Pixel_Class::inject_add_to_cart_event: Missing option "access_token"
2024-01-27T11:41:05+00:00 DEBUG Tt4b_Pixel_Class::inject_add_to_cart_event: hit AddToCart
2024-01-27T11:41:05+00:00 DEBUG Tt4b_Pixel_Class::inject_add_to_cart_event: Missing option "access_token"
2024-01-27T11:41:08+00:00 DEBUG Tt4b_Pixel_Class::inject_add_to_cart_event: hit AddToCart
2024-01-27T11:41:08+00:00 DEBUG Tt4b_Pixel_Class::inject_add_to_cart_event: Missing option "access_token"
2024-01-27T11:41:09+00:00 DEBUG Tt4b_Pixel_Class::inject_view_content_event: hit ViewContent
2024-01-27T11:41:09+00:00 DEBUG Tt4b_Pixel_Class::inject_view_content_event: Missing option "access_token"
2024-01-27T11:41:09+00:00 DEBUG Tt4b_Pixel_Class::inject_add_to_cart_event: hit AddToCart
2024-01-27T11:41:09+00:00 DEBUG Tt4b_Pixel_Class::inject_add_to_cart_event: Missing option "access_token"
2024-01-27T11:41:10+00:00 DEBUG Tt4b_Pixel_Class::inject_add_to_cart_event: hit AddToCart
2024-01-27T11:41:10+00:00 DEBUG Tt4b_Pixel_Class::inject_add_to_cart_event: Missing option "access_token"
2024-01-27T11:41:12+00:00 DEBUG Tt4b_Pixel_Class::inject_add_to_cart_event: hit AddToCart
2024-01-27T11:41:12+00:00 DEBUG Tt4b_Pixel_Class::inject_add_to_cart_event: Missing option "access_token"
2024-01-27T11:41:12+00:00 DEBUG Tt4b_Pixel_Class::inject_add_to_cart_event: hit AddToCart
2024-01-27T11:41:12+00:00 DEBUG Tt4b_Pixel_Class::inject_add_to_cart_event: Missing option "access_token"
2024-01-27T11:41:14+00:00 DEBUG Tt4b_Pixel_Class::inject_add_to_cart_event: hit AddToCart
2024-01-27T11:41:14+00:00 DEBUG Tt4b_Pixel_Class::inject_add_to_cart_event: Missing option "access_token"
2024-01-27T11:41:16+00:00 DEBUG Tt4b_Pixel_Class::inject_add_to_cart_event: hit AddToCart
2024-01-27T11:41:16+00:00 DEBUG Tt4b_Pixel_Class::inject_add_to_cart_event: Missing option "access_token"
2024-01-27T11:41:17+00:00 DEBUG Tt4b_Pixel_Class::inject_add_to_cart_event: hit AddToCart
2024-01-27T11:41:17+00:00 DEBUG Tt4b_Pixel_Class::inject_add_to_cart_event: Missing option "access_token"
2024-01-27T11:41:27+00:00 DEBUG Tt4b_Pixel_Class::inject_add_to_cart_event: hit AddToCart
2024-01-27T11:41:27+00:00 DEBUG Tt4b_Pixel_Class::inject_add_to_cart_event: Missing option "access_token"
2024-01-27T11:41:38+00:00 DEBUG Tt4b_Pixel_Class::inject_view_content_event: hit ViewContent
2024-01-27T11:41:38+00:00 DEBUG Tt4b_Pixel_Class::inject_view_content_event: Missing option "access_token"
2024-01-27T11:41:41+00:00 DEBUG Tt4b_Pixel_Class::inject_view_content_event: hit ViewContent
2024-01-27T11:41:41+00:00 DEBUG Tt4b_Pixel_Class::inject_view_content_event: Missing option "access_token"
2024-01-27T11:41:42+00:00 DEBUG Tt4b_Pixel_Class::inject_add_to_cart_event: hit AddToCart
2024-01-27T11:41:42+00:00 DEBUG Tt4b_Pixel_Class::inject_add_to_cart_event: Missing option "access_token"
2024-01-27T11:41:43+00:00 DEBUG Tt4b_Pixel_Class::inject_view_content_event: hit ViewContent
2024-01-27T11:41:43+00:00 DEBUG Tt4b_Pixel_Class::inject_view_content_event: Missing option "access_token"
2024-01-27T11:41:44+00:00 DEBUG Tt4b_Pixel_Class::inject_add_to_cart_event: hit AddToCart
2024-01-27T11:41:44+00:00 DEBUG Tt4b_Pixel_Class::inject_add_to_cart_event: Missing option "access_token"
2024-01-27T11:41:46+00:00 DEBUG Tt4b_Pixel_Class::inject_view_content_event: hit ViewContent
2024-01-27T11:41:46+00:00 DEBUG Tt4b_Pixel_Class::inject_view_content_event: Missing option "access_token"
2024-01-27T11:41:48+00:00 DEBUG Tt4b_Pixel_Class::inject_view_content_event: hit ViewContent
2024-01-27T11:41:48+00:00 DEBUG Tt4b_Pixel_Class::inject_view_content_event: Missing option "access_token"
2024-01-27T11:41:48+00:00 DEBUG Tt4b_Pixel_Class::inject_add_to_cart_event: hit AddToCart
2024-01-27T11:41:48+00:00 DEBUG Tt4b_Pixel_Class::inject_add_to_cart_event: Missing option "access_token"
2024-01-27T11:41:48+00:00 DEBUG Tt4b_Pixel_Class::inject_add_to_cart_event: hit AddToCart
2024-01-27T11:41:48+00:00 DEBUG Tt4b_Pixel_Class::inject_add_to_cart_event: Missing option "access_token"
2024-01-27T11:41:51+00:00 DEBUG Tt4b_Pixel_Class::inject_view_content_event: hit ViewContent
2024-01-27T11:41:51+00:00 DEBUG Tt4b_Pixel_Class::inject_view_content_event: Missing option "access_token"
2024-01-27T11:41:54+00:00 DEBUG Tt4b_Pixel_Class::inject_add_to_cart_event: hit AddToCart
2024-01-27T11:41:54+00:00 DEBUG Tt4b_Pixel_Class::inject_add_to_cart_event: Missing option "access_token"
2024-01-27T11:42:14+00:00 DEBUG Tt4b_Pixel_Class::inject_add_to_cart_event: hit AddToCart
2024-01-27T11:42:14+00:00 DEBUG Tt4b_Pixel_Class::inject_add_to_cart_event: Missing option "access_token"
2024-01-27T11:42:14+00:00 DEBUG Tt4b_Pixel_Class::inject_add_to_cart_event: hit AddToCart
2024-01-27T11:42:14+00:00 DEBUG Tt4b_Pixel_Class::inject_add_to_cart_event: Missing option "access_token"
2024-01-27T11:42:16+00:00 DEBUG Tt4b_Pixel_Class::inject_add_to_cart_event: hit AddToCart
2024-01-27T11:42:16+00:00 DEBUG Tt4b_Pixel_Class::inject_add_to_cart_event: Missing option "access_token"
2024-01-27T11:42:18+00:00 DEBUG Tt4b_Pixel_Class::inject_view_content_event: hit ViewContent
2024-01-27T11:42:18+00:00 DEBUG Tt4b_Pixel_Class::inject_view_content_event: Missing option "access_token"
2024-01-27T11:42:20+00:00 DEBUG Tt4b_Pixel_Class::inject_add_to_cart_event: hit AddToCart
2024-01-27T11:42:20+00:00 DEBUG Tt4b_Pixel_Class::inject_add_to_cart_event: Missing option "access_token"
2024-01-27T11:42:25+00:00 DEBUG Tt4b_Pixel_Class::inject_add_to_cart_event: hit AddToCart
2024-01-27T11:42:25+00:00 DEBUG Tt4b_Pixel_Class::inject_add_to_cart_event: Missing option "access_token"
2024-01-27T11:42:42+00:00 DEBUG Tt4b_Pixel_Class::inject_add_to_cart_event: hit AddToCart
2024-01-27T11:42:42+00:00 DEBUG Tt4b_Pixel_Class::inject_add_to_cart_event: Missing option "access_token"
2024-01-27T11:42:43+00:00 DEBUG Tt4b_Pixel_Class::inject_add_to_cart_event: hit AddToCart
2024-01-27T11:42:43+00:00 DEBUG Tt4b_Pixel_Class::inject_add_to_cart_event: Missing option "access_token"
2024-01-27T11:42:47+00:00 DEBUG Tt4b_Pixel_Class::inject_add_to_cart_event: hit AddToCart
2024-01-27T11:42:47+00:00 DEBUG Tt4b_Pixel_Class::inject_add_to_cart_event: Missing option "access_token"
2024-01-27T11:42:48+00:00 DEBUG Tt4b_Pixel_Class::inject_view_content_event: hit ViewContent
2024-01-27T11:42:48+00:00 DEBUG Tt4b_Pixel_Class::inject_view_content_event: Missing option "access_token"
2024-01-27T11:42:50+00:00 DEBUG Tt4b_Pixel_Class::inject_add_to_cart_event: hit AddToCart
2024-01-27T11:42:50+00:00 DEBUG Tt4b_Pixel_Class::inject_add_to_cart_event: Missing option "access_token"
2024-01-27T11:42:56+00:00 DEBUG Tt4b_Pixel_Class::inject_add_to_cart_event: hit AddToCart
2024-01-27T11:42:56+00:00 DEBUG Tt4b_Pixel_Class::inject_add_to_cart_event: Missing option "access_token"
2024-01-27T11:43:09+00:00 DEBUG Tt4b_Pixel_Class::inject_add_to_cart_event: hit AddToCart
2024-01-27T11:43:09+00:00 DEBUG Tt4b_Pixel_Class::inject_add_to_cart_event: Missing option "access_token"
2024-01-27T11:43:14+00:00 DEBUG Tt4b_Pixel_Class::inject_add_to_cart_event: hit AddToCart
2024-01-27T11:43:14+00:00 DEBUG Tt4b_Pixel_Class::inject_add_to_cart_event: Missing option "access_token"
2024-01-27T11:43:15+00:00 DEBUG Tt4b_Pixel_Class::inject_view_content_event: hit ViewContent
2024-01-27T11:43:15+00:00 DEBUG Tt4b_Pixel_Class::inject_view_content_event: Missing option "access_token"
2024-01-27T11:43:18+00:00 DEBUG Tt4b_Pixel_Class::inject_add_to_cart_event: hit AddToCart
2024-01-27T11:43:18+00:00 DEBUG Tt4b_Pixel_Class::inject_add_to_cart_event: Missing option "access_token"
2024-01-27T11:43:20+00:00 DEBUG Tt4b_Pixel_Class::inject_add_to_cart_event: hit AddToCart
2024-01-27T11:43:20+00:00 DEBUG Tt4b_Pixel_Class::inject_add_to_cart_event: Missing option "access_token"
2024-01-27T11:43:27+00:00 DEBUG Tt4b_Pixel_Class::inject_add_to_cart_event: hit AddToCart
2024-01-27T11:43:27+00:00 DEBUG Tt4b_Pixel_Class::inject_add_to_cart_event: Missing option "access_token"
2024-01-27T11:43:45+00:00 DEBUG Tt4b_Pixel_Class::inject_add_to_cart_event: hit AddToCart
2024-01-27T11:43:45+00:00 DEBUG Tt4b_Pixel_Class::inject_add_to_cart_event: Missing option "access_token"
2024-01-27T11:43:49+00:00 DEBUG Tt4b_Pixel_Class::inject_view_content_event: hit ViewContent
2024-01-27T11:43:49+00:00 DEBUG Tt4b_Pixel_Class::inject_view_content_event: Missing option "access_token"
2024-01-27T11:43:57+00:00 DEBUG Tt4b_Pixel_Class::inject_add_to_cart_event: hit AddToCart
2024-01-27T11:43:57+00:00 DEBUG Tt4b_Pixel_Class::inject_add_to_cart_event: Missing option "access_token"
2024-01-27T11:43:59+00:00 DEBUG Tt4b_Pixel_Class::inject_add_to_cart_event: hit AddToCart
2024-01-27T11:43:59+00:00 DEBUG Tt4b_Pixel_Class::inject_add_to_cart_event: Missing option "access_token"
2024-01-27T11:44:01+00:00 DEBUG Tt4b_Pixel_Class::inject_add_to_cart_event: hit AddToCart
2024-01-27T11:44:01+00:00 DEBUG Tt4b_Pixel_Class::inject_add_to_cart_event: Missing option "access_token"
2024-01-27T11:44:12+00:00 DEBUG Tt4b_Pixel_Class::inject_add_to_cart_event: hit AddToCart
2024-01-27T11:44:12+00:00 DEBUG Tt4b_Pixel_Class::inject_add_to_cart_event: Missing option "access_token"
2024-01-27T11:44:14+00:00 DEBUG Tt4b_Pixel_Class::inject_add_to_cart_event: hit AddToCart
2024-01-27T11:44:14+00:00 DEBUG Tt4b_Pixel_Class::inject_add_to_cart_event: Missing option "access_token"
2024-01-27T11:44:19+00:00 DEBUG Tt4b_Pixel_Class::inject_view_content_event: hit ViewContent
2024-01-27T11:44:19+00:00 DEBUG Tt4b_Pixel_Class::inject_view_content_event: Missing option "access_token"
2024-01-27T11:44:28+00:00 DEBUG Tt4b_Pixel_Class::inject_add_to_cart_event: hit AddToCart
2024-01-27T11:44:28+00:00 DEBUG Tt4b_Pixel_Class::inject_add_to_cart_event: Missing option "access_token"
2024-01-27T11:44:30+00:00 DEBUG Tt4b_Pixel_Class::inject_add_to_cart_event: hit AddToCart
2024-01-27T11:44:30+00:00 DEBUG Tt4b_Pixel_Class::inject_add_to_cart_event: Missing option "access_token"
2024-01-27T11:44:32+00:00 DEBUG Tt4b_Pixel_Class::inject_add_to_cart_event: hit AddToCart
2024-01-27T11:44:32+00:00 DEBUG Tt4b_Pixel_Class::inject_add_to_cart_event: Missing option "access_token"
2024-01-27T11:44:44+00:00 DEBUG Tt4b_Pixel_Class::inject_add_to_cart_event: hit AddToCart
2024-01-27T11:44:44+00:00 DEBUG Tt4b_Pixel_Class::inject_add_to_cart_event: Missing option "access_token"
2024-01-27T11:44:45+00:00 DEBUG Tt4b_Pixel_Class::inject_add_to_cart_event: hit AddToCart
2024-01-27T11:44:45+00:00 DEBUG Tt4b_Pixel_Class::inject_add_to_cart_event: Missing option "access_token"
2024-01-27T11:44:50+00:00 DEBUG Tt4b_Pixel_Class::inject_view_content_event: hit ViewContent
2024-01-27T11:44:50+00:00 DEBUG Tt4b_Pixel_Class::inject_view_content_event: Missing option "access_token"
2024-01-27T11:45:01+00:00 DEBUG Tt4b_Pixel_Class::inject_add_to_cart_event: hit AddToCart
2024-01-27T11:45:01+00:00 DEBUG Tt4b_Pixel_Class::inject_add_to_cart_event: Missing option "access_token"
2024-01-27T11:45:02+00:00 DEBUG Tt4b_Pixel_Class::inject_view_content_event: hit ViewContent
2024-01-27T11:45:02+00:00 DEBUG Tt4b_Pixel_Class::inject_view_content_event: Missing option "access_token"
2024-01-27T11:45:03+00:00 DEBUG Tt4b_Pixel_Class::inject_add_to_cart_event: hit AddToCart
2024-01-27T11:45:03+00:00 DEBUG Tt4b_Pixel_Class::inject_add_to_cart_event: Missing option "access_token"
2024-01-27T11:45:05+00:00 DEBUG Tt4b_Pixel_Class::inject_add_to_cart_event: hit AddToCart
2024-01-27T11:45:05+00:00 DEBUG Tt4b_Pixel_Class::inject_add_to_cart_event: Missing option "access_token"
2024-01-27T11:45:17+00:00 DEBUG Tt4b_Pixel_Class::inject_add_to_cart_event: hit AddToCart
2024-01-27T11:45:17+00:00 DEBUG Tt4b_Pixel_Class::inject_add_to_cart_event: Missing option "access_token"
2024-01-27T11:45:19+00:00 DEBUG Tt4b_Pixel_Class::inject_add_to_cart_event: hit AddToCart
2024-01-27T11:45:19+00:00 DEBUG Tt4b_Pixel_Class::inject_add_to_cart_event: Missing option "access_token"
2024-01-27T11:45:20+00:00 DEBUG Tt4b_Pixel_Class::inject_add_to_cart_event: hit AddToCart
2024-01-27T11:45:20+00:00 DEBUG Tt4b_Pixel_Class::inject_add_to_cart_event: Missing option "access_token"
2024-01-27T11:45:22+00:00 DEBUG Tt4b_Pixel_Class::inject_add_to_cart_event: hit AddToCart
2024-01-27T11:45:22+00:00 DEBUG Tt4b_Pixel_Class::inject_add_to_cart_event: Missing option "access_token"
2024-01-27T11:45:24+00:00 DEBUG Tt4b_Pixel_Class::inject_add_to_cart_event: hit AddToCart
2024-01-27T11:45:24+00:00 DEBUG Tt4b_Pixel_Class::inject_add_to_cart_event: Missing option "access_token"
2024-01-27T11:45:25+00:00 DEBUG Tt4b_Pixel_Class::inject_view_content_event: hit ViewContent
2024-01-27T11:45:25+00:00 DEBUG Tt4b_Pixel_Class::inject_view_content_event: Missing option "access_token"
2024-01-27T11:45:30+00:00 DEBUG Tt4b_Pixel_Class::inject_add_to_cart_event: hit AddToCart
2024-01-27T11:45:30+00:00 DEBUG Tt4b_Pixel_Class::inject_add_to_cart_event: Missing option "access_token"
2024-01-27T11:45:32+00:00 DEBUG Tt4b_Pixel_Class::inject_add_to_cart_event: hit AddToCart
2024-01-27T11:45:32+00:00 DEBUG Tt4b_Pixel_Class::inject_add_to_cart_event: Missing option "access_token"
2024-01-27T11:45:33+00:00 DEBUG Tt4b_Pixel_Class::inject_view_content_event: hit ViewContent
2024-01-27T11:45:33+00:00 DEBUG Tt4b_Pixel_Class::inject_view_content_event: Missing option "access_token"
2024-01-27T11:45:37+00:00 DEBUG Tt4b_Pixel_Class::inject_add_to_cart_event: hit AddToCart
2024-01-27T11:45:37+00:00 DEBUG Tt4b_Pixel_Class::inject_add_to_cart_event: Missing option "access_token"
2024-01-27T11:45:53+00:00 DEBUG Tt4b_Pixel_Class::inject_add_to_cart_event: hit AddToCart
2024-01-27T11:45:53+00:00 DEBUG Tt4b_Pixel_Class::inject_add_to_cart_event: Missing option "access_token"
2024-01-27T11:45:58+00:00 DEBUG Tt4b_Pixel_Class::inject_add_to_cart_event: hit AddToCart
2024-01-27T11:45:58+00:00 DEBUG Tt4b_Pixel_Class::inject_add_to_cart_event: Missing option "access_token"
2024-01-27T11:45:58+00:00 DEBUG Tt4b_Pixel_Class::inject_view_content_event: hit ViewContent
2024-01-27T11:45:58+00:00 DEBUG Tt4b_Pixel_Class::inject_view_content_event: Missing option "access_token"
2024-01-27T11:46:06+00:00 DEBUG Tt4b_Pixel_Class::inject_add_to_cart_event: hit AddToCart
2024-01-27T11:46:06+00:00 DEBUG Tt4b_Pixel_Class::inject_add_to_cart_event: Missing option "access_token"
2024-01-27T11:46:08+00:00 DEBUG Tt4b_Pixel_Class::inject_add_to_cart_event: hit AddToCart
2024-01-27T11:46:08+00:00 DEBUG Tt4b_Pixel_Class::inject_add_to_cart_event: Missing option "access_token"
2024-01-27T11:46:10+00:00 DEBUG Tt4b_Pixel_Class::inject_add_to_cart_event: hit AddToCart
2024-01-27T11:46:10+00:00 DEBUG Tt4b_Pixel_Class::inject_add_to_cart_event: Missing option "access_token"
2024-01-27T11:46:24+00:00 DEBUG Tt4b_Pixel_Class::inject_add_to_cart_event: hit AddToCart
2024-01-27T11:46:24+00:00 DEBUG Tt4b_Pixel_Class::inject_add_to_cart_event: Missing option "access_token"
2024-01-27T11:46:30+00:00 DEBUG Tt4b_Pixel_Class::inject_add_to_cart_event: hit AddToCart
2024-01-27T11:46:30+00:00 DEBUG Tt4b_Pixel_Class::inject_add_to_cart_event: Missing option "access_token"
2024-01-27T11:46:32+00:00 DEBUG Tt4b_Pixel_Class::inject_add_to_cart_event: hit AddToCart
2024-01-27T11:46:32+00:00 DEBUG Tt4b_Pixel_Class::inject_add_to_cart_event: Missing option "access_token"
2024-01-27T11:46:33+00:00 DEBUG Tt4b_Pixel_Class::inject_view_content_event: hit ViewContent
2024-01-27T11:46:33+00:00 DEBUG Tt4b_Pixel_Class::inject_view_content_event: Missing option "access_token"
2024-01-27T11:46:34+00:00 DEBUG Tt4b_Pixel_Class::inject_add_to_cart_event: hit AddToCart
2024-01-27T11:46:34+00:00 DEBUG Tt4b_Pixel_Class::inject_add_to_cart_event: Missing option "access_token"
2024-01-27T11:46:36+00:00 DEBUG Tt4b_Pixel_Class::inject_add_to_cart_event: hit AddToCart
2024-01-27T11:46:36+00:00 DEBUG Tt4b_Pixel_Class::inject_add_to_cart_event: Missing option "access_token"
2024-01-27T11:46:38+00:00 DEBUG Tt4b_Pixel_Class::inject_add_to_cart_event: hit AddToCart
2024-01-27T11:46:38+00:00 DEBUG Tt4b_Pixel_Class::inject_add_to_cart_event: Missing option "access_token"
2024-01-27T11:46:38+00:00 DEBUG Tt4b_Pixel_Class::inject_add_to_cart_event: hit AddToCart
2024-01-27T11:46:38+00:00 DEBUG Tt4b_Pixel_Class::inject_add_to_cart_event: Missing option "access_token"
2024-01-27T11:46:39+00:00 DEBUG Tt4b_Pixel_Class::inject_add_to_cart_event: hit AddToCart
2024-01-27T11:46:39+00:00 DEBUG Tt4b_Pixel_Class::inject_add_to_cart_event: Missing option "access_token"
2024-01-27T11:46:40+00:00 DEBUG Tt4b_Pixel_Class::inject_add_to_cart_event: hit AddToCart
2024-01-27T11:46:40+00:00 DEBUG Tt4b_Pixel_Class::inject_add_to_cart_event: Missing option "access_token"
2024-01-27T11:46:42+00:00 DEBUG Tt4b_Pixel_Class::inject_view_content_event: hit ViewContent
2024-01-27T11:46:42+00:00 DEBUG Tt4b_Pixel_Class::inject_view_content_event: Missing option "access_token"
2024-01-27T11:46:42+00:00 DEBUG Tt4b_Pixel_Class::inject_add_to_cart_event: hit AddToCart
2024-01-27T11:46:42+00:00 DEBUG Tt4b_Pixel_Class::inject_add_to_cart_event: Missing option "access_token"
2024-01-27T11:46:47+00:00 DEBUG Tt4b_Pixel_Class::inject_add_to_cart_event: hit AddToCart
2024-01-27T11:46:47+00:00 DEBUG Tt4b_Pixel_Class::inject_add_to_cart_event: Missing option "access_token"
2024-01-27T11:46:49+00:00 DEBUG Tt4b_Pixel_Class::inject_add_to_cart_event: hit AddToCart
2024-01-27T11:46:49+00:00 DEBUG Tt4b_Pixel_Class::inject_add_to_cart_event: Missing option "access_token"
2024-01-27T11:46:51+00:00 DEBUG Tt4b_Pixel_Class::inject_add_to_cart_event: hit AddToCart
2024-01-27T11:46:51+00:00 DEBUG Tt4b_Pixel_Class::inject_add_to_cart_event: Missing option "access_token"
2024-01-27T11:46:53+00:00 DEBUG Tt4b_Pixel_Class::inject_view_content_event: hit ViewContent
2024-01-27T11:46:53+00:00 DEBUG Tt4b_Pixel_Class::inject_view_content_event: Missing option "access_token"
2024-01-27T11:46:55+00:00 DEBUG Tt4b_Pixel_Class::inject_view_content_event: hit ViewContent
2024-01-27T11:46:55+00:00 DEBUG Tt4b_Pixel_Class::inject_view_content_event: Missing option "access_token"
2024-01-27T11:46:56+00:00 DEBUG Tt4b_Pixel_Class::inject_add_to_cart_event: hit AddToCart
2024-01-27T11:46:56+00:00 DEBUG Tt4b_Pixel_Class::inject_add_to_cart_event: Missing option "access_token"
2024-01-27T11:47:05+00:00 DEBUG Tt4b_Pixel_Class::inject_view_content_event: hit ViewContent
2024-01-27T11:47:05+00:00 DEBUG Tt4b_Pixel_Class::inject_view_content_event: Missing option "access_token"
2024-01-27T11:47:13+00:00 DEBUG Tt4b_Pixel_Class::inject_add_to_cart_event: hit AddToCart
2024-01-27T11:47:13+00:00 DEBUG Tt4b_Pixel_Class::inject_add_to_cart_event: Missing option "access_token"
2024-01-27T11:47:14+00:00 DEBUG Tt4b_Pixel_Class::inject_add_to_cart_event: hit AddToCart
2024-01-27T11:47:14+00:00 DEBUG Tt4b_Pixel_Class::inject_add_to_cart_event: Missing option "access_token"
2024-01-27T11:47:15+00:00 DEBUG Tt4b_Pixel_Class::inject_add_to_cart_event: hit AddToCart
2024-01-27T11:47:15+00:00 DEBUG Tt4b_Pixel_Class::inject_add_to_cart_event: Missing option "access_token"
2024-01-27T11:47:16+00:00 DEBUG Tt4b_Pixel_Class::inject_add_to_cart_event: hit AddToCart
2024-01-27T11:47:16+00:00 DEBUG Tt4b_Pixel_Class::inject_add_to_cart_event: Missing option "access_token"
2024-01-27T11:47:18+00:00 DEBUG Tt4b_Pixel_Class::inject_add_to_cart_event: hit AddToCart
2024-01-27T11:47:18+00:00 DEBUG Tt4b_Pixel_Class::inject_add_to_cart_event: Missing option "access_token"
2024-01-27T11:47:18+00:00 DEBUG Tt4b_Pixel_Class::inject_add_to_cart_event: hit AddToCart
2024-01-27T11:47:18+00:00 DEBUG Tt4b_Pixel_Class::inject_add_to_cart_event: Missing option "access_token"
2024-01-27T11:47:24+00:00 DEBUG Tt4b_Pixel_Class::inject_add_to_cart_event: hit AddToCart
2024-01-27T11:47:24+00:00 DEBUG Tt4b_Pixel_Class::inject_add_to_cart_event: Missing option "access_token"
2024-01-27T11:47:29+00:00 DEBUG Tt4b_Pixel_Class::inject_add_to_cart_event: hit AddToCart
2024-01-27T11:47:29+00:00 DEBUG Tt4b_Pixel_Class::inject_add_to_cart_event: Missing option "access_token"
2024-01-27T11:47:35+00:00 DEBUG Tt4b_Pixel_Class::inject_view_content_event: hit ViewContent
2024-01-27T11:47:35+00:00 DEBUG Tt4b_Pixel_Class::inject_view_content_event: Missing option "access_token"
2024-01-27T11:47:49+00:00 DEBUG Tt4b_Pixel_Class::inject_add_to_cart_event: hit AddToCart
2024-01-27T11:47:49+00:00 DEBUG Tt4b_Pixel_Class::inject_add_to_cart_event: Missing option "access_token"
2024-01-27T11:47:51+00:00 DEBUG Tt4b_Pixel_Class::inject_add_to_cart_event: hit AddToCart
2024-01-27T11:47:51+00:00 DEBUG Tt4b_Pixel_Class::inject_add_to_cart_event: Missing option "access_token"
2024-01-27T11:47:53+00:00 DEBUG Tt4b_Pixel_Class::inject_add_to_cart_event: hit AddToCart
2024-01-27T11:47:53+00:00 DEBUG Tt4b_Pixel_Class::inject_add_to_cart_event: Missing option "access_token"
2024-01-27T11:48:00+00:00 DEBUG Tt4b_Pixel_Class::inject_add_to_cart_event: hit AddToCart
2024-01-27T11:48:00+00:00 DEBUG Tt4b_Pixel_Class::inject_add_to_cart_event: Missing option "access_token"
2024-01-27T11:48:01+00:00 DEBUG Tt4b_Pixel_Class::inject_add_to_cart_event: hit AddToCart
2024-01-27T11:48:01+00:00 DEBUG Tt4b_Pixel_Class::inject_add_to_cart_event: Missing option "access_token"
2024-01-27T11:48:05+00:00 DEBUG Tt4b_Pixel_Class::inject_view_content_event: hit ViewContent
2024-01-27T11:48:05+00:00 DEBUG Tt4b_Pixel_Class::inject_view_content_event: Missing option "access_token"
2024-01-27T11:48:24+00:00 DEBUG Tt4b_Pixel_Class::inject_add_to_cart_event: hit AddToCart
2024-01-27T11:48:24+00:00 DEBUG Tt4b_Pixel_Class::inject_add_to_cart_event: Missing option "access_token"
2024-01-27T11:48:27+00:00 DEBUG Tt4b_Pixel_Class::inject_add_to_cart_event: hit AddToCart
2024-01-27T11:48:27+00:00 DEBUG Tt4b_Pixel_Class::inject_add_to_cart_event: Missing option "access_token"
2024-01-27T11:48:29+00:00 DEBUG Tt4b_Pixel_Class::inject_add_to_cart_event: hit AddToCart
2024-01-27T11:48:29+00:00 DEBUG Tt4b_Pixel_Class::inject_add_to_cart_event: Missing option "access_token"
2024-01-27T11:48:29+00:00 DEBUG Tt4b_Pixel_Class::inject_add_to_cart_event: hit AddToCart
2024-01-27T11:48:29+00:00 DEBUG Tt4b_Pixel_Class::inject_add_to_cart_event: Missing option "access_token"
2024-01-27T11:48:31+00:00 DEBUG Tt4b_Pixel_Class::inject_add_to_cart_event: hit AddToCart
2024-01-27T11:48:31+00:00 DEBUG Tt4b_Pixel_Class::inject_add_to_cart_event: Missing option "access_token"
2024-01-27T11:48:31+00:00 DEBUG Tt4b_Pixel_Class::inject_add_to_cart_event: hit AddToCart
2024-01-27T11:48:31+00:00 DEBUG Tt4b_Pixel_Class::inject_add_to_cart_event: Missing option "access_token"
2024-01-27T11:48:34+00:00 DEBUG Tt4b_Pixel_Class::inject_add_to_cart_event: hit AddToCart
2024-01-27T11:48:34+00:00 DEBUG Tt4b_Pixel_Class::inject_add_to_cart_event: Missing option "access_token"
2024-01-27T11:48:45+00:00 DEBUG Tt4b_Pixel_Class::inject_view_content_event: hit ViewContent
2024-01-27T11:48:45+00:00 DEBUG Tt4b_Pixel_Class::inject_view_content_event: Missing option "access_token"
2024-01-27T11:48:56+00:00 DEBUG Tt4b_Pixel_Class::inject_add_to_cart_event: hit AddToCart
2024-01-27T11:48:56+00:00 DEBUG Tt4b_Pixel_Class::inject_add_to_cart_event: Missing option "access_token"
2024-01-27T11:49:03+00:00 DEBUG Tt4b_Pixel_Class::inject_add_to_cart_event: hit AddToCart
2024-01-27T11:49:03+00:00 DEBUG Tt4b_Pixel_Class::inject_add_to_cart_event: Missing option "access_token"
2024-01-27T11:49:05+00:00 DEBUG Tt4b_Pixel_Class::inject_add_to_cart_event: hit AddToCart
2024-01-27T11:49:05+00:00 DEBUG Tt4b_Pixel_Class::inject_add_to_cart_event: Missing option "access_token"
2024-01-27T11:49:10+00:00 DEBUG Tt4b_Pixel_Class::inject_add_to_cart_event: hit AddToCart
2024-01-27T11:49:10+00:00 DEBUG Tt4b_Pixel_Class::inject_add_to_cart_event: Missing option "access_token"
2024-01-27T11:49:15+00:00 DEBUG Tt4b_Pixel_Class::inject_view_content_event: hit ViewContent
2024-01-27T11:49:15+00:00 DEBUG Tt4b_Pixel_Class::inject_view_content_event: Missing option "access_token"
2024-01-27T11:49:20+00:00 DEBUG Tt4b_Pixel_Class::inject_add_to_cart_event: hit AddToCart
2024-01-27T11:49:20+00:00 DEBUG Tt4b_Pixel_Class::inject_add_to_cart_event: Missing option "access_token"
2024-01-27T11:49:34+00:00 DEBUG Tt4b_Pixel_Class::inject_add_to_cart_event: hit AddToCart
2024-01-27T11:49:34+00:00 DEBUG Tt4b_Pixel_Class::inject_add_to_cart_event: Missing option "access_token"
2024-01-27T11:49:42+00:00 DEBUG Tt4b_Pixel_Class::inject_add_to_cart_event: hit AddToCart
2024-01-27T11:49:42+00:00 DEBUG Tt4b_Pixel_Class::inject_add_to_cart_event: Missing option "access_token"
2024-01-27T11:49:45+00:00 DEBUG Tt4b_Pixel_Class::inject_add_to_cart_event: hit AddToCart
2024-01-27T11:49:45+00:00 DEBUG Tt4b_Pixel_Class::inject_add_to_cart_event: Missing option "access_token"
2024-01-27T11:49:45+00:00 DEBUG Tt4b_Pixel_Class::inject_add_to_cart_event: hit AddToCart
2024-01-27T11:49:45+00:00 DEBUG Tt4b_Pixel_Class::inject_add_to_cart_event: Missing option "access_token"
2024-01-27T11:49:47+00:00 DEBUG Tt4b_Pixel_Class::inject_add_to_cart_event: hit AddToCart
2024-01-27T11:49:47+00:00 DEBUG Tt4b_Pixel_Class::inject_add_to_cart_event: Missing option "access_token"
2024-01-27T11:49:48+00:00 DEBUG Tt4b_Pixel_Class::inject_add_to_cart_event: hit AddToCart
2024-01-27T11:49:48+00:00 DEBUG Tt4b_Pixel_Class::inject_add_to_cart_event: Missing option "access_token"
2024-01-27T11:49:49+00:00 DEBUG Tt4b_Pixel_Class::inject_add_to_cart_event: hit AddToCart
2024-01-27T11:49:49+00:00 DEBUG Tt4b_Pixel_Class::inject_add_to_cart_event: Missing option "access_token"
2024-01-27T11:49:49+00:00 DEBUG Tt4b_Pixel_Class::inject_view_content_event: hit ViewContent
2024-01-27T11:49:49+00:00 DEBUG Tt4b_Pixel_Class::inject_view_content_event: Missing option "access_token"
2024-01-27T11:50:03+00:00 DEBUG Tt4b_Pixel_Class::inject_add_to_cart_event: hit AddToCart
2024-01-27T11:50:03+00:00 DEBUG Tt4b_Pixel_Class::inject_add_to_cart_event: Missing option "access_token"
2024-01-27T11:50:16+00:00 DEBUG Tt4b_Pixel_Class::inject_add_to_cart_event: hit AddToCart
2024-01-27T11:50:16+00:00 DEBUG Tt4b_Pixel_Class::inject_add_to_cart_event: Missing option "access_token"
2024-01-27T11:50:19+00:00 DEBUG Tt4b_Pixel_Class::inject_add_to_cart_event: hit AddToCart
2024-01-27T11:50:19+00:00 DEBUG Tt4b_Pixel_Class::inject_add_to_cart_event: Missing option "access_token"
2024-01-27T11:50:21+00:00 DEBUG Tt4b_Pixel_Class::inject_view_content_event: hit ViewContent
2024-01-27T11:50:21+00:00 DEBUG Tt4b_Pixel_Class::inject_view_content_event: Missing option "access_token"
2024-01-27T11:50:22+00:00 DEBUG Tt4b_Pixel_Class::inject_add_to_cart_event: hit AddToCart
2024-01-27T11:50:22+00:00 DEBUG Tt4b_Pixel_Class::inject_add_to_cart_event: Missing option "access_token"
2024-01-27T11:50:24+00:00 DEBUG Tt4b_Pixel_Class::inject_view_content_event: hit ViewContent
2024-01-27T11:50:24+00:00 DEBUG Tt4b_Pixel_Class::inject_view_content_event: Missing option "access_token"
2024-01-27T11:50:26+00:00 DEBUG Tt4b_Pixel_Class::inject_view_content_event: hit ViewContent
2024-01-27T11:50:26+00:00 DEBUG Tt4b_Pixel_Class::inject_view_content_event: Missing option "access_token"
2024-01-27T11:50:29+00:00 DEBUG Tt4b_Pixel_Class::inject_view_content_event: hit ViewContent
2024-01-27T11:50:29+00:00 DEBUG Tt4b_Pixel_Class::inject_view_content_event: Missing option "access_token"
2024-01-27T11:50:30+00:00 DEBUG Tt4b_Pixel_Class::inject_add_to_cart_event: hit AddToCart
2024-01-27T11:50:30+00:00 DEBUG Tt4b_Pixel_Class::inject_add_to_cart_event: Missing option "access_token"
2024-01-27T11:50:32+00:00 DEBUG Tt4b_Pixel_Class::inject_add_to_cart_event: hit AddToCart
2024-01-27T11:50:32+00:00 DEBUG Tt4b_Pixel_Class::inject_add_to_cart_event: Missing option "access_token"
2024-01-27T11:50:50+00:00 DEBUG Tt4b_Pixel_Class::inject_add_to_cart_event: hit AddToCart
2024-01-27T11:50:50+00:00 DEBUG Tt4b_Pixel_Class::inject_add_to_cart_event: Missing option "access_token"
2024-01-27T11:50:58+00:00 DEBUG Tt4b_Pixel_Class::inject_add_to_cart_event: hit AddToCart
2024-01-27T11:50:58+00:00 DEBUG Tt4b_Pixel_Class::inject_add_to_cart_event: Missing option "access_token"
2024-01-27T11:51:05+00:00 DEBUG Tt4b_Pixel_Class::inject_add_to_cart_event: hit AddToCart
2024-01-27T11:51:05+00:00 DEBUG Tt4b_Pixel_Class::inject_add_to_cart_event: Missing option "access_token"
2024-01-27T11:51:11+00:00 DEBUG Tt4b_Pixel_Class::inject_view_content_event: hit ViewContent
2024-01-27T11:51:11+00:00 DEBUG Tt4b_Pixel_Class::inject_view_content_event: Missing option "access_token"
2024-01-27T11:51:19+00:00 DEBUG Tt4b_Pixel_Class::inject_add_to_cart_event: hit AddToCart
2024-01-27T11:51:19+00:00 DEBUG Tt4b_Pixel_Class::inject_add_to_cart_event: Missing option "access_token"
2024-01-27T11:51:24+00:00 DEBUG Tt4b_Pixel_Class::inject_add_to_cart_event: hit AddToCart
2024-01-27T11:51:24+00:00 DEBUG Tt4b_Pixel_Class::inject_add_to_cart_event: Missing option "access_token"
2024-01-27T11:51:32+00:00 DEBUG Tt4b_Pixel_Class::inject_add_to_cart_event: hit AddToCart
2024-01-27T11:51:32+00:00 DEBUG Tt4b_Pixel_Class::inject_add_to_cart_event: Missing option "access_token"
2024-01-27T11:51:34+00:00 DEBUG Tt4b_Pixel_Class::inject_add_to_cart_event: hit AddToCart
2024-01-27T11:51:34+00:00 DEBUG Tt4b_Pixel_Class::inject_add_to_cart_event: Missing option "access_token"
2024-01-27T11:51:42+00:00 DEBUG Tt4b_Pixel_Class::inject_view_content_event: hit ViewContent
2024-01-27T11:51:42+00:00 DEBUG Tt4b_Pixel_Class::inject_view_content_event: Missing option "access_token"
2024-01-27T11:51:48+00:00 DEBUG Tt4b_Pixel_Class::inject_add_to_cart_event: hit AddToCart
2024-01-27T11:51:48+00:00 DEBUG Tt4b_Pixel_Class::inject_add_to_cart_event: Missing option "access_token"
2024-01-27T11:51:48+00:00 DEBUG Tt4b_Pixel_Class::inject_add_to_cart_event: hit AddToCart
2024-01-27T11:51:48+00:00 DEBUG Tt4b_Pixel_Class::inject_add_to_cart_event: Missing option "access_token"
2024-01-27T11:51:55+00:00 DEBUG Tt4b_Pixel_Class::inject_add_to_cart_event: hit AddToCart
2024-01-27T11:51:55+00:00 DEBUG Tt4b_Pixel_Class::inject_add_to_cart_event: Missing option "access_token"
2024-01-27T11:52:03+00:00 DEBUG Tt4b_Pixel_Class::inject_add_to_cart_event: hit AddToCart
2024-01-27T11:52:03+00:00 DEBUG Tt4b_Pixel_Class::inject_add_to_cart_event: Missing option "access_token"
2024-01-27T11:52:17+00:00 DEBUG Tt4b_Pixel_Class::inject_view_content_event: hit ViewContent
2024-01-27T11:52:17+00:00 DEBUG Tt4b_Pixel_Class::inject_view_content_event: Missing option "access_token"
2024-01-27T11:52:17+00:00 DEBUG Tt4b_Pixel_Class::inject_add_to_cart_event: hit AddToCart
2024-01-27T11:52:17+00:00 DEBUG Tt4b_Pixel_Class::inject_add_to_cart_event: Missing option "access_token"
2024-01-27T11:52:21+00:00 DEBUG Tt4b_Pixel_Class::inject_add_to_cart_event: hit AddToCart
2024-01-27T11:52:21+00:00 DEBUG Tt4b_Pixel_Class::inject_add_to_cart_event: Missing option "access_token"
2024-01-27T11:52:22+00:00 DEBUG Tt4b_Pixel_Class::inject_add_to_cart_event: hit AddToCart
2024-01-27T11:52:22+00:00 DEBUG Tt4b_Pixel_Class::inject_add_to_cart_event: Missing option "access_token"
2024-01-27T11:52:25+00:00 DEBUG Tt4b_Pixel_Class::inject_add_to_cart_event: hit AddToCart
2024-01-27T11:52:25+00:00 DEBUG Tt4b_Pixel_Class::inject_add_to_cart_event: Missing option "access_token"
2024-01-27T11:52:27+00:00 DEBUG Tt4b_Pixel_Class::inject_add_to_cart_event: hit AddToCart
2024-01-27T11:52:27+00:00 DEBUG Tt4b_Pixel_Class::inject_add_to_cart_event: Missing option "access_token"
2024-01-27T11:52:35+00:00 DEBUG Tt4b_Pixel_Class::inject_add_to_cart_event: hit AddToCart
2024-01-27T11:52:35+00:00 DEBUG Tt4b_Pixel_Class::inject_add_to_cart_event: Missing option "access_token"
2024-01-27T11:52:35+00:00 DEBUG Tt4b_Pixel_Class::inject_view_content_event: hit ViewContent
2024-01-27T11:52:35+00:00 DEBUG Tt4b_Pixel_Class::inject_view_content_event: Missing option "access_token"
2024-01-27T11:52:43+00:00 DEBUG Tt4b_Pixel_Class::inject_add_to_cart_event: hit AddToCart
2024-01-27T11:52:43+00:00 DEBUG Tt4b_Pixel_Class::inject_add_to_cart_event: Missing option "access_token"
2024-01-27T11:52:46+00:00 DEBUG Tt4b_Pixel_Class::inject_view_content_event: hit ViewContent
2024-01-27T11:52:46+00:00 DEBUG Tt4b_Pixel_Class::inject_view_content_event: Missing option "access_token"
2024-01-27T11:52:47+00:00 DEBUG Tt4b_Pixel_Class::inject_view_content_event: hit ViewContent
2024-01-27T11:52:47+00:00 DEBUG Tt4b_Pixel_Class::inject_view_content_event: Missing option "access_token"
2024-01-27T11:52:49+00:00 DEBUG Tt4b_Pixel_Class::inject_view_content_event: hit ViewContent
2024-01-27T11:52:49+00:00 DEBUG Tt4b_Pixel_Class::inject_view_content_event: Missing option "access_token"
2024-01-27T11:52:50+00:00 DEBUG Tt4b_Pixel_Class::inject_add_to_cart_event: hit AddToCart
2024-01-27T11:52:50+00:00 DEBUG Tt4b_Pixel_Class::inject_add_to_cart_event: Missing option "access_token"
2024-01-27T11:52:51+00:00 DEBUG Tt4b_Pixel_Class::inject_add_to_cart_event: hit AddToCart
2024-01-27T11:52:51+00:00 DEBUG Tt4b_Pixel_Class::inject_add_to_cart_event: Missing option "access_token"
2024-01-27T11:52:51+00:00 DEBUG Tt4b_Pixel_Class::inject_view_content_event: hit ViewContent
2024-01-27T11:52:51+00:00 DEBUG Tt4b_Pixel_Class::inject_view_content_event: Missing option "access_token"
2024-01-27T11:52:53+00:00 DEBUG Tt4b_Pixel_Class::inject_add_to_cart_event: hit AddToCart
2024-01-27T11:52:53+00:00 DEBUG Tt4b_Pixel_Class::inject_add_to_cart_event: Missing option "access_token"
2024-01-27T11:52:53+00:00 DEBUG Tt4b_Pixel_Class::inject_view_content_event: hit ViewContent
2024-01-27T11:52:53+00:00 DEBUG Tt4b_Pixel_Class::inject_view_content_event: Missing option "access_token"
2024-01-27T11:52:56+00:00 DEBUG Tt4b_Pixel_Class::inject_view_content_event: hit ViewContent
2024-01-27T11:52:56+00:00 DEBUG Tt4b_Pixel_Class::inject_view_content_event: Missing option "access_token"
2024-01-27T11:52:58+00:00 DEBUG Tt4b_Pixel_Class::inject_view_content_event: hit ViewContent
2024-01-27T11:52:58+00:00 DEBUG Tt4b_Pixel_Class::inject_view_content_event: Missing option "access_token"
2024-01-27T11:52:59+00:00 DEBUG Tt4b_Pixel_Class::inject_add_to_cart_event: hit AddToCart
2024-01-27T11:52:59+00:00 DEBUG Tt4b_Pixel_Class::inject_add_to_cart_event: Missing option "access_token"
2024-01-27T11:53:04+00:00 DEBUG Tt4b_Pixel_Class::inject_add_to_cart_event: hit AddToCart
2024-01-27T11:53:04+00:00 DEBUG Tt4b_Pixel_Class::inject_add_to_cart_event: Missing option "access_token"
2024-01-27T11:53:12+00:00 DEBUG Tt4b_Pixel_Class::inject_add_to_cart_event: hit AddToCart
2024-01-27T11:53:12+00:00 DEBUG Tt4b_Pixel_Class::inject_add_to_cart_event: Missing option "access_token"
2024-01-27T11:53:15+00:00 DEBUG Tt4b_Pixel_Class::inject_add_to_cart_event: hit AddToCart
2024-01-27T11:53:15+00:00 DEBUG Tt4b_Pixel_Class::inject_add_to_cart_event: Missing option "access_token"
2024-01-27T11:53:22+00:00 DEBUG Tt4b_Pixel_Class::inject_add_to_cart_event: hit AddToCart
2024-01-27T11:53:22+00:00 DEBUG Tt4b_Pixel_Class::inject_add_to_cart_event: Missing option "access_token"
2024-01-27T11:53:25+00:00 DEBUG Tt4b_Pixel_Class::inject_view_content_event: hit ViewContent
2024-01-27T11:53:25+00:00 DEBUG Tt4b_Pixel_Class::inject_view_content_event: Missing option "access_token"
2024-01-27T11:53:27+00:00 DEBUG Tt4b_Pixel_Class::inject_add_to_cart_event: hit AddToCart
2024-01-27T11:53:27+00:00 DEBUG Tt4b_Pixel_Class::inject_add_to_cart_event: Missing option "access_token"
2024-01-27T11:53:35+00:00 DEBUG Tt4b_Pixel_Class::inject_add_to_cart_event: hit AddToCart
2024-01-27T11:53:35+00:00 DEBUG Tt4b_Pixel_Class::inject_add_to_cart_event: Missing option "access_token"
2024-01-27T11:53:39+00:00 DEBUG Tt4b_Pixel_Class::inject_add_to_cart_event: hit AddToCart
2024-01-27T11:53:39+00:00 DEBUG Tt4b_Pixel_Class::inject_add_to_cart_event: Missing option "access_token"
2024-01-27T11:53:46+00:00 DEBUG Tt4b_Pixel_Class::inject_add_to_cart_event: hit AddToCart
2024-01-27T11:53:46+00:00 DEBUG Tt4b_Pixel_Class::inject_add_to_cart_event: Missing option "access_token"
2024-01-27T11:53:50+00:00 DEBUG Tt4b_Pixel_Class::inject_add_to_cart_event: hit AddToCart
2024-01-27T11:53:50+00:00 DEBUG Tt4b_Pixel_Class::inject_add_to_cart_event: Missing option "access_token"
2024-01-27T11:53:52+00:00 DEBUG Tt4b_Pixel_Class::inject_add_to_cart_event: hit AddToCart
2024-01-27T11:53:52+00:00 DEBUG Tt4b_Pixel_Class::inject_add_to_cart_event: Missing option "access_token"
2024-01-27T11:53:58+00:00 DEBUG Tt4b_Pixel_Class::inject_add_to_cart_event: hit AddToCart
2024-01-27T11:53:58+00:00 DEBUG Tt4b_Pixel_Class::inject_add_to_cart_event: Missing option "access_token"
2024-01-27T11:53:59+00:00 DEBUG Tt4b_Pixel_Class::inject_view_content_event: hit ViewContent
2024-01-27T11:53:59+00:00 DEBUG Tt4b_Pixel_Class::inject_view_content_event: Missing option "access_token"
2024-01-27T11:54:05+00:00 DEBUG Tt4b_Pixel_Class::inject_add_to_cart_event: hit AddToCart
2024-01-27T11:54:05+00:00 DEBUG Tt4b_Pixel_Class::inject_add_to_cart_event: Missing option "access_token"
2024-01-27T11:54:19+00:00 DEBUG Tt4b_Pixel_Class::inject_add_to_cart_event: hit AddToCart
2024-01-27T11:54:19+00:00 DEBUG Tt4b_Pixel_Class::inject_add_to_cart_event: Missing option "access_token"
2024-01-27T11:54:25+00:00 DEBUG Tt4b_Pixel_Class::inject_add_to_cart_event: hit AddToCart
2024-01-27T11:54:25+00:00 DEBUG Tt4b_Pixel_Class::inject_add_to_cart_event: Missing option "access_token"
2024-01-27T11:54:35+00:00 DEBUG Tt4b_Pixel_Class::inject_add_to_cart_event: hit AddToCart
2024-01-27T11:54:35+00:00 DEBUG Tt4b_Pixel_Class::inject_add_to_cart_event: Missing option "access_token"
2024-01-27T11:54:38+00:00 DEBUG Tt4b_Pixel_Class::inject_add_to_cart_event: hit AddToCart
2024-01-27T11:54:38+00:00 DEBUG Tt4b_Pixel_Class::inject_add_to_cart_event: Missing option "access_token"
2024-01-27T11:54:44+00:00 DEBUG Tt4b_Pixel_Class::inject_view_content_event: hit ViewContent
2024-01-27T11:54:44+00:00 DEBUG Tt4b_Pixel_Class::inject_view_content_event: Missing option "access_token"
2024-01-27T11:54:46+00:00 DEBUG Tt4b_Pixel_Class::inject_add_to_cart_event: hit AddToCart
2024-01-27T11:54:46+00:00 DEBUG Tt4b_Pixel_Class::inject_add_to_cart_event: Missing option "access_token"
2024-01-27T11:54:57+00:00 DEBUG Tt4b_Pixel_Class::inject_add_to_cart_event: hit AddToCart
2024-01-27T11:54:57+00:00 DEBUG Tt4b_Pixel_Class::inject_add_to_cart_event: Missing option "access_token"
2024-01-27T11:55:01+00:00 DEBUG Tt4b_Pixel_Class::inject_add_to_cart_event: hit AddToCart
2024-01-27T11:55:01+00:00 DEBUG Tt4b_Pixel_Class::inject_add_to_cart_event: Missing option "access_token"
2024-01-27T11:55:04+00:00 DEBUG Tt4b_Pixel_Class::inject_add_to_cart_event: hit AddToCart
2024-01-27T11:55:04+00:00 DEBUG Tt4b_Pixel_Class::inject_add_to_cart_event: Missing option "access_token"
2024-01-27T11:55:07+00:00 DEBUG Tt4b_Pixel_Class::inject_add_to_cart_event: hit AddToCart
2024-01-27T11:55:07+00:00 DEBUG Tt4b_Pixel_Class::inject_add_to_cart_event: Missing option "access_token"
2024-01-27T11:55:09+00:00 DEBUG Tt4b_Pixel_Class::inject_add_to_cart_event: hit AddToCart
2024-01-27T11:55:09+00:00 DEBUG Tt4b_Pixel_Class::inject_add_to_cart_event: Missing option "access_token"
2024-01-27T11:55:12+00:00 DEBUG Tt4b_Pixel_Class::inject_add_to_cart_event: hit AddToCart
2024-01-27T11:55:12+00:00 DEBUG Tt4b_Pixel_Class::inject_add_to_cart_event: Missing option "access_token"
2024-01-27T11:55:16+00:00 DEBUG Tt4b_Pixel_Class::inject_add_to_cart_event: hit AddToCart
2024-01-27T11:55:16+00:00 DEBUG Tt4b_Pixel_Class::inject_add_to_cart_event: Missing option "access_token"
2024-01-27T11:55:21+00:00 DEBUG Tt4b_Pixel_Class::inject_view_content_event: hit ViewContent
2024-01-27T11:55:21+00:00 DEBUG Tt4b_Pixel_Class::inject_view_content_event: Missing option "access_token"
2024-01-27T11:55:23+00:00 DEBUG Tt4b_Pixel_Class::inject_add_to_cart_event: hit AddToCart
2024-01-27T11:55:23+00:00 DEBUG Tt4b_Pixel_Class::inject_add_to_cart_event: Missing option "access_token"
2024-01-27T11:55:35+00:00 DEBUG Tt4b_Pixel_Class::inject_add_to_cart_event: hit AddToCart
2024-01-27T11:55:35+00:00 DEBUG Tt4b_Pixel_Class::inject_add_to_cart_event: Missing option "access_token"
2024-01-27T11:55:52+00:00 DEBUG Tt4b_Pixel_Class::inject_add_to_cart_event: hit AddToCart
2024-01-27T11:55:52+00:00 DEBUG Tt4b_Pixel_Class::inject_add_to_cart_event: Missing option "access_token"
2024-01-27T11:55:54+00:00 DEBUG Tt4b_Pixel_Class::inject_add_to_cart_event: hit AddToCart
2024-01-27T11:55:54+00:00 DEBUG Tt4b_Pixel_Class::inject_add_to_cart_event: Missing option "access_token"
2024-01-27T11:56:02+00:00 DEBUG Tt4b_Pixel_Class::inject_view_content_event: hit ViewContent
2024-01-27T11:56:02+00:00 DEBUG Tt4b_Pixel_Class::inject_view_content_event: Missing option "access_token"
2024-01-27T11:56:03+00:00 DEBUG Tt4b_Pixel_Class::inject_add_to_cart_event: hit AddToCart
2024-01-27T11:56:03+00:00 DEBUG Tt4b_Pixel_Class::inject_add_to_cart_event: Missing option "access_token"
2024-01-27T11:56:13+00:00 DEBUG Tt4b_Pixel_Class::inject_add_to_cart_event: hit AddToCart
2024-01-27T11:56:13+00:00 DEBUG Tt4b_Pixel_Class::inject_add_to_cart_event: Missing option "access_token"
2024-01-27T11:56:25+00:00 DEBUG Tt4b_Pixel_Class::inject_add_to_cart_event: hit AddToCart
2024-01-27T11:56:25+00:00 DEBUG Tt4b_Pixel_Class::inject_add_to_cart_event: Missing option "access_token"
2024-01-27T11:56:30+00:00 DEBUG Tt4b_Pixel_Class::inject_add_to_cart_event: hit AddToCart
2024-01-27T11:56:30+00:00 DEBUG Tt4b_Pixel_Class::inject_add_to_cart_event: Missing option "access_token"
2024-01-27T11:56:34+00:00 DEBUG Tt4b_Pixel_Class::inject_view_content_event: hit ViewContent
2024-01-27T11:56:34+00:00 DEBUG Tt4b_Pixel_Class::inject_view_content_event: Missing option "access_token"
2024-01-27T11:56:39+00:00 DEBUG Tt4b_Pixel_Class::inject_add_to_cart_event: hit AddToCart
2024-01-27T11:56:39+00:00 DEBUG Tt4b_Pixel_Class::inject_add_to_cart_event: Missing option "access_token"
2024-01-27T11:56:50+00:00 DEBUG Tt4b_Pixel_Class::inject_add_to_cart_event: hit AddToCart
2024-01-27T11:56:50+00:00 DEBUG Tt4b_Pixel_Class::inject_add_to_cart_event: Missing option "access_token"
2024-01-27T11:57:00+00:00 DEBUG Tt4b_Pixel_Class::inject_add_to_cart_event: hit AddToCart
2024-01-27T11:57:00+00:00 DEBUG Tt4b_Pixel_Class::inject_add_to_cart_event: Missing option "access_token"
2024-01-27T11:57:03+00:00 DEBUG Tt4b_Pixel_Class::inject_add_to_cart_event: hit AddToCart
2024-01-27T11:57:03+00:00 DEBUG Tt4b_Pixel_Class::inject_add_to_cart_event: Missing option "access_token"
2024-01-27T11:57:09+00:00 DEBUG Tt4b_Pixel_Class::inject_add_to_cart_event: hit AddToCart
2024-01-27T11:57:09+00:00 DEBUG Tt4b_Pixel_Class::inject_add_to_cart_event: Missing option "access_token"
2024-01-27T11:57:11+00:00 DEBUG Tt4b_Pixel_Class::inject_view_content_event: hit ViewContent
2024-01-27T11:57:11+00:00 DEBUG Tt4b_Pixel_Class::inject_view_content_event: Missing option "access_token"
2024-01-27T11:57:12+00:00 DEBUG Tt4b_Pixel_Class::inject_add_to_cart_event: hit AddToCart
2024-01-27T11:57:12+00:00 DEBUG Tt4b_Pixel_Class::inject_add_to_cart_event: Missing option "access_token"
2024-01-27T11:57:14+00:00 DEBUG Tt4b_Pixel_Class::inject_add_to_cart_event: hit AddToCart
2024-01-27T11:57:14+00:00 DEBUG Tt4b_Pixel_Class::inject_add_to_cart_event: Missing option "access_token"
2024-01-27T11:57:29+00:00 DEBUG Tt4b_Pixel_Class::inject_add_to_cart_event: hit AddToCart
2024-01-27T11:57:29+00:00 DEBUG Tt4b_Pixel_Class::inject_add_to_cart_event: Missing option "access_token"
2024-01-27T11:57:32+00:00 DEBUG Tt4b_Pixel_Class::inject_add_to_cart_event: hit AddToCart
2024-01-27T11:57:32+00:00 DEBUG Tt4b_Pixel_Class::inject_add_to_cart_event: Missing option "access_token"
2024-01-27T11:57:35+00:00 DEBUG Tt4b_Pixel_Class::inject_add_to_cart_event: hit AddToCart
2024-01-27T11:57:35+00:00 DEBUG Tt4b_Pixel_Class::inject_add_to_cart_event: Missing option "access_token"
2024-01-27T11:57:37+00:00 DEBUG Tt4b_Pixel_Class::inject_add_to_cart_event: hit AddToCart
2024-01-27T11:57:37+00:00 DEBUG Tt4b_Pixel_Class::inject_add_to_cart_event: Missing option "access_token"
2024-01-27T11:57:40+00:00 DEBUG Tt4b_Pixel_Class::inject_add_to_cart_event: hit AddToCart
2024-01-27T11:57:40+00:00 DEBUG Tt4b_Pixel_Class::inject_add_to_cart_event: Missing option "access_token"
2024-01-27T11:57:42+00:00 DEBUG Tt4b_Pixel_Class::inject_add_to_cart_event: hit AddToCart
2024-01-27T11:57:42+00:00 DEBUG Tt4b_Pixel_Class::inject_add_to_cart_event: Missing option "access_token"
2024-01-27T11:57:52+00:00 DEBUG Tt4b_Pixel_Class::inject_view_content_event: hit ViewContent
2024-01-27T11:57:52+00:00 DEBUG Tt4b_Pixel_Class::inject_view_content_event: Missing option "access_token"
2024-01-27T11:57:55+00:00 DEBUG Tt4b_Pixel_Class::inject_view_content_event: hit ViewContent
2024-01-27T11:57:55+00:00 DEBUG Tt4b_Pixel_Class::inject_view_content_event: Missing option "access_token"
2024-01-27T11:58:18+00:00 DEBUG Tt4b_Pixel_Class::inject_add_to_cart_event: hit AddToCart
2024-01-27T11:58:18+00:00 DEBUG Tt4b_Pixel_Class::inject_add_to_cart_event: Missing option "access_token"
2024-01-27T11:58:27+00:00 DEBUG Tt4b_Pixel_Class::inject_view_content_event: hit ViewContent
2024-01-27T11:58:27+00:00 DEBUG Tt4b_Pixel_Class::inject_view_content_event: Missing option "access_token"
2024-01-27T11:58:30+00:00 DEBUG Tt4b_Pixel_Class::inject_add_to_cart_event: hit AddToCart
2024-01-27T11:58:30+00:00 DEBUG Tt4b_Pixel_Class::inject_add_to_cart_event: Missing option "access_token"
2024-01-27T11:58:35+00:00 DEBUG Tt4b_Pixel_Class::inject_add_to_cart_event: hit AddToCart
2024-01-27T11:58:35+00:00 DEBUG Tt4b_Pixel_Class::inject_add_to_cart_event: Missing option "access_token"
2024-01-27T11:58:43+00:00 DEBUG Tt4b_Pixel_Class::inject_view_content_event: hit ViewContent
2024-01-27T11:58:43+00:00 DEBUG Tt4b_Pixel_Class::inject_view_content_event: Missing option "access_token"
2024-01-27T11:58:46+00:00 DEBUG Tt4b_Pixel_Class::inject_view_content_event: hit ViewContent
2024-01-27T11:58:46+00:00 DEBUG Tt4b_Pixel_Class::inject_view_content_event: Missing option "access_token"
2024-01-27T11:58:48+00:00 DEBUG Tt4b_Pixel_Class::inject_view_content_event: hit ViewContent
2024-01-27T11:58:48+00:00 DEBUG Tt4b_Pixel_Class::inject_view_content_event: Missing option "access_token"
2024-01-27T11:58:50+00:00 DEBUG Tt4b_Pixel_Class::inject_view_content_event: hit ViewContent
2024-01-27T11:58:50+00:00 DEBUG Tt4b_Pixel_Class::inject_view_content_event: Missing option "access_token"
2024-01-27T11:58:53+00:00 DEBUG Tt4b_Pixel_Class::inject_view_content_event: hit ViewContent
2024-01-27T11:58:53+00:00 DEBUG Tt4b_Pixel_Class::inject_view_content_event: Missing option "access_token"
2024-01-27T11:58:55+00:00 DEBUG Tt4b_Pixel_Class::inject_view_content_event: hit ViewContent
2024-01-27T11:58:55+00:00 DEBUG Tt4b_Pixel_Class::inject_view_content_event: Missing option "access_token"
2024-01-27T11:58:56+00:00 DEBUG Tt4b_Pixel_Class::inject_add_to_cart_event: hit AddToCart
2024-01-27T11:58:56+00:00 DEBUG Tt4b_Pixel_Class::inject_add_to_cart_event: Missing option "access_token"
2024-01-27T11:58:57+00:00 DEBUG Tt4b_Pixel_Class::inject_view_content_event: hit ViewContent
2024-01-27T11:58:57+00:00 DEBUG Tt4b_Pixel_Class::inject_view_content_event: Missing option "access_token"
2024-01-27T11:58:59+00:00 DEBUG Tt4b_Pixel_Class::inject_view_content_event: hit ViewContent
2024-01-27T11:58:59+00:00 DEBUG Tt4b_Pixel_Class::inject_view_content_event: Missing option "access_token"
2024-01-27T11:59:02+00:00 DEBUG Tt4b_Pixel_Class::inject_view_content_event: hit ViewContent
2024-01-27T11:59:02+00:00 DEBUG Tt4b_Pixel_Class::inject_view_content_event: Missing option "access_token"
2024-01-27T11:59:04+00:00 DEBUG Tt4b_Pixel_Class::inject_view_content_event: hit ViewContent
2024-01-27T11:59:04+00:00 DEBUG Tt4b_Pixel_Class::inject_view_content_event: Missing option "access_token"
2024-01-27T11:59:07+00:00 DEBUG Tt4b_Pixel_Class::inject_view_content_event: hit ViewContent
2024-01-27T11:59:07+00:00 DEBUG Tt4b_Pixel_Class::inject_view_content_event: Missing option "access_token"
2024-01-27T11:59:08+00:00 DEBUG Tt4b_Pixel_Class::inject_view_content_event: hit ViewContent
2024-01-27T11:59:08+00:00 DEBUG Tt4b_Pixel_Class::inject_view_content_event: Missing option "access_token"
2024-01-27T11:59:11+00:00 DEBUG Tt4b_Pixel_Class::inject_add_to_cart_event: hit AddToCart
2024-01-27T11:59:11+00:00 DEBUG Tt4b_Pixel_Class::inject_add_to_cart_event: Missing option "access_token"
2024-01-27T11:59:13+00:00 DEBUG Tt4b_Pixel_Class::inject_view_content_event: hit ViewContent
2024-01-27T11:59:13+00:00 DEBUG Tt4b_Pixel_Class::inject_view_content_event: Missing option "access_token"
2024-01-27T11:59:13+00:00 DEBUG Tt4b_Pixel_Class::inject_add_to_cart_event: hit AddToCart
2024-01-27T11:59:13+00:00 DEBUG Tt4b_Pixel_Class::inject_add_to_cart_event: Missing option "access_token"
2024-01-27T11:59:15+00:00 DEBUG Tt4b_Pixel_Class::inject_add_to_cart_event: hit AddToCart
2024-01-27T11:59:16+00:00 DEBUG Tt4b_Pixel_Class::inject_add_to_cart_event: Missing option "access_token"
2024-01-27T11:59:16+00:00 DEBUG Tt4b_Pixel_Class::inject_view_content_event: hit ViewContent
2024-01-27T11:59:16+00:00 DEBUG Tt4b_Pixel_Class::inject_view_content_event: Missing option "access_token"
2024-01-27T11:59:18+00:00 DEBUG Tt4b_Pixel_Class::inject_view_content_event: hit ViewContent
2024-01-27T11:59:18+00:00 DEBUG Tt4b_Pixel_Class::inject_view_content_event: Missing option "access_token"
2024-01-27T11:59:20+00:00 DEBUG Tt4b_Pixel_Class::inject_add_to_cart_event: hit AddToCart
2024-01-27T11:59:20+00:00 DEBUG Tt4b_Pixel_Class::inject_add_to_cart_event: Missing option "access_token"
2024-01-27T11:59:20+00:00 DEBUG Tt4b_Pixel_Class::inject_view_content_event: hit ViewContent
2024-01-27T11:59:20+00:00 DEBUG Tt4b_Pixel_Class::inject_view_content_event: Missing option "access_token"
2024-01-27T11:59:23+00:00 DEBUG Tt4b_Pixel_Class::inject_view_content_event: hit ViewContent
2024-01-27T11:59:23+00:00 DEBUG Tt4b_Pixel_Class::inject_view_content_event: Missing option "access_token"
2024-01-27T11:59:25+00:00 DEBUG Tt4b_Pixel_Class::inject_view_content_event: hit ViewContent
2024-01-27T11:59:25+00:00 DEBUG Tt4b_Pixel_Class::inject_view_content_event: Missing option "access_token"
2024-01-27T11:59:29+00:00 DEBUG Tt4b_Pixel_Class::inject_view_content_event: hit ViewContent
2024-01-27T11:59:29+00:00 DEBUG Tt4b_Pixel_Class::inject_view_content_event: Missing option "access_token"
2024-01-27T11:59:31+00:00 DEBUG Tt4b_Pixel_Class::inject_add_to_cart_event: hit AddToCart
2024-01-27T11:59:31+00:00 DEBUG Tt4b_Pixel_Class::inject_add_to_cart_event: Missing option "access_token"
2024-01-27T11:59:38+00:00 DEBUG Tt4b_Pixel_Class::inject_view_content_event: hit ViewContent
2024-01-27T11:59:38+00:00 DEBUG Tt4b_Pixel_Class::inject_view_content_event: Missing option "access_token"
2024-01-27T11:59:59+00:00 DEBUG Tt4b_Pixel_Class::inject_add_to_cart_event: hit AddToCart
2024-01-27T11:59:59+00:00 DEBUG Tt4b_Pixel_Class::inject_add_to_cart_event: Missing option "access_token"
2024-01-27T12:00:03+00:00 DEBUG Tt4b_Pixel_Class::inject_view_content_event: hit ViewContent
2024-01-27T12:00:03+00:00 DEBUG Tt4b_Pixel_Class::inject_view_content_event: Missing option "access_token"
2024-01-27T12:00:06+00:00 DEBUG Tt4b_Pixel_Class::inject_view_content_event: hit ViewContent
2024-01-27T12:00:06+00:00 DEBUG Tt4b_Pixel_Class::inject_view_content_event: Missing option "access_token"
2024-01-27T12:00:33+00:00 DEBUG Tt4b_Pixel_Class::inject_add_to_cart_event: hit AddToCart
2024-01-27T12:00:33+00:00 DEBUG Tt4b_Pixel_Class::inject_add_to_cart_event: Missing option "access_token"
2024-01-27T12:00:37+00:00 DEBUG Tt4b_Pixel_Class::inject_add_to_cart_event: hit AddToCart
2024-01-27T12:00:37+00:00 DEBUG Tt4b_Pixel_Class::inject_add_to_cart_event: Missing option "access_token"
2024-01-27T12:00:38+00:00 DEBUG Tt4b_Pixel_Class::inject_view_content_event: hit ViewContent
2024-01-27T12:00:38+00:00 DEBUG Tt4b_Pixel_Class::inject_view_content_event: Missing option "access_token"
2024-01-27T12:00:42+00:00 DEBUG Tt4b_Pixel_Class::inject_view_content_event: hit ViewContent
2024-01-27T12:00:42+00:00 DEBUG Tt4b_Pixel_Class::inject_view_content_event: Missing option "access_token"
2024-01-27T12:00:42+00:00 DEBUG Tt4b_Pixel_Class::inject_add_to_cart_event: hit AddToCart
2024-01-27T12:00:42+00:00 DEBUG Tt4b_Pixel_Class::inject_add_to_cart_event: Missing option "access_token"
2024-01-27T12:00:45+00:00 DEBUG Tt4b_Pixel_Class::inject_add_to_cart_event: hit AddToCart
2024-01-27T12:00:45+00:00 DEBUG Tt4b_Pixel_Class::inject_add_to_cart_event: Missing option "access_token"
2024-01-27T12:00:58+00:00 DEBUG Tt4b_Pixel_Class::inject_add_to_cart_event: hit AddToCart
2024-01-27T12:00:58+00:00 DEBUG Tt4b_Pixel_Class::inject_add_to_cart_event: Missing option "access_token"
2024-01-27T12:01:02+00:00 DEBUG Tt4b_Pixel_Class::inject_view_content_event: hit ViewContent
2024-01-27T12:01:02+00:00 DEBUG Tt4b_Pixel_Class::inject_view_content_event: Missing option "access_token"
2024-01-27T12:01:18+00:00 DEBUG Tt4b_Pixel_Class::inject_view_content_event: hit ViewContent
2024-01-27T12:01:18+00:00 DEBUG Tt4b_Pixel_Class::inject_view_content_event: Missing option "access_token"
2024-01-27T12:01:25+00:00 DEBUG Tt4b_Pixel_Class::inject_add_to_cart_event: hit AddToCart
2024-01-27T12:01:25+00:00 DEBUG Tt4b_Pixel_Class::inject_add_to_cart_event: Missing option "access_token"
2024-01-27T12:01:32+00:00 DEBUG Tt4b_Pixel_Class::inject_view_content_event: hit ViewContent
2024-01-27T12:01:32+00:00 DEBUG Tt4b_Pixel_Class::inject_view_content_event: Missing option "access_token"
2024-01-27T12:01:34+00:00 DEBUG Tt4b_Pixel_Class::inject_add_to_cart_event: hit AddToCart
2024-01-27T12:01:34+00:00 DEBUG Tt4b_Pixel_Class::inject_add_to_cart_event: Missing option "access_token"
2024-01-27T12:01:46+00:00 DEBUG Tt4b_Pixel_Class::inject_view_content_event: hit ViewContent
2024-01-27T12:01:46+00:00 DEBUG Tt4b_Pixel_Class::inject_view_content_event: Missing option "access_token"
2024-01-27T12:02:00+00:00 DEBUG Tt4b_Pixel_Class::inject_add_to_cart_event: hit AddToCart
2024-01-27T12:02:00+00:00 DEBUG Tt4b_Pixel_Class::inject_add_to_cart_event: Missing option "access_token"
2024-01-27T12:02:10+00:00 DEBUG Tt4b_Pixel_Class::inject_view_content_event: hit ViewContent
2024-01-27T12:02:10+00:00 DEBUG Tt4b_Pixel_Class::inject_view_content_event: Missing option "access_token"
2024-01-27T12:02:11+00:00 DEBUG Tt4b_Pixel_Class::inject_view_content_event: hit ViewContent
2024-01-27T12:02:11+00:00 DEBUG Tt4b_Pixel_Class::inject_view_content_event: Missing option "access_token"
2024-01-27T12:02:12+00:00 DEBUG Tt4b_Pixel_Class::inject_view_content_event: hit ViewContent
2024-01-27T12:02:12+00:00 DEBUG Tt4b_Pixel_Class::inject_view_content_event: Missing option "access_token"
2024-01-27T12:02:15+00:00 DEBUG Tt4b_Pixel_Class::inject_view_content_event: hit ViewContent
2024-01-27T12:02:15+00:00 DEBUG Tt4b_Pixel_Class::inject_view_content_event: Missing option "access_token"
2024-01-27T12:02:16+00:00 DEBUG Tt4b_Pixel_Class::inject_view_content_event: hit ViewContent
2024-01-27T12:02:16+00:00 DEBUG Tt4b_Pixel_Class::inject_view_content_event: Missing option "access_token"
2024-01-27T12:02:33+00:00 DEBUG Tt4b_Pixel_Class::inject_add_to_cart_event: hit AddToCart
2024-01-27T12:02:33+00:00 DEBUG Tt4b_Pixel_Class::inject_add_to_cart_event: Missing option "access_token"
2024-01-27T12:02:43+00:00 DEBUG Tt4b_Pixel_Class::inject_view_content_event: hit ViewContent
2024-01-27T12:02:43+00:00 DEBUG Tt4b_Pixel_Class::inject_view_content_event: Missing option "access_token"
2024-01-27T12:03:04+00:00 DEBUG Tt4b_Pixel_Class::inject_view_content_event: hit ViewContent
2024-01-27T12:03:04+00:00 DEBUG Tt4b_Pixel_Class::inject_view_content_event: Missing option "access_token"
2024-01-27T12:03:04+00:00 DEBUG Tt4b_Pixel_Class::inject_view_content_event: hit ViewContent
2024-01-27T12:03:04+00:00 DEBUG Tt4b_Pixel_Class::inject_view_content_event: Missing option "access_token"
2024-01-27T12:03:05+00:00 DEBUG Tt4b_Pixel_Class::inject_add_to_cart_event: hit AddToCart
2024-01-27T12:03:05+00:00 DEBUG Tt4b_Pixel_Class::inject_add_to_cart_event: Missing option "access_token"
2024-01-27T12:03:07+00:00 DEBUG Tt4b_Pixel_Class::inject_view_content_event: hit ViewContent
2024-01-27T12:03:07+00:00 DEBUG Tt4b_Pixel_Class::inject_view_content_event: Missing option "access_token"
2024-01-27T12:03:16+00:00 DEBUG Tt4b_Pixel_Class::inject_view_content_event: hit ViewContent
2024-01-27T12:03:16+00:00 DEBUG Tt4b_Pixel_Class::inject_view_content_event: Missing option "access_token"
2024-01-27T12:03:39+00:00 DEBUG Tt4b_Pixel_Class::inject_add_to_cart_event: hit AddToCart
2024-01-27T12:03:39+00:00 DEBUG Tt4b_Pixel_Class::inject_add_to_cart_event: Missing option "access_token"
2024-01-27T12:03:50+00:00 DEBUG Tt4b_Pixel_Class::inject_view_content_event: hit ViewContent
2024-01-27T12:03:50+00:00 DEBUG Tt4b_Pixel_Class::inject_view_content_event: Missing option "access_token"
2024-01-27T12:03:54+00:00 DEBUG Tt4b_Pixel_Class::inject_view_content_event: hit ViewContent
2024-01-27T12:03:54+00:00 DEBUG Tt4b_Pixel_Class::inject_view_content_event: Missing option "access_token"
2024-01-27T12:04:16+00:00 DEBUG Tt4b_Pixel_Class::inject_add_to_cart_event: hit AddToCart
2024-01-27T12:04:16+00:00 DEBUG Tt4b_Pixel_Class::inject_add_to_cart_event: Missing option "access_token"
2024-01-27T12:04:28+00:00 DEBUG Tt4b_Pixel_Class::inject_view_content_event: hit ViewContent
2024-01-27T12:04:28+00:00 DEBUG Tt4b_Pixel_Class::inject_view_content_event: Missing option "access_token"
2024-01-27T12:04:50+00:00 DEBUG Tt4b_Pixel_Class::inject_add_to_cart_event: hit AddToCart
2024-01-27T12:04:50+00:00 DEBUG Tt4b_Pixel_Class::inject_add_to_cart_event: Missing option "access_token"
2024-01-27T12:04:59+00:00 DEBUG Tt4b_Pixel_Class::inject_view_content_event: hit ViewContent
2024-01-27T12:04:59+00:00 DEBUG Tt4b_Pixel_Class::inject_view_content_event: Missing option "access_token"
2024-01-27T12:05:25+00:00 DEBUG Tt4b_Pixel_Class::inject_add_to_cart_event: hit AddToCart
2024-01-27T12:05:25+00:00 DEBUG Tt4b_Pixel_Class::inject_add_to_cart_event: Missing option "access_token"
2024-01-27T12:05:36+00:00 DEBUG Tt4b_Pixel_Class::inject_view_content_event: hit ViewContent
2024-01-27T12:05:36+00:00 DEBUG Tt4b_Pixel_Class::inject_view_content_event: Missing option "access_token"
2024-01-27T12:06:04+00:00 DEBUG Tt4b_Pixel_Class::inject_add_to_cart_event: hit AddToCart
2024-01-27T12:06:04+00:00 DEBUG Tt4b_Pixel_Class::inject_add_to_cart_event: Missing option "access_token"
2024-01-27T12:06:13+00:00 DEBUG Tt4b_Pixel_Class::inject_view_content_event: hit ViewContent
2024-01-27T12:06:13+00:00 DEBUG Tt4b_Pixel_Class::inject_view_content_event: Missing option "access_token"
2024-01-27T12:06:27+00:00 DEBUG Tt4b_Pixel_Class::inject_view_content_event: hit ViewContent
2024-01-27T12:06:27+00:00 DEBUG Tt4b_Pixel_Class::inject_view_content_event: Missing option "access_token"
2024-01-27T12:06:31+00:00 DEBUG Tt4b_Pixel_Class::inject_view_content_event: hit ViewContent
2024-01-27T12:06:31+00:00 DEBUG Tt4b_Pixel_Class::inject_view_content_event: Missing option "access_token"
2024-01-27T12:06:33+00:00 DEBUG Tt4b_Pixel_Class::inject_add_to_cart_event: hit AddToCart
2024-01-27T12:06:33+00:00 DEBUG Tt4b_Pixel_Class::inject_add_to_cart_event: Missing option "access_token"
2024-01-27T12:06:34+00:00 DEBUG Tt4b_Pixel_Class::inject_add_to_cart_event: hit AddToCart
2024-01-27T12:06:34+00:00 DEBUG Tt4b_Pixel_Class::inject_add_to_cart_event: Missing option "access_token"
2024-01-27T12:06:35+00:00 DEBUG Tt4b_Pixel_Class::inject_add_to_cart_event: hit AddToCart
2024-01-27T12:06:35+00:00 DEBUG Tt4b_Pixel_Class::inject_add_to_cart_event: Missing option "access_token"
2024-01-27T12:06:36+00:00 DEBUG Tt4b_Pixel_Class::inject_view_content_event: hit ViewContent
2024-01-27T12:06:36+00:00 DEBUG Tt4b_Pixel_Class::inject_view_content_event: Missing option "access_token"
2024-01-27T12:06:42+00:00 DEBUG Tt4b_Pixel_Class::inject_add_to_cart_event: hit AddToCart
2024-01-27T12:06:42+00:00 DEBUG Tt4b_Pixel_Class::inject_add_to_cart_event: Missing option "access_token"
2024-01-27T12:06:59+00:00 DEBUG Tt4b_Pixel_Class::inject_view_content_event: hit ViewContent
2024-01-27T12:06:59+00:00 DEBUG Tt4b_Pixel_Class::inject_view_content_event: Missing option "access_token"
2024-01-27T12:07:18+00:00 DEBUG Tt4b_Pixel_Class::inject_view_content_event: hit ViewContent
2024-01-27T12:07:18+00:00 DEBUG Tt4b_Pixel_Class::inject_view_content_event: Missing option "access_token"
2024-01-27T12:07:41+00:00 DEBUG Tt4b_Pixel_Class::inject_view_content_event: hit ViewContent
2024-01-27T12:07:41+00:00 DEBUG Tt4b_Pixel_Class::inject_view_content_event: Missing option "access_token"
2024-01-27T12:07:43+00:00 DEBUG Tt4b_Pixel_Class::inject_view_content_event: hit ViewContent
2024-01-27T12:07:43+00:00 DEBUG Tt4b_Pixel_Class::inject_view_content_event: Missing option "access_token"
2024-01-27T12:07:45+00:00 DEBUG Tt4b_Pixel_Class::inject_view_content_event: hit ViewContent
2024-01-27T12:07:45+00:00 DEBUG Tt4b_Pixel_Class::inject_view_content_event: Missing option "access_token"
2024-01-27T12:07:49+00:00 DEBUG Tt4b_Pixel_Class::inject_view_content_event: hit ViewContent
2024-01-27T12:07:49+00:00 DEBUG Tt4b_Pixel_Class::inject_view_content_event: Missing option "access_token"
2024-01-27T12:08:03+00:00 DEBUG Tt4b_Pixel_Class::inject_view_content_event: hit ViewContent
2024-01-27T12:08:03+00:00 DEBUG Tt4b_Pixel_Class::inject_view_content_event: Missing option "access_token"
2024-01-27T12:08:37+00:00 DEBUG Tt4b_Pixel_Class::inject_view_content_event: hit ViewContent
2024-01-27T12:08:37+00:00 DEBUG Tt4b_Pixel_Class::inject_view_content_event: Missing option "access_token"
2024-01-27T12:09:09+00:00 DEBUG Tt4b_Pixel_Class::inject_view_content_event: hit ViewContent
2024-01-27T12:09:09+00:00 DEBUG Tt4b_Pixel_Class::inject_view_content_event: Missing option "access_token"
2024-01-27T12:09:41+00:00 DEBUG Tt4b_Pixel_Class::inject_view_content_event: hit ViewContent
2024-01-27T12:09:41+00:00 DEBUG Tt4b_Pixel_Class::inject_view_content_event: Missing option "access_token"
2024-01-27T12:09:43+00:00 DEBUG Tt4b_Pixel_Class::inject_view_content_event: hit ViewContent
2024-01-27T12:09:43+00:00 DEBUG Tt4b_Pixel_Class::inject_view_content_event: Missing option "access_token"
2024-01-27T12:09:46+00:00 DEBUG Tt4b_Pixel_Class::inject_view_content_event: hit ViewContent
2024-01-27T12:09:46+00:00 DEBUG Tt4b_Pixel_Class::inject_view_content_event: Missing option "access_token"
2024-01-27T12:09:51+00:00 DEBUG Tt4b_Pixel_Class::inject_view_content_event: hit ViewContent
2024-01-27T12:09:51+00:00 DEBUG Tt4b_Pixel_Class::inject_view_content_event: Missing option "access_token"
2024-01-27T12:09:54+00:00 DEBUG Tt4b_Pixel_Class::inject_view_content_event: hit ViewContent
2024-01-27T12:09:54+00:00 DEBUG Tt4b_Pixel_Class::inject_view_content_event: Missing option "access_token"
2024-01-27T12:09:57+00:00 DEBUG Tt4b_Pixel_Class::inject_view_content_event: hit ViewContent
2024-01-27T12:09:57+00:00 DEBUG Tt4b_Pixel_Class::inject_view_content_event: Missing option "access_token"
2024-01-27T12:09:58+00:00 DEBUG Tt4b_Pixel_Class::inject_view_content_event: hit ViewContent
2024-01-27T12:09:58+00:00 DEBUG Tt4b_Pixel_Class::inject_view_content_event: Missing option "access_token"
2024-01-27T12:09:58+00:00 DEBUG Tt4b_Pixel_Class::inject_view_content_event: hit ViewContent
2024-01-27T12:09:58+00:00 DEBUG Tt4b_Pixel_Class::inject_view_content_event: Missing option "access_token"
2024-01-27T12:10:01+00:00 DEBUG Tt4b_Pixel_Class::inject_view_content_event: hit ViewContent
2024-01-27T12:10:01+00:00 DEBUG Tt4b_Pixel_Class::inject_view_content_event: Missing option "access_token"
2024-01-27T12:10:38+00:00 DEBUG Tt4b_Pixel_Class::inject_view_content_event: hit ViewContent
2024-01-27T12:10:38+00:00 DEBUG Tt4b_Pixel_Class::inject_view_content_event: Missing option "access_token"
2024-01-27T12:11:02+00:00 DEBUG Tt4b_Pixel_Class::inject_view_content_event: hit ViewContent
2024-01-27T12:11:02+00:00 DEBUG Tt4b_Pixel_Class::inject_view_content_event: Missing option "access_token"
2024-01-27T12:11:19+00:00 DEBUG Tt4b_Pixel_Class::inject_view_content_event: hit ViewContent
2024-01-27T12:11:19+00:00 DEBUG Tt4b_Pixel_Class::inject_view_content_event: Missing option "access_token"
2024-01-27T12:11:37+00:00 DEBUG Tt4b_Pixel_Class::inject_view_content_event: hit ViewContent
2024-01-27T12:11:37+00:00 DEBUG Tt4b_Pixel_Class::inject_view_content_event: Missing option "access_token"
2024-01-27T12:11:54+00:00 DEBUG Tt4b_Pixel_Class::inject_view_content_event: hit ViewContent
2024-01-27T12:11:54+00:00 DEBUG Tt4b_Pixel_Class::inject_view_content_event: Missing option "access_token"
2024-01-27T12:12:28+00:00 DEBUG Tt4b_Pixel_Class::inject_view_content_event: hit ViewContent
2024-01-27T12:12:28+00:00 DEBUG Tt4b_Pixel_Class::inject_view_content_event: Missing option "access_token"
2024-01-27T12:12:48+00:00 DEBUG Tt4b_Pixel_Class::inject_view_content_event: hit ViewContent
2024-01-27T12:12:48+00:00 DEBUG Tt4b_Pixel_Class::inject_view_content_event: Missing option "access_token"
2024-01-27T12:12:57+00:00 DEBUG Tt4b_Pixel_Class::inject_view_content_event: hit ViewContent
2024-01-27T12:12:57+00:00 DEBUG Tt4b_Pixel_Class::inject_view_content_event: Missing option "access_token"
2024-01-27T12:13:13+00:00 DEBUG Tt4b_Pixel_Class::inject_add_to_cart_event: hit AddToCart
2024-01-27T12:13:13+00:00 DEBUG Tt4b_Pixel_Class::inject_add_to_cart_event: Missing option "access_token"
2024-01-27T12:13:20+00:00 DEBUG Tt4b_Pixel_Class::inject_view_content_event: hit ViewContent
2024-01-27T12:13:20+00:00 DEBUG Tt4b_Pixel_Class::inject_view_content_event: Missing option "access_token"
2024-01-27T12:13:44+00:00 DEBUG Tt4b_Pixel_Class::inject_view_content_event: hit ViewContent
2024-01-27T12:13:44+00:00 DEBUG Tt4b_Pixel_Class::inject_view_content_event: Missing option "access_token"
2024-01-27T12:14:03+00:00 DEBUG Tt4b_Pixel_Class::inject_view_content_event: hit ViewContent
2024-01-27T12:14:03+00:00 DEBUG Tt4b_Pixel_Class::inject_view_content_event: Missing option "access_token"
2024-01-27T12:14:21+00:00 DEBUG Tt4b_Pixel_Class::inject_view_content_event: hit ViewContent
2024-01-27T12:14:21+00:00 DEBUG Tt4b_Pixel_Class::inject_view_content_event: Missing option "access_token"
2024-01-27T12:14:41+00:00 DEBUG Tt4b_Pixel_Class::inject_view_content_event: hit ViewContent
2024-01-27T12:14:41+00:00 DEBUG Tt4b_Pixel_Class::inject_view_content_event: Missing option "access_token"
2024-01-27T12:14:43+00:00 DEBUG Tt4b_Pixel_Class::inject_view_content_event: hit ViewContent
2024-01-27T12:14:43+00:00 DEBUG Tt4b_Pixel_Class::inject_view_content_event: Missing option "access_token"
2024-01-27T12:14:47+00:00 DEBUG Tt4b_Pixel_Class::inject_view_content_event: hit ViewContent
2024-01-27T12:14:47+00:00 DEBUG Tt4b_Pixel_Class::inject_view_content_event: Missing option "access_token"
2024-01-27T12:14:48+00:00 DEBUG Tt4b_Pixel_Class::inject_view_content_event: hit ViewContent
2024-01-27T12:14:48+00:00 DEBUG Tt4b_Pixel_Class::inject_view_content_event: Missing option "access_token"
2024-01-27T12:15:00+00:00 DEBUG Tt4b_Pixel_Class::inject_view_content_event: hit ViewContent
2024-01-27T12:15:00+00:00 DEBUG Tt4b_Pixel_Class::inject_view_content_event: Missing option "access_token"
2024-01-27T12:15:01+00:00 DEBUG Tt4b_Pixel_Class::inject_view_content_event: hit ViewContent
2024-01-27T12:15:01+00:00 DEBUG Tt4b_Pixel_Class::inject_view_content_event: Missing option "access_token"
2024-01-27T12:15:03+00:00 DEBUG Tt4b_Pixel_Class::inject_view_content_event: hit ViewContent
2024-01-27T12:15:03+00:00 DEBUG Tt4b_Pixel_Class::inject_view_content_event: Missing option "access_token"
2024-01-27T12:15:08+00:00 DEBUG Tt4b_Pixel_Class::inject_view_content_event: hit ViewContent
2024-01-27T12:15:08+00:00 DEBUG Tt4b_Pixel_Class::inject_view_content_event: Missing option "access_token"
2024-01-27T12:15:29+00:00 DEBUG Tt4b_Pixel_Class::inject_view_content_event: hit ViewContent
2024-01-27T12:15:29+00:00 DEBUG Tt4b_Pixel_Class::inject_view_content_event: Missing option "access_token"
2024-01-27T12:15:53+00:00 DEBUG Tt4b_Pixel_Class::inject_view_content_event: hit ViewContent
2024-01-27T12:15:53+00:00 DEBUG Tt4b_Pixel_Class::inject_view_content_event: Missing option "access_token"
2024-01-27T12:16:11+00:00 DEBUG Tt4b_Pixel_Class::inject_view_content_event: hit ViewContent
2024-01-27T12:16:11+00:00 DEBUG Tt4b_Pixel_Class::inject_view_content_event: Missing option "access_token"
2024-01-27T12:16:13+00:00 DEBUG Tt4b_Pixel_Class::inject_view_content_event: hit ViewContent
2024-01-27T12:16:13+00:00 DEBUG Tt4b_Pixel_Class::inject_view_content_event: Missing option "access_token"
2024-01-27T12:16:15+00:00 DEBUG Tt4b_Pixel_Class::inject_view_content_event: hit ViewContent
2024-01-27T12:16:15+00:00 DEBUG Tt4b_Pixel_Class::inject_view_content_event: Missing option "access_token"
2024-01-27T12:16:17+00:00 DEBUG Tt4b_Pixel_Class::inject_view_content_event: hit ViewContent
2024-01-27T12:16:17+00:00 DEBUG Tt4b_Pixel_Class::inject_view_content_event: Missing option "access_token"
2024-01-27T12:16:19+00:00 DEBUG Tt4b_Pixel_Class::inject_view_content_event: hit ViewContent
2024-01-27T12:16:19+00:00 DEBUG Tt4b_Pixel_Class::inject_view_content_event: Missing option "access_token"
2024-01-27T12:16:21+00:00 DEBUG Tt4b_Pixel_Class::inject_view_content_event: hit ViewContent
2024-01-27T12:16:21+00:00 DEBUG Tt4b_Pixel_Class::inject_view_content_event: Missing option "access_token"
2024-01-27T12:16:53+00:00 DEBUG Tt4b_Pixel_Class::inject_view_content_event: hit ViewContent
2024-01-27T12:16:53+00:00 DEBUG Tt4b_Pixel_Class::inject_view_content_event: Missing option "access_token"
2024-01-27T12:17:09+00:00 DEBUG Tt4b_Pixel_Class::inject_view_content_event: hit ViewContent
2024-01-27T12:17:09+00:00 DEBUG Tt4b_Pixel_Class::inject_view_content_event: Missing option "access_token"
2024-01-27T12:17:31+00:00 DEBUG Tt4b_Pixel_Class::inject_view_content_event: hit ViewContent
2024-01-27T12:17:31+00:00 DEBUG Tt4b_Pixel_Class::inject_view_content_event: Missing option "access_token"
2024-01-27T12:17:52+00:00 DEBUG Tt4b_Pixel_Class::inject_view_content_event: hit ViewContent
2024-01-27T12:17:52+00:00 DEBUG Tt4b_Pixel_Class::inject_view_content_event: Missing option "access_token"
2024-01-27T12:18:16+00:00 DEBUG Tt4b_Pixel_Class::inject_view_content_event: hit ViewContent
2024-01-27T12:18:16+00:00 DEBUG Tt4b_Pixel_Class::inject_view_content_event: Missing option "access_token"
2024-01-27T12:18:33+00:00 DEBUG Tt4b_Pixel_Class::inject_view_content_event: hit ViewContent
2024-01-27T12:18:33+00:00 DEBUG Tt4b_Pixel_Class::inject_view_content_event: Missing option "access_token"
2024-01-27T12:18:36+00:00 DEBUG Tt4b_Pixel_Class::inject_view_content_event: hit ViewContent
2024-01-27T12:18:36+00:00 DEBUG Tt4b_Pixel_Class::inject_view_content_event: Missing option "access_token"
2024-01-27T12:18:58+00:00 DEBUG Tt4b_Pixel_Class::inject_view_content_event: hit ViewContent
2024-01-27T12:18:58+00:00 DEBUG Tt4b_Pixel_Class::inject_view_content_event: Missing option "access_token"
2024-01-27T12:19:38+00:00 DEBUG Tt4b_Pixel_Class::inject_view_content_event: hit ViewContent
2024-01-27T12:19:38+00:00 DEBUG Tt4b_Pixel_Class::inject_view_content_event: Missing option "access_token"
2024-01-27T12:20:10+00:00 DEBUG Tt4b_Pixel_Class::inject_view_content_event: hit ViewContent
2024-01-27T12:20:10+00:00 DEBUG Tt4b_Pixel_Class::inject_view_content_event: Missing option "access_token"
2024-01-27T12:20:38+00:00 DEBUG Tt4b_Pixel_Class::inject_view_content_event: hit ViewContent
2024-01-27T12:20:38+00:00 DEBUG Tt4b_Pixel_Class::inject_view_content_event: Missing option "access_token"
2024-01-27T12:20:43+00:00 DEBUG Tt4b_Pixel_Class::inject_view_content_event: hit ViewContent
2024-01-27T12:20:43+00:00 DEBUG Tt4b_Pixel_Class::inject_view_content_event: Missing option "access_token"
2024-01-27T12:20:43+00:00 DEBUG Tt4b_Pixel_Class::inject_view_content_event: hit ViewContent
2024-01-27T12:20:43+00:00 DEBUG Tt4b_Pixel_Class::inject_view_content_event: Missing option "access_token"
2024-01-27T12:20:44+00:00 DEBUG Tt4b_Pixel_Class::inject_view_content_event: hit ViewContent
2024-01-27T12:20:44+00:00 DEBUG Tt4b_Pixel_Class::inject_view_content_event: Missing option "access_token"
2024-01-27T12:20:58+00:00 DEBUG Tt4b_Pixel_Class::inject_view_content_event: hit ViewContent
2024-01-27T12:20:58+00:00 DEBUG Tt4b_Pixel_Class::inject_view_content_event: Missing option "access_token"
2024-01-27T12:21:24+00:00 DEBUG Tt4b_Pixel_Class::inject_view_content_event: hit ViewContent
2024-01-27T12:21:24+00:00 DEBUG Tt4b_Pixel_Class::inject_view_content_event: Missing option "access_token"
2024-01-27T12:21:44+00:00 DEBUG Tt4b_Pixel_Class::inject_view_content_event: hit ViewContent
2024-01-27T12:21:44+00:00 DEBUG Tt4b_Pixel_Class::inject_view_content_event: Missing option "access_token"
2024-01-27T12:22:15+00:00 DEBUG Tt4b_Pixel_Class::inject_view_content_event: hit ViewContent
2024-01-27T12:22:15+00:00 DEBUG Tt4b_Pixel_Class::inject_view_content_event: Missing option "access_token"
2024-01-27T12:22:47+00:00 DEBUG Tt4b_Pixel_Class::inject_view_content_event: hit ViewContent
2024-01-27T12:22:47+00:00 DEBUG Tt4b_Pixel_Class::inject_view_content_event: Missing option "access_token"
2024-01-27T12:23:25+00:00 DEBUG Tt4b_Pixel_Class::inject_view_content_event: hit ViewContent
2024-01-27T12:23:25+00:00 DEBUG Tt4b_Pixel_Class::inject_view_content_event: Missing option "access_token"
2024-01-27T12:23:28+00:00 DEBUG Tt4b_Pixel_Class::inject_view_content_event: hit ViewContent
2024-01-27T12:23:28+00:00 DEBUG Tt4b_Pixel_Class::inject_view_content_event: Missing option "access_token"
2024-01-27T12:23:31+00:00 DEBUG Tt4b_Pixel_Class::inject_view_content_event: hit ViewContent
2024-01-27T12:23:31+00:00 DEBUG Tt4b_Pixel_Class::inject_view_content_event: Missing option "access_token"
2024-01-27T12:23:33+00:00 DEBUG Tt4b_Pixel_Class::inject_view_content_event: hit ViewContent
2024-01-27T12:23:33+00:00 DEBUG Tt4b_Pixel_Class::inject_view_content_event: Missing option "access_token"
2024-01-27T12:25:27+00:00 DEBUG Tt4b_Pixel_Class::inject_view_content_event: hit ViewContent
2024-01-27T12:25:27+00:00 DEBUG Tt4b_Pixel_Class::inject_view_content_event: Missing option "access_token"
2024-01-27T12:25:46+00:00 DEBUG Tt4b_Pixel_Class::inject_view_content_event: hit ViewContent
2024-01-27T12:25:46+00:00 DEBUG Tt4b_Pixel_Class::inject_view_content_event: Missing option "access_token"
2024-01-27T12:26:47+00:00 DEBUG Tt4b_Pixel_Class::inject_view_content_event: hit ViewContent
2024-01-27T12:26:47+00:00 DEBUG Tt4b_Pixel_Class::inject_view_content_event: Missing option "access_token"
2024-01-27T12:26:48+00:00 DEBUG Tt4b_Pixel_Class::inject_add_to_cart_event: hit AddToCart
2024-01-27T12:26:48+00:00 DEBUG Tt4b_Pixel_Class::inject_add_to_cart_event: Missing option "access_token"
2024-01-27T12:26:48+00:00 DEBUG Tt4b_Pixel_Class::inject_view_content_event: hit ViewContent
2024-01-27T12:26:48+00:00 DEBUG Tt4b_Pixel_Class::inject_view_content_event: Missing option "access_token"
2024-01-27T12:29:48+00:00 DEBUG Tt4b_Pixel_Class::inject_view_content_event: hit ViewContent
2024-01-27T12:29:48+00:00 DEBUG Tt4b_Pixel_Class::inject_view_content_event: Missing option "access_token"
2024-01-27T12:30:35+00:00 DEBUG Tt4b_Pixel_Class::inject_view_content_event: hit ViewContent
2024-01-27T12:30:35+00:00 DEBUG Tt4b_Pixel_Class::inject_view_content_event: Missing option "access_token"
2024-01-27T12:31:16+00:00 DEBUG Tt4b_Pixel_Class::inject_view_content_event: hit ViewContent
2024-01-27T12:31:16+00:00 DEBUG Tt4b_Pixel_Class::inject_view_content_event: Missing option "access_token"
2024-01-27T12:31:52+00:00 DEBUG Tt4b_Pixel_Class::inject_view_content_event: hit ViewContent
2024-01-27T12:31:52+00:00 DEBUG Tt4b_Pixel_Class::inject_view_content_event: Missing option "access_token"
2024-01-27T12:31:57+00:00 DEBUG Tt4b_Pixel_Class::inject_view_content_event: hit ViewContent
2024-01-27T12:31:57+00:00 DEBUG Tt4b_Pixel_Class::inject_view_content_event: Missing option "access_token"
2024-01-27T12:31:59+00:00 DEBUG Tt4b_Pixel_Class::inject_view_content_event: hit ViewContent
2024-01-27T12:31:59+00:00 DEBUG Tt4b_Pixel_Class::inject_view_content_event: Missing option "access_token"
2024-01-27T12:32:02+00:00 DEBUG Tt4b_Pixel_Class::inject_view_content_event: hit ViewContent
2024-01-27T12:32:02+00:00 DEBUG Tt4b_Pixel_Class::inject_view_content_event: Missing option "access_token"
2024-01-27T12:32:04+00:00 DEBUG Tt4b_Pixel_Class::inject_view_content_event: hit ViewContent
2024-01-27T12:32:04+00:00 DEBUG Tt4b_Pixel_Class::inject_view_content_event: Missing option "access_token"
2024-01-27T12:32:06+00:00 DEBUG Tt4b_Pixel_Class::inject_view_content_event: hit ViewContent
2024-01-27T12:32:06+00:00 DEBUG Tt4b_Pixel_Class::inject_view_content_event: Missing option "access_token"
2024-01-27T12:32:41+00:00 DEBUG Tt4b_Pixel_Class::inject_view_content_event: hit ViewContent
2024-01-27T12:32:41+00:00 DEBUG Tt4b_Pixel_Class::inject_view_content_event: Missing option "access_token"
2024-01-27T12:32:58+00:00 DEBUG Tt4b_Pixel_Class::inject_view_content_event: hit ViewContent
2024-01-27T12:32:58+00:00 DEBUG Tt4b_Pixel_Class::inject_view_content_event: Missing option "access_token"
2024-01-27T12:33:14+00:00 DEBUG Tt4b_Pixel_Class::inject_view_content_event: hit ViewContent
2024-01-27T12:33:14+00:00 DEBUG Tt4b_Pixel_Class::inject_view_content_event: Missing option "access_token"
2024-01-27T12:33:35+00:00 DEBUG Tt4b_Pixel_Class::inject_view_content_event: hit ViewContent
2024-01-27T12:33:35+00:00 DEBUG Tt4b_Pixel_Class::inject_view_content_event: Missing option "access_token"
2024-01-27T12:33:48+00:00 DEBUG Tt4b_Pixel_Class::inject_view_content_event: hit ViewContent
2024-01-27T12:33:48+00:00 DEBUG Tt4b_Pixel_Class::inject_view_content_event: Missing option "access_token"
2024-01-27T12:33:57+00:00 DEBUG Tt4b_Pixel_Class::inject_add_to_cart_event: hit AddToCart
2024-01-27T12:33:57+00:00 DEBUG Tt4b_Pixel_Class::inject_add_to_cart_event: Missing option "access_token"
2024-01-27T12:33:57+00:00 DEBUG Tt4b_Pixel_Class::inject_view_content_event: hit ViewContent
2024-01-27T12:33:57+00:00 DEBUG Tt4b_Pixel_Class::inject_view_content_event: Missing option "access_token"
2024-01-27T12:34:17+00:00 DEBUG Tt4b_Pixel_Class::inject_view_content_event: hit ViewContent
2024-01-27T12:34:17+00:00 DEBUG Tt4b_Pixel_Class::inject_view_content_event: Missing option "access_token"
2024-01-27T12:34:40+00:00 DEBUG Tt4b_Pixel_Class::inject_view_content_event: hit ViewContent
2024-01-27T12:34:40+00:00 DEBUG Tt4b_Pixel_Class::inject_view_content_event: Missing option "access_token"
2024-01-27T12:35:00+00:00 DEBUG Tt4b_Pixel_Class::inject_view_content_event: hit ViewContent
2024-01-27T12:35:00+00:00 DEBUG Tt4b_Pixel_Class::inject_view_content_event: Missing option "access_token"
2024-01-27T12:35:07+00:00 DEBUG Tt4b_Pixel_Class::inject_view_content_event: hit ViewContent
2024-01-27T12:35:07+00:00 DEBUG Tt4b_Pixel_Class::inject_view_content_event: Missing option "access_token"
2024-01-27T12:35:31+00:00 DEBUG Tt4b_Pixel_Class::inject_view_content_event: hit ViewContent
2024-01-27T12:35:31+00:00 DEBUG Tt4b_Pixel_Class::inject_view_content_event: Missing option "access_token"
2024-01-27T12:35:45+00:00 DEBUG Tt4b_Pixel_Class::inject_view_content_event: hit ViewContent
2024-01-27T12:35:45+00:00 DEBUG Tt4b_Pixel_Class::inject_view_content_event: Missing option "access_token"
2024-01-27T12:36:05+00:00 DEBUG Tt4b_Pixel_Class::inject_view_content_event: hit ViewContent
2024-01-27T12:36:05+00:00 DEBUG Tt4b_Pixel_Class::inject_view_content_event: Missing option "access_token"
2024-01-27T12:36:47+00:00 DEBUG Tt4b_Pixel_Class::inject_view_content_event: hit ViewContent
2024-01-27T12:36:47+00:00 DEBUG Tt4b_Pixel_Class::inject_view_content_event: Missing option "access_token"
2024-01-27T12:36:48+00:00 DEBUG Tt4b_Pixel_Class::inject_view_content_event: hit ViewContent
2024-01-27T12:36:48+00:00 DEBUG Tt4b_Pixel_Class::inject_view_content_event: Missing option "access_token"
2024-01-27T12:37:27+00:00 DEBUG Tt4b_Pixel_Class::inject_view_content_event: hit ViewContent
2024-01-27T12:37:27+00:00 DEBUG Tt4b_Pixel_Class::inject_view_content_event: Missing option "access_token"
2024-01-27T12:37:28+00:00 DEBUG Tt4b_Pixel_Class::inject_view_content_event: hit ViewContent
2024-01-27T12:37:28+00:00 DEBUG Tt4b_Pixel_Class::inject_view_content_event: Missing option "access_token"
2024-01-27T12:38:12+00:00 DEBUG Tt4b_Pixel_Class::inject_view_content_event: hit ViewContent
2024-01-27T12:38:12+00:00 DEBUG Tt4b_Pixel_Class::inject_view_content_event: Missing option "access_token"
2024-01-27T12:38:14+00:00 DEBUG Tt4b_Pixel_Class::inject_view_content_event: hit ViewContent
2024-01-27T12:38:14+00:00 DEBUG Tt4b_Pixel_Class::inject_view_content_event: Missing option "access_token"
2024-01-27T12:38:16+00:00 DEBUG Tt4b_Pixel_Class::inject_view_content_event: hit ViewContent
2024-01-27T12:38:16+00:00 DEBUG Tt4b_Pixel_Class::inject_view_content_event: Missing option "access_token"
2024-01-27T12:38:18+00:00 DEBUG Tt4b_Pixel_Class::inject_view_content_event: hit ViewContent
2024-01-27T12:38:18+00:00 DEBUG Tt4b_Pixel_Class::inject_view_content_event: Missing option "access_token"
2024-01-27T12:38:20+00:00 DEBUG Tt4b_Pixel_Class::inject_view_content_event: hit ViewContent
2024-01-27T12:38:20+00:00 DEBUG Tt4b_Pixel_Class::inject_view_content_event: Missing option "access_token"
2024-01-27T12:38:23+00:00 DEBUG Tt4b_Pixel_Class::inject_view_content_event: hit ViewContent
2024-01-27T12:38:23+00:00 DEBUG Tt4b_Pixel_Class::inject_view_content_event: Missing option "access_token"
2024-01-27T12:38:26+00:00 DEBUG Tt4b_Pixel_Class::inject_view_content_event: hit ViewContent
2024-01-27T12:38:26+00:00 DEBUG Tt4b_Pixel_Class::inject_view_content_event: Missing option "access_token"
2024-01-27T12:38:28+00:00 DEBUG Tt4b_Pixel_Class::inject_view_content_event: hit ViewContent
2024-01-27T12:38:28+00:00 DEBUG Tt4b_Pixel_Class::inject_view_content_event: Missing option "access_token"
2024-01-27T12:38:32+00:00 DEBUG Tt4b_Pixel_Class::inject_view_content_event: hit ViewContent
2024-01-27T12:38:32+00:00 DEBUG Tt4b_Pixel_Class::inject_view_content_event: Missing option "access_token"
2024-01-27T12:38:47+00:00 DEBUG Tt4b_Pixel_Class::inject_view_content_event: hit ViewContent
2024-01-27T12:38:47+00:00 DEBUG Tt4b_Pixel_Class::inject_view_content_event: Missing option "access_token"
2024-01-27T12:39:13+00:00 DEBUG Tt4b_Pixel_Class::inject_view_content_event: hit ViewContent
2024-01-27T12:39:13+00:00 DEBUG Tt4b_Pixel_Class::inject_view_content_event: Missing option "access_token"
2024-01-27T12:39:20+00:00 DEBUG Tt4b_Pixel_Class::inject_view_content_event: hit ViewContent
2024-01-27T12:39:20+00:00 DEBUG Tt4b_Pixel_Class::inject_view_content_event: Missing option "access_token"
2024-01-27T12:39:52+00:00 DEBUG Tt4b_Pixel_Class::inject_view_content_event: hit ViewContent
2024-01-27T12:39:52+00:00 DEBUG Tt4b_Pixel_Class::inject_view_content_event: Missing option "access_token"
2024-01-27T12:40:01+00:00 DEBUG Tt4b_Pixel_Class::inject_view_content_event: hit ViewContent
2024-01-27T12:40:01+00:00 DEBUG Tt4b_Pixel_Class::inject_view_content_event: Missing option "access_token"
2024-01-27T12:40:29+00:00 DEBUG Tt4b_Pixel_Class::inject_view_content_event: hit ViewContent
2024-01-27T12:40:29+00:00 DEBUG Tt4b_Pixel_Class::inject_view_content_event: Missing option "access_token"
2024-01-27T12:40:58+00:00 DEBUG Tt4b_Pixel_Class::inject_view_content_event: hit ViewContent
2024-01-27T12:40:58+00:00 DEBUG Tt4b_Pixel_Class::inject_view_content_event: Missing option "access_token"
2024-01-27T12:41:11+00:00 DEBUG Tt4b_Pixel_Class::inject_view_content_event: hit ViewContent
2024-01-27T12:41:11+00:00 DEBUG Tt4b_Pixel_Class::inject_view_content_event: Missing option "access_token"
2024-01-27T12:41:16+00:00 DEBUG Tt4b_Pixel_Class::inject_view_content_event: hit ViewContent
2024-01-27T12:41:16+00:00 DEBUG Tt4b_Pixel_Class::inject_view_content_event: Missing option "access_token"
2024-01-27T12:41:19+00:00 DEBUG Tt4b_Pixel_Class::inject_view_content_event: hit ViewContent
2024-01-27T12:41:19+00:00 DEBUG Tt4b_Pixel_Class::inject_view_content_event: Missing option "access_token"
2024-01-27T12:41:22+00:00 DEBUG Tt4b_Pixel_Class::inject_view_content_event: hit ViewContent
2024-01-27T12:41:22+00:00 DEBUG Tt4b_Pixel_Class::inject_view_content_event: Missing option "access_token"
2024-01-27T12:41:42+00:00 DEBUG Tt4b_Pixel_Class::inject_view_content_event: hit ViewContent
2024-01-27T12:41:42+00:00 DEBUG Tt4b_Pixel_Class::inject_view_content_event: Missing option "access_token"
2024-01-27T12:41:44+00:00 DEBUG Tt4b_Pixel_Class::inject_view_content_event: hit ViewContent
2024-01-27T12:41:44+00:00 DEBUG Tt4b_Pixel_Class::inject_view_content_event: Missing option "access_token"
2024-01-27T12:41:47+00:00 DEBUG Tt4b_Pixel_Class::inject_view_content_event: hit ViewContent
2024-01-27T12:41:47+00:00 DEBUG Tt4b_Pixel_Class::inject_view_content_event: Missing option "access_token"
2024-01-27T12:41:50+00:00 DEBUG Tt4b_Pixel_Class::inject_view_content_event: hit ViewContent
2024-01-27T12:41:50+00:00 DEBUG Tt4b_Pixel_Class::inject_view_content_event: Missing option "access_token"
2024-01-27T12:41:52+00:00 DEBUG Tt4b_Pixel_Class::inject_view_content_event: hit ViewContent
2024-01-27T12:41:52+00:00 DEBUG Tt4b_Pixel_Class::inject_view_content_event: Missing option "access_token"
2024-01-27T12:41:55+00:00 DEBUG Tt4b_Pixel_Class::inject_view_content_event: hit ViewContent
2024-01-27T12:41:55+00:00 DEBUG Tt4b_Pixel_Class::inject_view_content_event: Missing option "access_token"
2024-01-27T12:42:06+00:00 DEBUG Tt4b_Pixel_Class::inject_view_content_event: hit ViewContent
2024-01-27T12:42:06+00:00 DEBUG Tt4b_Pixel_Class::inject_view_content_event: Missing option "access_token"
2024-01-27T12:42:25+00:00 DEBUG Tt4b_Pixel_Class::inject_add_to_cart_event: hit AddToCart
2024-01-27T12:42:25+00:00 DEBUG Tt4b_Pixel_Class::inject_add_to_cart_event: Missing option "access_token"
2024-01-27T12:42:27+00:00 DEBUG Tt4b_Pixel_Class::inject_add_to_cart_event: hit AddToCart
2024-01-27T12:42:27+00:00 DEBUG Tt4b_Pixel_Class::inject_add_to_cart_event: Missing option "access_token"
2024-01-27T12:42:29+00:00 DEBUG Tt4b_Pixel_Class::inject_add_to_cart_event: hit AddToCart
2024-01-27T12:42:29+00:00 DEBUG Tt4b_Pixel_Class::inject_add_to_cart_event: Missing option "access_token"
2024-01-27T12:42:31+00:00 DEBUG Tt4b_Pixel_Class::inject_add_to_cart_event: hit AddToCart
2024-01-27T12:42:31+00:00 DEBUG Tt4b_Pixel_Class::inject_add_to_cart_event: Missing option "access_token"
2024-01-27T12:42:33+00:00 DEBUG Tt4b_Pixel_Class::inject_add_to_cart_event: hit AddToCart
2024-01-27T12:42:33+00:00 DEBUG Tt4b_Pixel_Class::inject_add_to_cart_event: Missing option "access_token"
2024-01-27T12:42:35+00:00 DEBUG Tt4b_Pixel_Class::inject_add_to_cart_event: hit AddToCart
2024-01-27T12:42:35+00:00 DEBUG Tt4b_Pixel_Class::inject_add_to_cart_event: Missing option "access_token"
2024-01-27T12:42:37+00:00 DEBUG Tt4b_Pixel_Class::inject_add_to_cart_event: hit AddToCart
2024-01-27T12:42:37+00:00 DEBUG Tt4b_Pixel_Class::inject_add_to_cart_event: Missing option "access_token"
2024-01-27T12:42:37+00:00 DEBUG Tt4b_Pixel_Class::inject_view_content_event: hit ViewContent
2024-01-27T12:42:37+00:00 DEBUG Tt4b_Pixel_Class::inject_view_content_event: Missing option "access_token"
2024-01-27T12:42:39+00:00 DEBUG Tt4b_Pixel_Class::inject_add_to_cart_event: hit AddToCart
2024-01-27T12:42:39+00:00 DEBUG Tt4b_Pixel_Class::inject_add_to_cart_event: Missing option "access_token"
2024-01-27T12:42:39+00:00 DEBUG Tt4b_Pixel_Class::inject_view_content_event: hit ViewContent
2024-01-27T12:42:39+00:00 DEBUG Tt4b_Pixel_Class::inject_view_content_event: Missing option "access_token"
2024-01-27T12:42:40+00:00 DEBUG Tt4b_Pixel_Class::inject_view_content_event: hit ViewContent
2024-01-27T12:42:40+00:00 DEBUG Tt4b_Pixel_Class::inject_view_content_event: Missing option "access_token"
2024-01-27T12:42:41+00:00 DEBUG Tt4b_Pixel_Class::inject_add_to_cart_event: hit AddToCart
2024-01-27T12:42:41+00:00 DEBUG Tt4b_Pixel_Class::inject_add_to_cart_event: Missing option "access_token"
2024-01-27T12:42:42+00:00 DEBUG Tt4b_Pixel_Class::inject_view_content_event: hit ViewContent
2024-01-27T12:42:42+00:00 DEBUG Tt4b_Pixel_Class::inject_view_content_event: Missing option "access_token"
2024-01-27T12:42:46+00:00 DEBUG Tt4b_Pixel_Class::inject_view_content_event: hit ViewContent
2024-01-27T12:42:46+00:00 DEBUG Tt4b_Pixel_Class::inject_view_content_event: Missing option "access_token"
2024-01-27T12:42:48+00:00 DEBUG Tt4b_Pixel_Class::inject_view_content_event: hit ViewContent
2024-01-27T12:42:48+00:00 DEBUG Tt4b_Pixel_Class::inject_view_content_event: Missing option "access_token"
2024-01-27T12:42:50+00:00 DEBUG Tt4b_Pixel_Class::inject_view_content_event: hit ViewContent
2024-01-27T12:42:50+00:00 DEBUG Tt4b_Pixel_Class::inject_view_content_event: Missing option "access_token"
2024-01-27T12:42:53+00:00 DEBUG Tt4b_Pixel_Class::inject_view_content_event: hit ViewContent
2024-01-27T12:42:53+00:00 DEBUG Tt4b_Pixel_Class::inject_view_content_event: Missing option "access_token"
2024-01-27T12:42:56+00:00 DEBUG Tt4b_Pixel_Class::inject_view_content_event: hit ViewContent
2024-01-27T12:42:56+00:00 DEBUG Tt4b_Pixel_Class::inject_view_content_event: Missing option "access_token"
2024-01-27T12:42:58+00:00 DEBUG Tt4b_Pixel_Class::inject_view_content_event: hit ViewContent
2024-01-27T12:42:58+00:00 DEBUG Tt4b_Pixel_Class::inject_view_content_event: Missing option "access_token"
2024-01-27T12:42:59+00:00 DEBUG Tt4b_Pixel_Class::inject_add_to_cart_event: hit AddToCart
2024-01-27T12:42:59+00:00 DEBUG Tt4b_Pixel_Class::inject_add_to_cart_event: Missing option "access_token"
2024-01-27T12:43:00+00:00 DEBUG Tt4b_Pixel_Class::inject_view_content_event: hit ViewContent
2024-01-27T12:43:00+00:00 DEBUG Tt4b_Pixel_Class::inject_view_content_event: Missing option "access_token"
2024-01-27T12:43:02+00:00 DEBUG Tt4b_Pixel_Class::inject_view_content_event: hit ViewContent
2024-01-27T12:43:02+00:00 DEBUG Tt4b_Pixel_Class::inject_view_content_event: Missing option "access_token"
2024-01-27T12:43:04+00:00 DEBUG Tt4b_Pixel_Class::inject_view_content_event: hit ViewContent
2024-01-27T12:43:04+00:00 DEBUG Tt4b_Pixel_Class::inject_view_content_event: Missing option "access_token"
2024-01-27T12:43:06+00:00 DEBUG Tt4b_Pixel_Class::inject_view_content_event: hit ViewContent
2024-01-27T12:43:06+00:00 DEBUG Tt4b_Pixel_Class::inject_view_content_event: Missing option "access_token"
2024-01-27T12:43:08+00:00 DEBUG Tt4b_Pixel_Class::inject_view_content_event: hit ViewContent
2024-01-27T12:43:08+00:00 DEBUG Tt4b_Pixel_Class::inject_view_content_event: Missing option "access_token"
2024-01-27T12:43:10+00:00 DEBUG Tt4b_Pixel_Class::inject_view_content_event: hit ViewContent
2024-01-27T12:43:10+00:00 DEBUG Tt4b_Pixel_Class::inject_view_content_event: Missing option "access_token"
2024-01-27T12:43:12+00:00 DEBUG Tt4b_Pixel_Class::inject_view_content_event: hit ViewContent
2024-01-27T12:43:12+00:00 DEBUG Tt4b_Pixel_Class::inject_view_content_event: Missing option "access_token"
2024-01-27T12:43:13+00:00 DEBUG Tt4b_Pixel_Class::inject_add_to_cart_event: hit AddToCart
2024-01-27T12:43:13+00:00 DEBUG Tt4b_Pixel_Class::inject_add_to_cart_event: Missing option "access_token"
2024-01-27T12:43:13+00:00 DEBUG Tt4b_Pixel_Class::inject_view_content_event: hit ViewContent
2024-01-27T12:43:13+00:00 DEBUG Tt4b_Pixel_Class::inject_view_content_event: Missing option "access_token"
2024-01-27T12:43:14+00:00 DEBUG Tt4b_Pixel_Class::inject_view_content_event: hit ViewContent
2024-01-27T12:43:14+00:00 DEBUG Tt4b_Pixel_Class::inject_view_content_event: Missing option "access_token"
2024-01-27T12:43:16+00:00 DEBUG Tt4b_Pixel_Class::inject_view_content_event: hit ViewContent
2024-01-27T12:43:16+00:00 DEBUG Tt4b_Pixel_Class::inject_view_content_event: Missing option "access_token"
2024-01-27T12:43:19+00:00 DEBUG Tt4b_Pixel_Class::inject_view_content_event: hit ViewContent
2024-01-27T12:43:19+00:00 DEBUG Tt4b_Pixel_Class::inject_view_content_event: Missing option "access_token"
2024-01-27T12:43:24+00:00 DEBUG Tt4b_Pixel_Class::inject_view_content_event: hit ViewContent
2024-01-27T12:43:24+00:00 DEBUG Tt4b_Pixel_Class::inject_view_content_event: Missing option "access_token"
2024-01-27T12:43:27+00:00 DEBUG Tt4b_Pixel_Class::inject_view_content_event: hit ViewContent
2024-01-27T12:43:27+00:00 DEBUG Tt4b_Pixel_Class::inject_view_content_event: Missing option "access_token"
2024-01-27T12:43:29+00:00 DEBUG Tt4b_Pixel_Class::inject_view_content_event: hit ViewContent
2024-01-27T12:43:29+00:00 DEBUG Tt4b_Pixel_Class::inject_view_content_event: Missing option "access_token"
2024-01-27T12:43:33+00:00 DEBUG Tt4b_Pixel_Class::inject_add_to_cart_event: hit AddToCart
2024-01-27T12:43:33+00:00 DEBUG Tt4b_Pixel_Class::inject_add_to_cart_event: Missing option "access_token"
2024-01-27T12:43:53+00:00 DEBUG Tt4b_Pixel_Class::inject_view_content_event: hit ViewContent
2024-01-27T12:43:53+00:00 DEBUG Tt4b_Pixel_Class::inject_view_content_event: Missing option "access_token"
2024-01-27T12:43:58+00:00 DEBUG Tt4b_Pixel_Class::inject_add_to_cart_event: hit AddToCart
2024-01-27T12:43:58+00:00 DEBUG Tt4b_Pixel_Class::inject_add_to_cart_event: Missing option "access_token"
2024-01-27T12:44:11+00:00 DEBUG Tt4b_Pixel_Class::inject_view_content_event: hit ViewContent
2024-01-27T12:44:11+00:00 DEBUG Tt4b_Pixel_Class::inject_view_content_event: Missing option "access_token"
2024-01-27T12:44:18+00:00 DEBUG Tt4b_Pixel_Class::inject_view_content_event: hit ViewContent
2024-01-27T12:44:18+00:00 DEBUG Tt4b_Pixel_Class::inject_view_content_event: Missing option "access_token"
2024-01-27T12:44:49+00:00 DEBUG Tt4b_Pixel_Class::inject_view_content_event: hit ViewContent
2024-01-27T12:44:49+00:00 DEBUG Tt4b_Pixel_Class::inject_view_content_event: Missing option "access_token"
2024-01-27T12:45:00+00:00 DEBUG Tt4b_Pixel_Class::inject_view_content_event: hit ViewContent
2024-01-27T12:45:00+00:00 DEBUG Tt4b_Pixel_Class::inject_view_content_event: Missing option "access_token"
2024-01-27T12:45:18+00:00 DEBUG Tt4b_Pixel_Class::inject_view_content_event: hit ViewContent
2024-01-27T12:45:18+00:00 DEBUG Tt4b_Pixel_Class::inject_view_content_event: Missing option "access_token"
2024-01-27T12:45:39+00:00 DEBUG Tt4b_Pixel_Class::inject_view_content_event: hit ViewContent
2024-01-27T12:45:39+00:00 DEBUG Tt4b_Pixel_Class::inject_view_content_event: Missing option "access_token"
2024-01-27T12:46:04+00:00 DEBUG Tt4b_Pixel_Class::inject_view_content_event: hit ViewContent
2024-01-27T12:46:04+00:00 DEBUG Tt4b_Pixel_Class::inject_view_content_event: Missing option "access_token"
2024-01-27T12:46:13+00:00 DEBUG Tt4b_Pixel_Class::inject_view_content_event: hit ViewContent
2024-01-27T12:46:13+00:00 DEBUG Tt4b_Pixel_Class::inject_view_content_event: Missing option "access_token"
2024-01-27T12:46:45+00:00 DEBUG Tt4b_Pixel_Class::inject_view_content_event: hit ViewContent
2024-01-27T12:46:45+00:00 DEBUG Tt4b_Pixel_Class::inject_view_content_event: Missing option "access_token"
2024-01-27T12:46:52+00:00 DEBUG Tt4b_Pixel_Class::inject_view_content_event: hit ViewContent
2024-01-27T12:46:52+00:00 DEBUG Tt4b_Pixel_Class::inject_view_content_event: Missing option "access_token"
2024-01-27T12:47:06+00:00 DEBUG Tt4b_Pixel_Class::inject_view_content_event: hit ViewContent
2024-01-27T12:47:06+00:00 DEBUG Tt4b_Pixel_Class::inject_view_content_event: Missing option "access_token"
2024-01-27T12:47:14+00:00 DEBUG Tt4b_Pixel_Class::inject_view_content_event: hit ViewContent
2024-01-27T12:47:14+00:00 DEBUG Tt4b_Pixel_Class::inject_view_content_event: Missing option "access_token"
2024-01-27T12:47:29+00:00 DEBUG Tt4b_Pixel_Class::inject_view_content_event: hit ViewContent
2024-01-27T12:47:29+00:00 DEBUG Tt4b_Pixel_Class::inject_view_content_event: Missing option "access_token"
2024-01-27T12:47:42+00:00 DEBUG Tt4b_Pixel_Class::inject_view_content_event: hit ViewContent
2024-01-27T12:47:42+00:00 DEBUG Tt4b_Pixel_Class::inject_view_content_event: Missing option "access_token"
2024-01-27T12:47:46+00:00 DEBUG Tt4b_Pixel_Class::inject_view_content_event: hit ViewContent
2024-01-27T12:47:46+00:00 DEBUG Tt4b_Pixel_Class::inject_view_content_event: Missing option "access_token"
2024-01-27T12:48:06+00:00 DEBUG Tt4b_Pixel_Class::inject_view_content_event: hit ViewContent
2024-01-27T12:48:06+00:00 DEBUG Tt4b_Pixel_Class::inject_view_content_event: Missing option "access_token"
2024-01-27T12:48:07+00:00 DEBUG Tt4b_Pixel_Class::inject_view_content_event: hit ViewContent
2024-01-27T12:48:07+00:00 DEBUG Tt4b_Pixel_Class::inject_view_content_event: Missing option "access_token"
2024-01-27T12:48:18+00:00 DEBUG Tt4b_Pixel_Class::inject_add_to_cart_event: hit AddToCart
2024-01-27T12:48:18+00:00 DEBUG Tt4b_Pixel_Class::inject_add_to_cart_event: Missing option "access_token"
2024-01-27T12:48:21+00:00 DEBUG Tt4b_Pixel_Class::inject_view_content_event: hit ViewContent
2024-01-27T12:48:21+00:00 DEBUG Tt4b_Pixel_Class::inject_view_content_event: Missing option "access_token"
2024-01-27T12:48:24+00:00 DEBUG Tt4b_Pixel_Class::inject_view_content_event: hit ViewContent
2024-01-27T12:48:24+00:00 DEBUG Tt4b_Pixel_Class::inject_view_content_event: Missing option "access_token"
2024-01-27T12:48:26+00:00 DEBUG Tt4b_Pixel_Class::inject_view_content_event: hit ViewContent
2024-01-27T12:48:26+00:00 DEBUG Tt4b_Pixel_Class::inject_view_content_event: Missing option "access_token"
2024-01-27T12:48:37+00:00 DEBUG Tt4b_Pixel_Class::inject_view_content_event: hit ViewContent
2024-01-27T12:48:37+00:00 DEBUG Tt4b_Pixel_Class::inject_view_content_event: Missing option "access_token"
2024-01-27T12:48:39+00:00 DEBUG Tt4b_Pixel_Class::inject_view_content_event: hit ViewContent
2024-01-27T12:48:39+00:00 DEBUG Tt4b_Pixel_Class::inject_view_content_event: Missing option "access_token"
2024-01-27T12:48:41+00:00 DEBUG Tt4b_Pixel_Class::inject_view_content_event: hit ViewContent
2024-01-27T12:48:41+00:00 DEBUG Tt4b_Pixel_Class::inject_view_content_event: Missing option "access_token"
2024-01-27T12:48:55+00:00 DEBUG Tt4b_Pixel_Class::inject_view_content_event: hit ViewContent
2024-01-27T12:48:55+00:00 DEBUG Tt4b_Pixel_Class::inject_view_content_event: Missing option "access_token"
2024-01-27T12:48:58+00:00 DEBUG Tt4b_Pixel_Class::inject_view_content_event: hit ViewContent
2024-01-27T12:48:58+00:00 DEBUG Tt4b_Pixel_Class::inject_view_content_event: Missing option "access_token"
2024-01-27T12:49:01+00:00 DEBUG Tt4b_Pixel_Class::inject_view_content_event: hit ViewContent
2024-01-27T12:49:01+00:00 DEBUG Tt4b_Pixel_Class::inject_view_content_event: Missing option "access_token"
2024-01-27T12:49:04+00:00 DEBUG Tt4b_Pixel_Class::inject_view_content_event: hit ViewContent
2024-01-27T12:49:04+00:00 DEBUG Tt4b_Pixel_Class::inject_view_content_event: Missing option "access_token"
2024-01-27T12:49:06+00:00 DEBUG Tt4b_Pixel_Class::inject_view_content_event: hit ViewContent
2024-01-27T12:49:06+00:00 DEBUG Tt4b_Pixel_Class::inject_view_content_event: Missing option "access_token"
2024-01-27T12:49:08+00:00 DEBUG Tt4b_Pixel_Class::inject_view_content_event: hit ViewContent
2024-01-27T12:49:08+00:00 DEBUG Tt4b_Pixel_Class::inject_view_content_event: Missing option "access_token"
2024-01-27T12:49:19+00:00 DEBUG Tt4b_Pixel_Class::inject_view_content_event: hit ViewContent
2024-01-27T12:49:19+00:00 DEBUG Tt4b_Pixel_Class::inject_view_content_event: Missing option "access_token"
2024-01-27T12:49:22+00:00 DEBUG Tt4b_Pixel_Class::inject_view_content_event: hit ViewContent
2024-01-27T12:49:22+00:00 DEBUG Tt4b_Pixel_Class::inject_view_content_event: Missing option "access_token"
2024-01-27T12:49:24+00:00 DEBUG Tt4b_Pixel_Class::inject_view_content_event: hit ViewContent
2024-01-27T12:49:24+00:00 DEBUG Tt4b_Pixel_Class::inject_view_content_event: Missing option "access_token"
2024-01-27T12:49:26+00:00 DEBUG Tt4b_Pixel_Class::inject_view_content_event: hit ViewContent
2024-01-27T12:49:26+00:00 DEBUG Tt4b_Pixel_Class::inject_view_content_event: Missing option "access_token"
2024-01-27T12:49:28+00:00 DEBUG Tt4b_Pixel_Class::inject_view_content_event: hit ViewContent
2024-01-27T12:49:28+00:00 DEBUG Tt4b_Pixel_Class::inject_view_content_event: Missing option "access_token"
2024-01-27T12:49:51+00:00 DEBUG Tt4b_Pixel_Class::inject_view_content_event: hit ViewContent
2024-01-27T12:49:51+00:00 DEBUG Tt4b_Pixel_Class::inject_view_content_event: Missing option "access_token"
2024-01-27T12:49:56+00:00 DEBUG Tt4b_Pixel_Class::inject_view_content_event: hit ViewContent
2024-01-27T12:49:56+00:00 DEBUG Tt4b_Pixel_Class::inject_view_content_event: Missing option "access_token"
2024-01-27T12:50:05+00:00 DEBUG Tt4b_Pixel_Class::inject_view_content_event: hit ViewContent
2024-01-27T12:50:05+00:00 DEBUG Tt4b_Pixel_Class::inject_view_content_event: Missing option "access_token"
2024-01-27T12:50:27+00:00 DEBUG Tt4b_Pixel_Class::inject_view_content_event: hit ViewContent
2024-01-27T12:50:27+00:00 DEBUG Tt4b_Pixel_Class::inject_view_content_event: Missing option "access_token"
2024-01-27T12:50:33+00:00 DEBUG Tt4b_Pixel_Class::inject_view_content_event: hit ViewContent
2024-01-27T12:50:33+00:00 DEBUG Tt4b_Pixel_Class::inject_view_content_event: Missing option "access_token"
2024-01-27T12:50:41+00:00 DEBUG Tt4b_Pixel_Class::inject_view_content_event: hit ViewContent
2024-01-27T12:50:41+00:00 DEBUG Tt4b_Pixel_Class::inject_view_content_event: Missing option "access_token"
2024-01-27T12:50:45+00:00 DEBUG Tt4b_Pixel_Class::inject_view_content_event: hit ViewContent
2024-01-27T12:50:45+00:00 DEBUG Tt4b_Pixel_Class::inject_view_content_event: Missing option "access_token"
2024-01-27T12:50:47+00:00 DEBUG Tt4b_Pixel_Class::inject_view_content_event: hit ViewContent
2024-01-27T12:50:47+00:00 DEBUG Tt4b_Pixel_Class::inject_view_content_event: Missing option "access_token"
2024-01-27T12:50:50+00:00 DEBUG Tt4b_Pixel_Class::inject_view_content_event: hit ViewContent
2024-01-27T12:50:50+00:00 DEBUG Tt4b_Pixel_Class::inject_view_content_event: Missing option "access_token"
2024-01-27T12:50:56+00:00 DEBUG Tt4b_Pixel_Class::inject_view_content_event: hit ViewContent
2024-01-27T12:50:56+00:00 DEBUG Tt4b_Pixel_Class::inject_view_content_event: Missing option "access_token"
2024-01-27T12:50:59+00:00 DEBUG Tt4b_Pixel_Class::inject_view_content_event: hit ViewContent
2024-01-27T12:50:59+00:00 DEBUG Tt4b_Pixel_Class::inject_view_content_event: Missing option "access_token"
2024-01-27T12:51:01+00:00 DEBUG Tt4b_Pixel_Class::inject_view_content_event: hit ViewContent
2024-01-27T12:51:01+00:00 DEBUG Tt4b_Pixel_Class::inject_view_content_event: Missing option "access_token"
2024-01-27T12:51:03+00:00 DEBUG Tt4b_Pixel_Class::inject_view_content_event: hit ViewContent
2024-01-27T12:51:03+00:00 DEBUG Tt4b_Pixel_Class::inject_view_content_event: Missing option "access_token"
2024-01-27T12:51:05+00:00 DEBUG Tt4b_Pixel_Class::inject_view_content_event: hit ViewContent
2024-01-27T12:51:05+00:00 DEBUG Tt4b_Pixel_Class::inject_view_content_event: Missing option "access_token"
2024-01-27T12:51:06+00:00 DEBUG Tt4b_Pixel_Class::inject_view_content_event: hit ViewContent
2024-01-27T12:51:06+00:00 DEBUG Tt4b_Pixel_Class::inject_view_content_event: Missing option "access_token"
2024-01-27T12:51:08+00:00 DEBUG Tt4b_Pixel_Class::inject_view_content_event: hit ViewContent
2024-01-27T12:51:08+00:00 DEBUG Tt4b_Pixel_Class::inject_view_content_event: Missing option "access_token"
2024-01-27T12:51:13+00:00 DEBUG Tt4b_Pixel_Class::inject_view_content_event: hit ViewContent
2024-01-27T12:51:13+00:00 DEBUG Tt4b_Pixel_Class::inject_view_content_event: Missing option "access_token"
2024-01-27T12:51:16+00:00 DEBUG Tt4b_Pixel_Class::inject_view_content_event: hit ViewContent
2024-01-27T12:51:16+00:00 DEBUG Tt4b_Pixel_Class::inject_view_content_event: Missing option "access_token"
2024-01-27T12:51:23+00:00 DEBUG Tt4b_Pixel_Class::inject_view_content_event: hit ViewContent
2024-01-27T12:51:23+00:00 DEBUG Tt4b_Pixel_Class::inject_view_content_event: Missing option "access_token"
2024-01-27T12:51:27+00:00 DEBUG Tt4b_Pixel_Class::inject_view_content_event: hit ViewContent
2024-01-27T12:51:27+00:00 DEBUG Tt4b_Pixel_Class::inject_view_content_event: Missing option "access_token"
2024-01-27T12:51:30+00:00 DEBUG Tt4b_Pixel_Class::inject_view_content_event: hit ViewContent
2024-01-27T12:51:30+00:00 DEBUG Tt4b_Pixel_Class::inject_view_content_event: Missing option "access_token"
2024-01-27T12:51:47+00:00 DEBUG Tt4b_Pixel_Class::inject_view_content_event: hit ViewContent
2024-01-27T12:51:47+00:00 DEBUG Tt4b_Pixel_Class::inject_view_content_event: Missing option "access_token"
2024-01-27T12:51:50+00:00 DEBUG Tt4b_Pixel_Class::inject_view_content_event: hit ViewContent
2024-01-27T12:51:50+00:00 DEBUG Tt4b_Pixel_Class::inject_view_content_event: Missing option "access_token"
2024-01-27T12:51:53+00:00 DEBUG Tt4b_Pixel_Class::inject_view_content_event: hit ViewContent
2024-01-27T12:51:53+00:00 DEBUG Tt4b_Pixel_Class::inject_view_content_event: Missing option "access_token"
2024-01-27T12:51:55+00:00 DEBUG Tt4b_Pixel_Class::inject_view_content_event: hit ViewContent
2024-01-27T12:51:55+00:00 DEBUG Tt4b_Pixel_Class::inject_view_content_event: Missing option "access_token"
2024-01-27T12:51:57+00:00 DEBUG Tt4b_Pixel_Class::inject_view_content_event: hit ViewContent
2024-01-27T12:51:57+00:00 DEBUG Tt4b_Pixel_Class::inject_view_content_event: Missing option "access_token"
2024-01-27T12:52:08+00:00 DEBUG Tt4b_Pixel_Class::inject_view_content_event: hit ViewContent
2024-01-27T12:52:08+00:00 DEBUG Tt4b_Pixel_Class::inject_view_content_event: Missing option "access_token"
2024-01-27T12:52:25+00:00 DEBUG Tt4b_Pixel_Class::inject_view_content_event: hit ViewContent
2024-01-27T12:52:25+00:00 DEBUG Tt4b_Pixel_Class::inject_view_content_event: Missing option "access_token"
2024-01-27T12:52:40+00:00 DEBUG Tt4b_Pixel_Class::inject_view_content_event: hit ViewContent
2024-01-27T12:52:40+00:00 DEBUG Tt4b_Pixel_Class::inject_view_content_event: Missing option "access_token"
2024-01-27T12:53:01+00:00 DEBUG Tt4b_Pixel_Class::inject_view_content_event: hit ViewContent
2024-01-27T12:53:01+00:00 DEBUG Tt4b_Pixel_Class::inject_view_content_event: Missing option "access_token"
2024-01-27T12:53:21+00:00 DEBUG Tt4b_Pixel_Class::inject_view_content_event: hit ViewContent
2024-01-27T12:53:21+00:00 DEBUG Tt4b_Pixel_Class::inject_view_content_event: Missing option "access_token"
2024-01-27T12:53:41+00:00 DEBUG Tt4b_Pixel_Class::inject_view_content_event: hit ViewContent
2024-01-27T12:53:41+00:00 DEBUG Tt4b_Pixel_Class::inject_view_content_event: Missing option "access_token"
2024-01-27T12:54:12+00:00 DEBUG Tt4b_Pixel_Class::inject_view_content_event: hit ViewContent
2024-01-27T12:54:12+00:00 DEBUG Tt4b_Pixel_Class::inject_view_content_event: Missing option "access_token"
2024-01-27T12:54:35+00:00 DEBUG Tt4b_Pixel_Class::inject_view_content_event: hit ViewContent
2024-01-27T12:54:35+00:00 DEBUG Tt4b_Pixel_Class::inject_view_content_event: Missing option "access_token"
2024-01-27T12:54:50+00:00 DEBUG Tt4b_Pixel_Class::inject_add_to_cart_event: hit AddToCart
2024-01-27T12:54:50+00:00 DEBUG Tt4b_Pixel_Class::inject_add_to_cart_event: Missing option "access_token"
2024-01-27T12:55:01+00:00 DEBUG Tt4b_Pixel_Class::inject_view_content_event: hit ViewContent
2024-01-27T12:55:01+00:00 DEBUG Tt4b_Pixel_Class::inject_view_content_event: Missing option "access_token"
2024-01-27T12:55:04+00:00 DEBUG Tt4b_Pixel_Class::inject_view_content_event: hit ViewContent
2024-01-27T12:55:04+00:00 DEBUG Tt4b_Pixel_Class::inject_view_content_event: Missing option "access_token"
2024-01-27T12:55:05+00:00 DEBUG Tt4b_Pixel_Class::inject_view_content_event: hit ViewContent
2024-01-27T12:55:05+00:00 DEBUG Tt4b_Pixel_Class::inject_view_content_event: Missing option "access_token"
2024-01-27T12:55:07+00:00 DEBUG Tt4b_Pixel_Class::inject_view_content_event: hit ViewContent
2024-01-27T12:55:07+00:00 DEBUG Tt4b_Pixel_Class::inject_view_content_event: Missing option "access_token"
2024-01-27T12:55:17+00:00 DEBUG Tt4b_Pixel_Class::inject_view_content_event: hit ViewContent
2024-01-27T12:55:17+00:00 DEBUG Tt4b_Pixel_Class::inject_view_content_event: Missing option "access_token"
2024-01-27T12:55:36+00:00 DEBUG Tt4b_Pixel_Class::inject_add_to_cart_event: hit AddToCart
2024-01-27T12:55:36+00:00 DEBUG Tt4b_Pixel_Class::inject_add_to_cart_event: Missing option "access_token"
2024-01-27T12:55:38+00:00 DEBUG Tt4b_Pixel_Class::inject_add_to_cart_event: hit AddToCart
2024-01-27T12:55:38+00:00 DEBUG Tt4b_Pixel_Class::inject_add_to_cart_event: Missing option "access_token"
2024-01-27T12:55:40+00:00 DEBUG Tt4b_Pixel_Class::inject_add_to_cart_event: hit AddToCart
2024-01-27T12:55:40+00:00 DEBUG Tt4b_Pixel_Class::inject_add_to_cart_event: Missing option "access_token"
2024-01-27T12:55:43+00:00 DEBUG Tt4b_Pixel_Class::inject_add_to_cart_event: hit AddToCart
2024-01-27T12:55:43+00:00 DEBUG Tt4b_Pixel_Class::inject_add_to_cart_event: Missing option "access_token"
2024-01-27T12:55:45+00:00 DEBUG Tt4b_Pixel_Class::inject_add_to_cart_event: hit AddToCart
2024-01-27T12:55:45+00:00 DEBUG Tt4b_Pixel_Class::inject_add_to_cart_event: Missing option "access_token"
2024-01-27T12:55:47+00:00 DEBUG Tt4b_Pixel_Class::inject_add_to_cart_event: hit AddToCart
2024-01-27T12:55:47+00:00 DEBUG Tt4b_Pixel_Class::inject_add_to_cart_event: Missing option "access_token"
2024-01-27T12:55:48+00:00 DEBUG Tt4b_Pixel_Class::inject_view_content_event: hit ViewContent
2024-01-27T12:55:48+00:00 DEBUG Tt4b_Pixel_Class::inject_view_content_event: Missing option "access_token"
2024-01-27T12:56:08+00:00 DEBUG Tt4b_Pixel_Class::inject_view_content_event: hit ViewContent
2024-01-27T12:56:08+00:00 DEBUG Tt4b_Pixel_Class::inject_view_content_event: Missing option "access_token"
2024-01-27T12:56:11+00:00 DEBUG Tt4b_Pixel_Class::inject_view_content_event: hit ViewContent
2024-01-27T12:56:11+00:00 DEBUG Tt4b_Pixel_Class::inject_view_content_event: Missing option "access_token"
2024-01-27T12:56:14+00:00 DEBUG Tt4b_Pixel_Class::inject_view_content_event: hit ViewContent
2024-01-27T12:56:14+00:00 DEBUG Tt4b_Pixel_Class::inject_view_content_event: Missing option "access_token"
2024-01-27T12:56:17+00:00 DEBUG Tt4b_Pixel_Class::inject_view_content_event: hit ViewContent
2024-01-27T12:56:17+00:00 DEBUG Tt4b_Pixel_Class::inject_view_content_event: Missing option "access_token"
2024-01-27T12:56:25+00:00 DEBUG Tt4b_Pixel_Class::inject_add_to_cart_event: hit AddToCart
2024-01-27T12:56:25+00:00 DEBUG Tt4b_Pixel_Class::inject_add_to_cart_event: Missing option "access_token"
2024-01-27T12:56:27+00:00 DEBUG Tt4b_Pixel_Class::inject_view_content_event: hit ViewContent
2024-01-27T12:56:27+00:00 DEBUG Tt4b_Pixel_Class::inject_view_content_event: Missing option "access_token"
2024-01-27T12:56:49+00:00 DEBUG Tt4b_Pixel_Class::inject_view_content_event: hit ViewContent
2024-01-27T12:56:49+00:00 DEBUG Tt4b_Pixel_Class::inject_view_content_event: Missing option "access_token"
2024-01-27T12:56:56+00:00 DEBUG Tt4b_Pixel_Class::inject_add_to_cart_event: hit AddToCart
2024-01-27T12:56:56+00:00 DEBUG Tt4b_Pixel_Class::inject_add_to_cart_event: Missing option "access_token"
2024-01-27T12:56:57+00:00 DEBUG Tt4b_Pixel_Class::inject_view_content_event: hit ViewContent
2024-01-27T12:56:57+00:00 DEBUG Tt4b_Pixel_Class::inject_view_content_event: Missing option "access_token"
2024-01-27T12:57:27+00:00 DEBUG Tt4b_Pixel_Class::inject_view_content_event: hit ViewContent
2024-01-27T12:57:27+00:00 DEBUG Tt4b_Pixel_Class::inject_view_content_event: Missing option "access_token"
2024-01-27T12:57:36+00:00 DEBUG Tt4b_Pixel_Class::inject_add_to_cart_event: hit AddToCart
2024-01-27T12:57:36+00:00 DEBUG Tt4b_Pixel_Class::inject_add_to_cart_event: Missing option "access_token"
2024-01-27T12:57:40+00:00 DEBUG Tt4b_Pixel_Class::inject_view_content_event: hit ViewContent
2024-01-27T12:57:40+00:00 DEBUG Tt4b_Pixel_Class::inject_view_content_event: Missing option "access_token"
2024-01-27T12:58:11+00:00 DEBUG Tt4b_Pixel_Class::inject_view_content_event: hit ViewContent
2024-01-27T12:58:11+00:00 DEBUG Tt4b_Pixel_Class::inject_view_content_event: Missing option "access_token"
2024-01-27T12:58:18+00:00 DEBUG Tt4b_Pixel_Class::inject_add_to_cart_event: hit AddToCart
2024-01-27T12:58:18+00:00 DEBUG Tt4b_Pixel_Class::inject_add_to_cart_event: Missing option "access_token"
2024-01-27T12:58:23+00:00 DEBUG Tt4b_Pixel_Class::inject_view_content_event: hit ViewContent
2024-01-27T12:58:23+00:00 DEBUG Tt4b_Pixel_Class::inject_view_content_event: Missing option "access_token"
2024-01-27T12:58:48+00:00 DEBUG Tt4b_Pixel_Class::inject_view_content_event: hit ViewContent
2024-01-27T12:58:48+00:00 DEBUG Tt4b_Pixel_Class::inject_view_content_event: Missing option "access_token"
2024-01-27T12:58:51+00:00 DEBUG Tt4b_Pixel_Class::inject_view_content_event: hit ViewContent
2024-01-27T12:58:51+00:00 DEBUG Tt4b_Pixel_Class::inject_view_content_event: Missing option "access_token"
2024-01-27T12:58:54+00:00 DEBUG Tt4b_Pixel_Class::inject_view_content_event: hit ViewContent
2024-01-27T12:58:54+00:00 DEBUG Tt4b_Pixel_Class::inject_view_content_event: Missing option "access_token"
2024-01-27T12:58:57+00:00 DEBUG Tt4b_Pixel_Class::inject_view_content_event: hit ViewContent
2024-01-27T12:58:57+00:00 DEBUG Tt4b_Pixel_Class::inject_view_content_event: Missing option "access_token"
2024-01-27T12:59:00+00:00 DEBUG Tt4b_Pixel_Class::inject_add_to_cart_event: hit AddToCart
2024-01-27T12:59:00+00:00 DEBUG Tt4b_Pixel_Class::inject_add_to_cart_event: Missing option "access_token"
2024-01-27T12:59:01+00:00 DEBUG Tt4b_Pixel_Class::inject_view_content_event: hit ViewContent
2024-01-27T12:59:01+00:00 DEBUG Tt4b_Pixel_Class::inject_view_content_event: Missing option "access_token"
2024-01-27T12:59:05+00:00 DEBUG Tt4b_Pixel_Class::inject_view_content_event: hit ViewContent
2024-01-27T12:59:05+00:00 DEBUG Tt4b_Pixel_Class::inject_view_content_event: Missing option "access_token"
2024-01-27T12:59:06+00:00 DEBUG Tt4b_Pixel_Class::inject_view_content_event: hit ViewContent
2024-01-27T12:59:06+00:00 DEBUG Tt4b_Pixel_Class::inject_view_content_event: Missing option "access_token"
2024-01-27T12:59:09+00:00 DEBUG Tt4b_Pixel_Class::inject_view_content_event: hit ViewContent
2024-01-27T12:59:09+00:00 DEBUG Tt4b_Pixel_Class::inject_view_content_event: Missing option "access_token"
2024-01-27T12:59:09+00:00 DEBUG Tt4b_Pixel_Class::inject_add_to_cart_event: hit AddToCart
2024-01-27T12:59:09+00:00 DEBUG Tt4b_Pixel_Class::inject_add_to_cart_event: Missing option "access_token"
2024-01-27T12:59:11+00:00 DEBUG Tt4b_Pixel_Class::inject_view_content_event: hit ViewContent
2024-01-27T12:59:11+00:00 DEBUG Tt4b_Pixel_Class::inject_view_content_event: Missing option "access_token"
2024-01-27T12:59:15+00:00 DEBUG Tt4b_Pixel_Class::inject_view_content_event: hit ViewContent
2024-01-27T12:59:15+00:00 DEBUG Tt4b_Pixel_Class::inject_view_content_event: Missing option "access_token"
2024-01-27T12:59:33+00:00 DEBUG Tt4b_Pixel_Class::inject_add_to_cart_event: hit AddToCart
2024-01-27T12:59:33+00:00 DEBUG Tt4b_Pixel_Class::inject_add_to_cart_event: Missing option "access_token"
2024-01-27T12:59:41+00:00 DEBUG Tt4b_Pixel_Class::inject_view_content_event: hit ViewContent
2024-01-27T12:59:41+00:00 DEBUG Tt4b_Pixel_Class::inject_view_content_event: Missing option "access_token"
2024-01-27T12:59:51+00:00 DEBUG Tt4b_Pixel_Class::inject_add_to_cart_event: hit AddToCart
2024-01-27T12:59:51+00:00 DEBUG Tt4b_Pixel_Class::inject_add_to_cart_event: Missing option "access_token"
2024-01-27T12:59:57+00:00 DEBUG Tt4b_Pixel_Class::inject_view_content_event: hit ViewContent
2024-01-27T12:59:57+00:00 DEBUG Tt4b_Pixel_Class::inject_view_content_event: Missing option "access_token"
2024-01-27T13:00:11+00:00 DEBUG Tt4b_Pixel_Class::inject_add_to_cart_event: hit AddToCart
2024-01-27T13:00:11+00:00 DEBUG Tt4b_Pixel_Class::inject_add_to_cart_event: Missing option "access_token"
2024-01-27T13:00:20+00:00 DEBUG Tt4b_Pixel_Class::inject_view_content_event: hit ViewContent
2024-01-27T13:00:20+00:00 DEBUG Tt4b_Pixel_Class::inject_view_content_event: Missing option "access_token"
2024-01-27T13:00:29+00:00 DEBUG Tt4b_Pixel_Class::inject_view_content_event: hit ViewContent
2024-01-27T13:00:29+00:00 DEBUG Tt4b_Pixel_Class::inject_view_content_event: Missing option "access_token"
2024-01-27T13:00:35+00:00 DEBUG Tt4b_Pixel_Class::inject_view_content_event: hit ViewContent
2024-01-27T13:00:35+00:00 DEBUG Tt4b_Pixel_Class::inject_view_content_event: Missing option "access_token"
2024-01-27T13:00:46+00:00 DEBUG Tt4b_Pixel_Class::inject_add_to_cart_event: hit AddToCart
2024-01-27T13:00:46+00:00 DEBUG Tt4b_Pixel_Class::inject_add_to_cart_event: Missing option "access_token"
2024-01-27T13:00:54+00:00 DEBUG Tt4b_Pixel_Class::inject_view_content_event: hit ViewContent
2024-01-27T13:00:54+00:00 DEBUG Tt4b_Pixel_Class::inject_view_content_event: Missing option "access_token"
2024-01-27T13:01:05+00:00 DEBUG Tt4b_Pixel_Class::inject_add_to_cart_event: hit AddToCart
2024-01-27T13:01:05+00:00 DEBUG Tt4b_Pixel_Class::inject_add_to_cart_event: Missing option "access_token"
2024-01-27T13:01:09+00:00 DEBUG Tt4b_Pixel_Class::inject_view_content_event: hit ViewContent
2024-01-27T13:01:09+00:00 DEBUG Tt4b_Pixel_Class::inject_view_content_event: Missing option "access_token"
2024-01-27T13:01:16+00:00 DEBUG Tt4b_Pixel_Class::inject_add_to_cart_event: hit AddToCart
2024-01-27T13:01:16+00:00 DEBUG Tt4b_Pixel_Class::inject_add_to_cart_event: Missing option "access_token"
2024-01-27T13:01:25+00:00 DEBUG Tt4b_Pixel_Class::inject_view_content_event: hit ViewContent
2024-01-27T13:01:25+00:00 DEBUG Tt4b_Pixel_Class::inject_view_content_event: Missing option "access_token"
2024-01-27T13:01:37+00:00 DEBUG Tt4b_Pixel_Class::inject_view_content_event: hit ViewContent
2024-01-27T13:01:37+00:00 DEBUG Tt4b_Pixel_Class::inject_view_content_event: Missing option "access_token"
2024-01-27T13:01:43+00:00 DEBUG Tt4b_Pixel_Class::inject_add_to_cart_event: hit AddToCart
2024-01-27T13:01:43+00:00 DEBUG Tt4b_Pixel_Class::inject_add_to_cart_event: Missing option "access_token"
2024-01-27T13:01:45+00:00 DEBUG Tt4b_Pixel_Class::inject_add_to_cart_event: hit AddToCart
2024-01-27T13:01:45+00:00 DEBUG Tt4b_Pixel_Class::inject_add_to_cart_event: Missing option "access_token"
2024-01-27T13:01:47+00:00 DEBUG Tt4b_Pixel_Class::inject_add_to_cart_event: hit AddToCart
2024-01-27T13:01:47+00:00 DEBUG Tt4b_Pixel_Class::inject_add_to_cart_event: Missing option "access_token"
2024-01-27T13:01:48+00:00 DEBUG Tt4b_Pixel_Class::inject_add_to_cart_event: hit AddToCart
2024-01-27T13:01:48+00:00 DEBUG Tt4b_Pixel_Class::inject_add_to_cart_event: Missing option "access_token"
2024-01-27T13:01:49+00:00 DEBUG Tt4b_Pixel_Class::inject_view_content_event: hit ViewContent
2024-01-27T13:01:49+00:00 DEBUG Tt4b_Pixel_Class::inject_view_content_event: Missing option "access_token"
2024-01-27T13:01:51+00:00 DEBUG Tt4b_Pixel_Class::inject_view_content_event: hit ViewContent
2024-01-27T13:01:51+00:00 DEBUG Tt4b_Pixel_Class::inject_view_content_event: Missing option "access_token"
2024-01-27T13:01:53+00:00 DEBUG Tt4b_Pixel_Class::inject_view_content_event: hit ViewContent
2024-01-27T13:01:53+00:00 DEBUG Tt4b_Pixel_Class::inject_view_content_event: Missing option "access_token"
2024-01-27T13:01:56+00:00 DEBUG Tt4b_Pixel_Class::inject_view_content_event: hit ViewContent
2024-01-27T13:01:56+00:00 DEBUG Tt4b_Pixel_Class::inject_view_content_event: Missing option "access_token"
2024-01-27T13:02:04+00:00 DEBUG Tt4b_Pixel_Class::inject_view_content_event: hit ViewContent
2024-01-27T13:02:04+00:00 DEBUG Tt4b_Pixel_Class::inject_view_content_event: Missing option "access_token"
2024-01-27T13:02:13+00:00 DEBUG Tt4b_Pixel_Class::inject_add_to_cart_event: hit AddToCart
2024-01-27T13:02:13+00:00 DEBUG Tt4b_Pixel_Class::inject_add_to_cart_event: Missing option "access_token"
2024-01-27T13:02:26+00:00 DEBUG Tt4b_Pixel_Class::inject_view_content_event: hit ViewContent
2024-01-27T13:02:26+00:00 DEBUG Tt4b_Pixel_Class::inject_view_content_event: Missing option "access_token"
2024-01-27T13:02:35+00:00 DEBUG Tt4b_Pixel_Class::inject_add_to_cart_event: hit AddToCart
2024-01-27T13:02:35+00:00 DEBUG Tt4b_Pixel_Class::inject_add_to_cart_event: Missing option "access_token"
2024-01-27T13:02:36+00:00 DEBUG Tt4b_Pixel_Class::inject_add_to_cart_event: hit AddToCart
2024-01-27T13:02:36+00:00 DEBUG Tt4b_Pixel_Class::inject_add_to_cart_event: Missing option "access_token"
2024-01-27T13:02:37+00:00 DEBUG Tt4b_Pixel_Class::inject_add_to_cart_event: hit AddToCart
2024-01-27T13:02:37+00:00 DEBUG Tt4b_Pixel_Class::inject_add_to_cart_event: Missing option "access_token"
2024-01-27T13:02:39+00:00 DEBUG Tt4b_Pixel_Class::inject_add_to_cart_event: hit AddToCart
2024-01-27T13:02:39+00:00 DEBUG Tt4b_Pixel_Class::inject_add_to_cart_event: Missing option "access_token"
2024-01-27T13:02:40+00:00 DEBUG Tt4b_Pixel_Class::inject_add_to_cart_event: hit AddToCart
2024-01-27T13:02:40+00:00 DEBUG Tt4b_Pixel_Class::inject_add_to_cart_event: Missing option "access_token"
2024-01-27T13:02:41+00:00 DEBUG Tt4b_Pixel_Class::inject_add_to_cart_event: hit AddToCart
2024-01-27T13:02:41+00:00 DEBUG Tt4b_Pixel_Class::inject_add_to_cart_event: Missing option "access_token"
2024-01-27T13:02:59+00:00 DEBUG Tt4b_Pixel_Class::inject_view_content_event: hit ViewContent
2024-01-27T13:02:59+00:00 DEBUG Tt4b_Pixel_Class::inject_view_content_event: Missing option "access_token"
2024-01-27T13:03:18+00:00 DEBUG Tt4b_Pixel_Class::inject_add_to_cart_event: hit AddToCart
2024-01-27T13:03:18+00:00 DEBUG Tt4b_Pixel_Class::inject_add_to_cart_event: Missing option "access_token"
2024-01-27T13:03:28+00:00 DEBUG Tt4b_Pixel_Class::inject_add_to_cart_event: hit AddToCart
2024-01-27T13:03:28+00:00 DEBUG Tt4b_Pixel_Class::inject_add_to_cart_event: Missing option "access_token"
2024-01-27T13:03:28+00:00 DEBUG Tt4b_Pixel_Class::inject_view_content_event: hit ViewContent
2024-01-27T13:03:28+00:00 DEBUG Tt4b_Pixel_Class::inject_view_content_event: Missing option "access_token"
2024-01-27T13:03:29+00:00 DEBUG Tt4b_Pixel_Class::inject_view_content_event: hit ViewContent
2024-01-27T13:03:29+00:00 DEBUG Tt4b_Pixel_Class::inject_view_content_event: Missing option "access_token"
2024-01-27T13:03:32+00:00 DEBUG Tt4b_Pixel_Class::inject_view_content_event: hit ViewContent
2024-01-27T13:03:32+00:00 DEBUG Tt4b_Pixel_Class::inject_view_content_event: Missing option "access_token"
2024-01-27T13:03:40+00:00 DEBUG Tt4b_Pixel_Class::inject_view_content_event: hit ViewContent
2024-01-27T13:03:40+00:00 DEBUG Tt4b_Pixel_Class::inject_view_content_event: Missing option "access_token"
2024-01-27T13:03:54+00:00 DEBUG Tt4b_Pixel_Class::inject_add_to_cart_event: hit AddToCart
2024-01-27T13:03:54+00:00 DEBUG Tt4b_Pixel_Class::inject_add_to_cart_event: Missing option "access_token"
2024-01-27T13:04:06+00:00 DEBUG Tt4b_Pixel_Class::inject_view_content_event: hit ViewContent
2024-01-27T13:04:06+00:00 DEBUG Tt4b_Pixel_Class::inject_view_content_event: Missing option "access_token"
2024-01-27T13:04:16+00:00 DEBUG Tt4b_Pixel_Class::inject_add_to_cart_event: hit AddToCart
2024-01-27T13:04:16+00:00 DEBUG Tt4b_Pixel_Class::inject_add_to_cart_event: Missing option "access_token"
2024-01-27T13:04:28+00:00 DEBUG Tt4b_Pixel_Class::inject_view_content_event: hit ViewContent
2024-01-27T13:04:28+00:00 DEBUG Tt4b_Pixel_Class::inject_view_content_event: Missing option "access_token"
2024-01-27T13:04:47+00:00 DEBUG Tt4b_Pixel_Class::inject_view_content_event: hit ViewContent
2024-01-27T13:04:47+00:00 DEBUG Tt4b_Pixel_Class::inject_view_content_event: Missing option "access_token"
2024-01-27T13:04:51+00:00 DEBUG Tt4b_Pixel_Class::inject_add_to_cart_event: hit AddToCart
2024-01-27T13:04:51+00:00 DEBUG Tt4b_Pixel_Class::inject_add_to_cart_event: Missing option "access_token"
2024-01-27T13:04:55+00:00 DEBUG Tt4b_Pixel_Class::inject_add_to_cart_event: hit AddToCart
2024-01-27T13:04:55+00:00 DEBUG Tt4b_Pixel_Class::inject_add_to_cart_event: Missing option "access_token"
2024-01-27T13:05:06+00:00 DEBUG Tt4b_Pixel_Class::inject_view_content_event: hit ViewContent
2024-01-27T13:05:06+00:00 DEBUG Tt4b_Pixel_Class::inject_view_content_event: Missing option "access_token"
2024-01-27T13:05:35+00:00 DEBUG Tt4b_Pixel_Class::inject_add_to_cart_event: hit AddToCart
2024-01-27T13:05:35+00:00 DEBUG Tt4b_Pixel_Class::inject_add_to_cart_event: Missing option "access_token"
2024-01-27T13:05:42+00:00 DEBUG Tt4b_Pixel_Class::inject_add_to_cart_event: hit AddToCart
2024-01-27T13:05:42+00:00 DEBUG Tt4b_Pixel_Class::inject_add_to_cart_event: Missing option "access_token"
2024-01-27T13:05:46+00:00 DEBUG Tt4b_Pixel_Class::inject_view_content_event: hit ViewContent
2024-01-27T13:05:46+00:00 DEBUG Tt4b_Pixel_Class::inject_view_content_event: Missing option "access_token"
2024-01-27T13:06:13+00:00 DEBUG Tt4b_Pixel_Class::inject_add_to_cart_event: hit AddToCart
2024-01-27T13:06:13+00:00 DEBUG Tt4b_Pixel_Class::inject_add_to_cart_event: Missing option "access_token"
2024-01-27T13:06:30+00:00 DEBUG Tt4b_Pixel_Class::inject_view_content_event: hit ViewContent
2024-01-27T13:06:30+00:00 DEBUG Tt4b_Pixel_Class::inject_view_content_event: Missing option "access_token"
2024-01-27T13:06:52+00:00 DEBUG Tt4b_Pixel_Class::inject_add_to_cart_event: hit AddToCart
2024-01-27T13:06:52+00:00 DEBUG Tt4b_Pixel_Class::inject_add_to_cart_event: Missing option "access_token"
2024-01-27T13:07:00+00:00 DEBUG Tt4b_Pixel_Class::inject_add_to_cart_event: hit AddToCart
2024-01-27T13:07:00+00:00 DEBUG Tt4b_Pixel_Class::inject_add_to_cart_event: Missing option "access_token"
2024-01-27T13:07:08+00:00 DEBUG Tt4b_Pixel_Class::inject_view_content_event: hit ViewContent
2024-01-27T13:07:08+00:00 DEBUG Tt4b_Pixel_Class::inject_view_content_event: Missing option "access_token"
2024-01-27T13:07:22+00:00 DEBUG Tt4b_Pixel_Class::inject_add_to_cart_event: hit AddToCart
2024-01-27T13:07:22+00:00 DEBUG Tt4b_Pixel_Class::inject_add_to_cart_event: Missing option "access_token"
2024-01-27T13:07:35+00:00 DEBUG Tt4b_Pixel_Class::inject_view_content_event: hit ViewContent
2024-01-27T13:07:35+00:00 DEBUG Tt4b_Pixel_Class::inject_view_content_event: Missing option "access_token"
2024-01-27T13:07:48+00:00 DEBUG Tt4b_Pixel_Class::inject_add_to_cart_event: hit AddToCart
2024-01-27T13:07:48+00:00 DEBUG Tt4b_Pixel_Class::inject_add_to_cart_event: Missing option "access_token"
2024-01-27T13:07:58+00:00 DEBUG Tt4b_Pixel_Class::inject_view_content_event: hit ViewContent
2024-01-27T13:07:58+00:00 DEBUG Tt4b_Pixel_Class::inject_view_content_event: Missing option "access_token"
2024-01-27T13:08:00+00:00 DEBUG Tt4b_Pixel_Class::inject_view_content_event: hit ViewContent
2024-01-27T13:08:00+00:00 DEBUG Tt4b_Pixel_Class::inject_view_content_event: Missing option "access_token"
2024-01-27T13:08:02+00:00 DEBUG Tt4b_Pixel_Class::inject_view_content_event: hit ViewContent
2024-01-27T13:08:02+00:00 DEBUG Tt4b_Pixel_Class::inject_view_content_event: Missing option "access_token"
2024-01-27T13:08:03+00:00 DEBUG Tt4b_Pixel_Class::inject_view_content_event: hit ViewContent
2024-01-27T13:08:03+00:00 DEBUG Tt4b_Pixel_Class::inject_view_content_event: Missing option "access_token"
2024-01-27T13:08:07+00:00 DEBUG Tt4b_Pixel_Class::inject_add_to_cart_event: hit AddToCart
2024-01-27T13:08:07+00:00 DEBUG Tt4b_Pixel_Class::inject_add_to_cart_event: Missing option "access_token"
2024-01-27T13:08:11+00:00 DEBUG Tt4b_Pixel_Class::inject_view_content_event: hit ViewContent
2024-01-27T13:08:11+00:00 DEBUG Tt4b_Pixel_Class::inject_view_content_event: Missing option "access_token"
2024-01-27T13:08:12+00:00 DEBUG Tt4b_Pixel_Class::inject_view_content_event: hit ViewContent
2024-01-27T13:08:12+00:00 DEBUG Tt4b_Pixel_Class::inject_view_content_event: Missing option "access_token"
2024-01-27T13:08:13+00:00 DEBUG Tt4b_Pixel_Class::inject_view_content_event: hit ViewContent
2024-01-27T13:08:13+00:00 DEBUG Tt4b_Pixel_Class::inject_view_content_event: Missing option "access_token"
2024-01-27T13:08:17+00:00 DEBUG Tt4b_Pixel_Class::inject_add_to_cart_event: hit AddToCart
2024-01-27T13:08:17+00:00 DEBUG Tt4b_Pixel_Class::inject_add_to_cart_event: Missing option "access_token"
2024-01-27T13:08:17+00:00 DEBUG Tt4b_Pixel_Class::inject_view_content_event: hit ViewContent
2024-01-27T13:08:17+00:00 DEBUG Tt4b_Pixel_Class::inject_view_content_event: Missing option "access_token"
2024-01-27T13:08:17+00:00 DEBUG Tt4b_Pixel_Class::inject_view_content_event: hit ViewContent
2024-01-27T13:08:17+00:00 DEBUG Tt4b_Pixel_Class::inject_view_content_event: Missing option "access_token"
2024-01-27T13:08:34+00:00 DEBUG Tt4b_Pixel_Class::inject_add_to_cart_event: hit AddToCart
2024-01-27T13:08:34+00:00 DEBUG Tt4b_Pixel_Class::inject_add_to_cart_event: Missing option "access_token"
2024-01-27T13:08:56+00:00 DEBUG Tt4b_Pixel_Class::inject_add_to_cart_event: hit AddToCart
2024-01-27T13:08:56+00:00 DEBUG Tt4b_Pixel_Class::inject_add_to_cart_event: Missing option "access_token"
2024-01-27T13:09:17+00:00 DEBUG Tt4b_Pixel_Class::inject_add_to_cart_event: hit AddToCart
2024-01-27T13:09:17+00:00 DEBUG Tt4b_Pixel_Class::inject_add_to_cart_event: Missing option "access_token"
2024-01-27T13:09:28+00:00 DEBUG Tt4b_Pixel_Class::inject_add_to_cart_event: hit AddToCart
2024-01-27T13:09:28+00:00 DEBUG Tt4b_Pixel_Class::inject_add_to_cart_event: Missing option "access_token"
2024-01-27T13:09:52+00:00 DEBUG Tt4b_Pixel_Class::inject_add_to_cart_event: hit AddToCart
2024-01-27T13:09:52+00:00 DEBUG Tt4b_Pixel_Class::inject_add_to_cart_event: Missing option "access_token"
2024-01-27T13:10:15+00:00 DEBUG Tt4b_Pixel_Class::inject_add_to_cart_event: hit AddToCart
2024-01-27T13:10:15+00:00 DEBUG Tt4b_Pixel_Class::inject_add_to_cart_event: Missing option "access_token"
2024-01-27T13:10:36+00:00 DEBUG Tt4b_Pixel_Class::inject_add_to_cart_event: hit AddToCart
2024-01-27T13:10:36+00:00 DEBUG Tt4b_Pixel_Class::inject_add_to_cart_event: Missing option "access_token"
2024-01-27T13:10:54+00:00 DEBUG Tt4b_Pixel_Class::inject_add_to_cart_event: hit AddToCart
2024-01-27T13:10:54+00:00 DEBUG Tt4b_Pixel_Class::inject_add_to_cart_event: Missing option "access_token"
2024-01-27T13:11:17+00:00 DEBUG Tt4b_Pixel_Class::inject_add_to_cart_event: hit AddToCart
2024-01-27T13:11:17+00:00 DEBUG Tt4b_Pixel_Class::inject_add_to_cart_event: Missing option "access_token"
2024-01-27T13:11:20+00:00 DEBUG Tt4b_Pixel_Class::inject_add_to_cart_event: hit AddToCart
2024-01-27T13:11:20+00:00 DEBUG Tt4b_Pixel_Class::inject_add_to_cart_event: Missing option "access_token"
2024-01-27T13:11:23+00:00 DEBUG Tt4b_Pixel_Class::inject_add_to_cart_event: hit AddToCart
2024-01-27T13:11:23+00:00 DEBUG Tt4b_Pixel_Class::inject_add_to_cart_event: Missing option "access_token"
2024-01-27T13:11:25+00:00 DEBUG Tt4b_Pixel_Class::inject_add_to_cart_event: hit AddToCart
2024-01-27T13:11:25+00:00 DEBUG Tt4b_Pixel_Class::inject_add_to_cart_event: Missing option "access_token"
2024-01-27T13:11:40+00:00 DEBUG Tt4b_Pixel_Class::inject_add_to_cart_event: hit AddToCart
2024-01-27T13:11:40+00:00 DEBUG Tt4b_Pixel_Class::inject_add_to_cart_event: Missing option "access_token"
2024-01-27T13:11:42+00:00 DEBUG Tt4b_Pixel_Class::inject_add_to_cart_event: hit AddToCart
2024-01-27T13:11:42+00:00 DEBUG Tt4b_Pixel_Class::inject_add_to_cart_event: Missing option "access_token"
2024-01-27T13:11:46+00:00 DEBUG Tt4b_Pixel_Class::inject_add_to_cart_event: hit AddToCart
2024-01-27T13:11:46+00:00 DEBUG Tt4b_Pixel_Class::inject_add_to_cart_event: Missing option "access_token"
2024-01-27T13:11:50+00:00 DEBUG Tt4b_Pixel_Class::inject_add_to_cart_event: hit AddToCart
2024-01-27T13:11:50+00:00 DEBUG Tt4b_Pixel_Class::inject_add_to_cart_event: Missing option "access_token"
2024-01-27T13:11:52+00:00 DEBUG Tt4b_Pixel_Class::inject_add_to_cart_event: hit AddToCart
2024-01-27T13:11:52+00:00 DEBUG Tt4b_Pixel_Class::inject_add_to_cart_event: Missing option "access_token"
2024-01-27T13:11:53+00:00 DEBUG Tt4b_Pixel_Class::inject_add_to_cart_event: hit AddToCart
2024-01-27T13:11:53+00:00 DEBUG Tt4b_Pixel_Class::inject_add_to_cart_event: Missing option "access_token"
2024-01-27T13:12:02+00:00 DEBUG Tt4b_Pixel_Class::inject_add_to_cart_event: hit AddToCart
2024-01-27T13:12:02+00:00 DEBUG Tt4b_Pixel_Class::inject_add_to_cart_event: Missing option "access_token"
2024-01-27T13:12:02+00:00 DEBUG Tt4b_Pixel_Class::inject_view_content_event: hit ViewContent
2024-01-27T13:12:02+00:00 DEBUG Tt4b_Pixel_Class::inject_view_content_event: Missing option "access_token"
2024-01-27T13:12:06+00:00 DEBUG Tt4b_Pixel_Class::inject_view_content_event: hit ViewContent
2024-01-27T13:12:06+00:00 DEBUG Tt4b_Pixel_Class::inject_view_content_event: Missing option "access_token"
2024-01-27T13:12:09+00:00 DEBUG Tt4b_Pixel_Class::inject_view_content_event: hit ViewContent
2024-01-27T13:12:09+00:00 DEBUG Tt4b_Pixel_Class::inject_view_content_event: Missing option "access_token"
2024-01-27T13:12:16+00:00 DEBUG Tt4b_Pixel_Class::inject_add_to_cart_event: hit AddToCart
2024-01-27T13:12:16+00:00 DEBUG Tt4b_Pixel_Class::inject_add_to_cart_event: Missing option "access_token"
2024-01-27T13:12:17+00:00 DEBUG Tt4b_Pixel_Class::inject_add_to_cart_event: hit AddToCart
2024-01-27T13:12:17+00:00 DEBUG Tt4b_Pixel_Class::inject_add_to_cart_event: Missing option "access_token"
2024-01-27T13:12:26+00:00 DEBUG Tt4b_Pixel_Class::inject_add_to_cart_event: hit AddToCart
2024-01-27T13:12:26+00:00 DEBUG Tt4b_Pixel_Class::inject_add_to_cart_event: Missing option "access_token"
2024-01-27T13:12:26+00:00 DEBUG Tt4b_Pixel_Class::inject_view_content_event: hit ViewContent
2024-01-27T13:12:26+00:00 DEBUG Tt4b_Pixel_Class::inject_view_content_event: Missing option "access_token"
2024-01-27T13:12:42+00:00 DEBUG Tt4b_Pixel_Class::inject_add_to_cart_event: hit AddToCart
2024-01-27T13:12:42+00:00 DEBUG Tt4b_Pixel_Class::inject_add_to_cart_event: Missing option "access_token"
2024-01-27T13:12:51+00:00 DEBUG Tt4b_Pixel_Class::inject_view_content_event: hit ViewContent
2024-01-27T13:12:51+00:00 DEBUG Tt4b_Pixel_Class::inject_view_content_event: Missing option "access_token"
2024-01-27T13:13:08+00:00 DEBUG Tt4b_Pixel_Class::inject_add_to_cart_event: hit AddToCart
2024-01-27T13:13:08+00:00 DEBUG Tt4b_Pixel_Class::inject_add_to_cart_event: Missing option "access_token"
2024-01-27T13:13:17+00:00 DEBUG Tt4b_Pixel_Class::inject_add_to_cart_event: hit AddToCart
2024-01-27T13:13:17+00:00 DEBUG Tt4b_Pixel_Class::inject_add_to_cart_event: Missing option "access_token"
2024-01-27T13:13:17+00:00 DEBUG Tt4b_Pixel_Class::inject_view_content_event: hit ViewContent
2024-01-27T13:13:17+00:00 DEBUG Tt4b_Pixel_Class::inject_view_content_event: Missing option "access_token"
2024-01-27T13:13:20+00:00 DEBUG Tt4b_Pixel_Class::inject_view_content_event: hit ViewContent
2024-01-27T13:13:20+00:00 DEBUG Tt4b_Pixel_Class::inject_view_content_event: Missing option "access_token"
2024-01-27T13:13:23+00:00 DEBUG Tt4b_Pixel_Class::inject_view_content_event: hit ViewContent
2024-01-27T13:13:23+00:00 DEBUG Tt4b_Pixel_Class::inject_view_content_event: Missing option "access_token"
2024-01-27T13:13:30+00:00 DEBUG Tt4b_Pixel_Class::inject_view_content_event: hit ViewContent
2024-01-27T13:13:30+00:00 DEBUG Tt4b_Pixel_Class::inject_view_content_event: Missing option "access_token"
2024-01-27T13:13:33+00:00 DEBUG Tt4b_Pixel_Class::inject_view_content_event: hit ViewContent
2024-01-27T13:13:33+00:00 DEBUG Tt4b_Pixel_Class::inject_view_content_event: Missing option "access_token"
2024-01-27T13:13:34+00:00 DEBUG Tt4b_Pixel_Class::inject_add_to_cart_event: hit AddToCart
2024-01-27T13:13:34+00:00 DEBUG Tt4b_Pixel_Class::inject_add_to_cart_event: Missing option "access_token"
2024-01-27T13:13:35+00:00 DEBUG Tt4b_Pixel_Class::inject_view_content_event: hit ViewContent
2024-01-27T13:13:35+00:00 DEBUG Tt4b_Pixel_Class::inject_view_content_event: Missing option "access_token"
2024-01-27T13:13:37+00:00 DEBUG Tt4b_Pixel_Class::inject_view_content_event: hit ViewContent
2024-01-27T13:13:37+00:00 DEBUG Tt4b_Pixel_Class::inject_view_content_event: Missing option "access_token"
2024-01-27T13:14:08+00:00 DEBUG Tt4b_Pixel_Class::inject_add_to_cart_event: hit AddToCart
2024-01-27T13:14:08+00:00 DEBUG Tt4b_Pixel_Class::inject_add_to_cart_event: Missing option "access_token"
2024-01-27T13:14:12+00:00 DEBUG Tt4b_Pixel_Class::inject_view_content_event: hit ViewContent
2024-01-27T13:14:12+00:00 DEBUG Tt4b_Pixel_Class::inject_view_content_event: Missing option "access_token"
2024-01-27T13:14:41+00:00 DEBUG Tt4b_Pixel_Class::inject_add_to_cart_event: hit AddToCart
2024-01-27T13:14:41+00:00 DEBUG Tt4b_Pixel_Class::inject_add_to_cart_event: Missing option "access_token"
2024-01-27T13:14:43+00:00 DEBUG Tt4b_Pixel_Class::inject_view_content_event: hit ViewContent
2024-01-27T13:14:43+00:00 DEBUG Tt4b_Pixel_Class::inject_view_content_event: Missing option "access_token"
2024-01-27T13:15:15+00:00 DEBUG Tt4b_Pixel_Class::inject_add_to_cart_event: hit AddToCart
2024-01-27T13:15:15+00:00 DEBUG Tt4b_Pixel_Class::inject_add_to_cart_event: Missing option "access_token"
2024-01-27T13:15:22+00:00 DEBUG Tt4b_Pixel_Class::inject_view_content_event: hit ViewContent
2024-01-27T13:15:22+00:00 DEBUG Tt4b_Pixel_Class::inject_view_content_event: Missing option "access_token"
2024-01-27T13:15:31+00:00 DEBUG Tt4b_Pixel_Class::inject_view_content_event: hit ViewContent
2024-01-27T13:15:31+00:00 DEBUG Tt4b_Pixel_Class::inject_view_content_event: Missing option "access_token"
2024-01-27T13:15:38+00:00 DEBUG Tt4b_Pixel_Class::inject_add_to_cart_event: hit AddToCart
2024-01-27T13:15:38+00:00 DEBUG Tt4b_Pixel_Class::inject_add_to_cart_event: Missing option "access_token"
2024-01-27T13:16:13+00:00 DEBUG Tt4b_Pixel_Class::inject_add_to_cart_event: hit AddToCart
2024-01-27T13:16:13+00:00 DEBUG Tt4b_Pixel_Class::inject_add_to_cart_event: Missing option "access_token"
2024-01-27T13:16:19+00:00 DEBUG Tt4b_Pixel_Class::inject_view_content_event: hit ViewContent
2024-01-27T13:16:19+00:00 DEBUG Tt4b_Pixel_Class::inject_view_content_event: Missing option "access_token"
2024-01-27T13:16:32+00:00 DEBUG Tt4b_Pixel_Class::inject_view_content_event: hit ViewContent
2024-01-27T13:16:32+00:00 DEBUG Tt4b_Pixel_Class::inject_view_content_event: Missing option "access_token"
2024-01-27T13:16:39+00:00 DEBUG Tt4b_Pixel_Class::inject_add_to_cart_event: hit AddToCart
2024-01-27T13:16:39+00:00 DEBUG Tt4b_Pixel_Class::inject_add_to_cart_event: Missing option "access_token"
2024-01-27T13:16:44+00:00 DEBUG Tt4b_Pixel_Class::inject_view_content_event: hit ViewContent
2024-01-27T13:16:44+00:00 DEBUG Tt4b_Pixel_Class::inject_view_content_event: Missing option "access_token"
2024-01-27T13:17:01+00:00 DEBUG Tt4b_Pixel_Class::inject_view_content_event: hit ViewContent
2024-01-27T13:17:01+00:00 DEBUG Tt4b_Pixel_Class::inject_view_content_event: Missing option "access_token"
2024-01-27T13:17:10+00:00 DEBUG Tt4b_Pixel_Class::inject_add_to_cart_event: hit AddToCart
2024-01-27T13:17:10+00:00 DEBUG Tt4b_Pixel_Class::inject_add_to_cart_event: Missing option "access_token"
2024-01-27T13:17:12+00:00 DEBUG Tt4b_Pixel_Class::inject_add_to_cart_event: hit AddToCart
2024-01-27T13:17:12+00:00 DEBUG Tt4b_Pixel_Class::inject_add_to_cart_event: Missing option "access_token"
2024-01-27T13:17:15+00:00 DEBUG Tt4b_Pixel_Class::inject_add_to_cart_event: hit AddToCart
2024-01-27T13:17:15+00:00 DEBUG Tt4b_Pixel_Class::inject_add_to_cart_event: Missing option "access_token"
2024-01-27T13:17:19+00:00 DEBUG Tt4b_Pixel_Class::inject_add_to_cart_event: hit AddToCart
2024-01-27T13:17:19+00:00 DEBUG Tt4b_Pixel_Class::inject_add_to_cart_event: Missing option "access_token"
2024-01-27T13:17:20+00:00 DEBUG Tt4b_Pixel_Class::inject_view_content_event: hit ViewContent
2024-01-27T13:17:20+00:00 DEBUG Tt4b_Pixel_Class::inject_view_content_event: Missing option "access_token"
2024-01-27T13:17:33+00:00 DEBUG Tt4b_Pixel_Class::inject_view_content_event: hit ViewContent
2024-01-27T13:17:33+00:00 DEBUG Tt4b_Pixel_Class::inject_view_content_event: Missing option "access_token"
2024-01-27T13:17:56+00:00 DEBUG Tt4b_Pixel_Class::inject_view_content_event: hit ViewContent
2024-01-27T13:17:56+00:00 DEBUG Tt4b_Pixel_Class::inject_view_content_event: Missing option "access_token"
2024-01-27T13:18:19+00:00 DEBUG Tt4b_Pixel_Class::inject_view_content_event: hit ViewContent
2024-01-27T13:18:19+00:00 DEBUG Tt4b_Pixel_Class::inject_view_content_event: Missing option "access_token"
2024-01-27T13:18:21+00:00 DEBUG Tt4b_Pixel_Class::inject_view_content_event: hit ViewContent
2024-01-27T13:18:21+00:00 DEBUG Tt4b_Pixel_Class::inject_view_content_event: Missing option "access_token"
2024-01-27T13:18:24+00:00 DEBUG Tt4b_Pixel_Class::inject_view_content_event: hit ViewContent
2024-01-27T13:18:24+00:00 DEBUG Tt4b_Pixel_Class::inject_view_content_event: Missing option "access_token"
2024-01-27T13:18:29+00:00 DEBUG Tt4b_Pixel_Class::inject_view_content_event: hit ViewContent
2024-01-27T13:18:29+00:00 DEBUG Tt4b_Pixel_Class::inject_view_content_event: Missing option "access_token"
2024-01-27T13:18:32+00:00 DEBUG Tt4b_Pixel_Class::inject_view_content_event: hit ViewContent
2024-01-27T13:18:32+00:00 DEBUG Tt4b_Pixel_Class::inject_view_content_event: Missing option "access_token"
2024-01-27T13:18:35+00:00 DEBUG Tt4b_Pixel_Class::inject_view_content_event: hit ViewContent
2024-01-27T13:18:35+00:00 DEBUG Tt4b_Pixel_Class::inject_view_content_event: Missing option "access_token"
2024-01-27T13:18:39+00:00 DEBUG Tt4b_Pixel_Class::inject_view_content_event: hit ViewContent
2024-01-27T13:18:39+00:00 DEBUG Tt4b_Pixel_Class::inject_view_content_event: Missing option "access_token"
2024-01-27T13:18:43+00:00 DEBUG Tt4b_Pixel_Class::inject_view_content_event: hit ViewContent
2024-01-27T13:18:43+00:00 DEBUG Tt4b_Pixel_Class::inject_view_content_event: Missing option "access_token"
2024-01-27T13:19:08+00:00 DEBUG Tt4b_Pixel_Class::inject_view_content_event: hit ViewContent
2024-01-27T13:19:08+00:00 DEBUG Tt4b_Pixel_Class::inject_view_content_event: Missing option "access_token"
2024-01-27T13:19:18+00:00 DEBUG Tt4b_Pixel_Class::inject_view_content_event: hit ViewContent
2024-01-27T13:19:18+00:00 DEBUG Tt4b_Pixel_Class::inject_view_content_event: Missing option "access_token"
2024-01-27T13:19:25+00:00 DEBUG Tt4b_Pixel_Class::inject_view_content_event: hit ViewContent
2024-01-27T13:19:25+00:00 DEBUG Tt4b_Pixel_Class::inject_view_content_event: Missing option "access_token"
2024-01-27T13:19:59+00:00 DEBUG Tt4b_Pixel_Class::inject_view_content_event: hit ViewContent
2024-01-27T13:19:59+00:00 DEBUG Tt4b_Pixel_Class::inject_view_content_event: Missing option "access_token"
2024-01-27T13:20:12+00:00 DEBUG Tt4b_Pixel_Class::inject_view_content_event: hit ViewContent
2024-01-27T13:20:12+00:00 DEBUG Tt4b_Pixel_Class::inject_view_content_event: Missing option "access_token"
2024-01-27T13:20:24+00:00 DEBUG Tt4b_Pixel_Class::inject_view_content_event: hit ViewContent
2024-01-27T13:20:24+00:00 DEBUG Tt4b_Pixel_Class::inject_view_content_event: Missing option "access_token"
2024-01-27T13:20:43+00:00 DEBUG Tt4b_Pixel_Class::inject_view_content_event: hit ViewContent
2024-01-27T13:20:43+00:00 DEBUG Tt4b_Pixel_Class::inject_view_content_event: Missing option "access_token"
2024-01-27T13:20:46+00:00 DEBUG Tt4b_Pixel_Class::inject_view_content_event: hit ViewContent
2024-01-27T13:20:46+00:00 DEBUG Tt4b_Pixel_Class::inject_view_content_event: Missing option "access_token"
2024-01-27T13:20:52+00:00 DEBUG Tt4b_Pixel_Class::inject_view_content_event: hit ViewContent
2024-01-27T13:20:52+00:00 DEBUG Tt4b_Pixel_Class::inject_view_content_event: Missing option "access_token"
2024-01-27T13:20:56+00:00 DEBUG Tt4b_Pixel_Class::inject_view_content_event: hit ViewContent
2024-01-27T13:20:56+00:00 DEBUG Tt4b_Pixel_Class::inject_view_content_event: Missing option "access_token"
2024-01-27T13:20:58+00:00 DEBUG Tt4b_Pixel_Class::inject_view_content_event: hit ViewContent
2024-01-27T13:20:58+00:00 DEBUG Tt4b_Pixel_Class::inject_view_content_event: Missing option "access_token"
2024-01-27T13:21:01+00:00 DEBUG Tt4b_Pixel_Class::inject_view_content_event: hit ViewContent
2024-01-27T13:21:01+00:00 DEBUG Tt4b_Pixel_Class::inject_view_content_event: Missing option "access_token"
2024-01-27T13:21:03+00:00 DEBUG Tt4b_Pixel_Class::inject_view_content_event: hit ViewContent
2024-01-27T13:21:03+00:00 DEBUG Tt4b_Pixel_Class::inject_view_content_event: Missing option "access_token"
2024-01-27T13:21:09+00:00 DEBUG Tt4b_Pixel_Class::inject_view_content_event: hit ViewContent
2024-01-27T13:21:09+00:00 DEBUG Tt4b_Pixel_Class::inject_view_content_event: Missing option "access_token"
2024-01-27T13:21:30+00:00 DEBUG Tt4b_Pixel_Class::inject_view_content_event: hit ViewContent
2024-01-27T13:21:30+00:00 DEBUG Tt4b_Pixel_Class::inject_view_content_event: Missing option "access_token"
2024-01-27T13:21:30+00:00 DEBUG Tt4b_Pixel_Class::inject_view_content_event: hit ViewContent
2024-01-27T13:21:30+00:00 DEBUG Tt4b_Pixel_Class::inject_view_content_event: Missing option "access_token"
2024-01-27T13:21:33+00:00 DEBUG Tt4b_Pixel_Class::inject_view_content_event: hit ViewContent
2024-01-27T13:21:33+00:00 DEBUG Tt4b_Pixel_Class::inject_view_content_event: Missing option "access_token"
2024-01-27T13:21:33+00:00 DEBUG Tt4b_Pixel_Class::inject_view_content_event: hit ViewContent
2024-01-27T13:21:33+00:00 DEBUG Tt4b_Pixel_Class::inject_view_content_event: Missing option "access_token"
2024-01-27T13:21:34+00:00 DEBUG Tt4b_Pixel_Class::inject_view_content_event: hit ViewContent
2024-01-27T13:21:34+00:00 DEBUG Tt4b_Pixel_Class::inject_view_content_event: Missing option "access_token"
2024-01-27T13:21:34+00:00 DEBUG Tt4b_Pixel_Class::inject_view_content_event: hit ViewContent
2024-01-27T13:21:34+00:00 DEBUG Tt4b_Pixel_Class::inject_view_content_event: Missing option "access_token"
2024-01-27T13:21:39+00:00 DEBUG Tt4b_Pixel_Class::inject_view_content_event: hit ViewContent
2024-01-27T13:21:39+00:00 DEBUG Tt4b_Pixel_Class::inject_view_content_event: Missing option "access_token"
2024-01-27T13:21:42+00:00 DEBUG Tt4b_Pixel_Class::inject_view_content_event: hit ViewContent
2024-01-27T13:21:42+00:00 DEBUG Tt4b_Pixel_Class::inject_view_content_event: Missing option "access_token"
2024-01-27T13:21:49+00:00 DEBUG Tt4b_Pixel_Class::inject_view_content_event: hit ViewContent
2024-01-27T13:21:49+00:00 DEBUG Tt4b_Pixel_Class::inject_view_content_event: Missing option "access_token"
2024-01-27T13:22:12+00:00 DEBUG Tt4b_Pixel_Class::inject_view_content_event: hit ViewContent
2024-01-27T13:22:12+00:00 DEBUG Tt4b_Pixel_Class::inject_view_content_event: Missing option "access_token"
2024-01-27T13:22:20+00:00 DEBUG Tt4b_Pixel_Class::inject_view_content_event: hit ViewContent
2024-01-27T13:22:20+00:00 DEBUG Tt4b_Pixel_Class::inject_view_content_event: Missing option "access_token"
2024-01-27T13:22:30+00:00 DEBUG Tt4b_Pixel_Class::inject_view_content_event: hit ViewContent
2024-01-27T13:22:30+00:00 DEBUG Tt4b_Pixel_Class::inject_view_content_event: Missing option "access_token"
2024-01-27T13:22:56+00:00 DEBUG Tt4b_Pixel_Class::inject_view_content_event: hit ViewContent
2024-01-27T13:22:56+00:00 DEBUG Tt4b_Pixel_Class::inject_view_content_event: Missing option "access_token"
2024-01-27T13:23:00+00:00 DEBUG Tt4b_Pixel_Class::inject_view_content_event: hit ViewContent
2024-01-27T13:23:00+00:00 DEBUG Tt4b_Pixel_Class::inject_view_content_event: Missing option "access_token"
2024-01-27T13:23:13+00:00 DEBUG Tt4b_Pixel_Class::inject_view_content_event: hit ViewContent
2024-01-27T13:23:13+00:00 DEBUG Tt4b_Pixel_Class::inject_view_content_event: Missing option "access_token"
2024-01-27T13:23:37+00:00 DEBUG Tt4b_Pixel_Class::inject_view_content_event: hit ViewContent
2024-01-27T13:23:37+00:00 DEBUG Tt4b_Pixel_Class::inject_view_content_event: Missing option "access_token"
2024-01-27T13:23:48+00:00 DEBUG Tt4b_Pixel_Class::inject_view_content_event: hit ViewContent
2024-01-27T13:23:48+00:00 DEBUG Tt4b_Pixel_Class::inject_view_content_event: Missing option "access_token"
2024-01-27T13:23:53+00:00 DEBUG Tt4b_Pixel_Class::inject_view_content_event: hit ViewContent
2024-01-27T13:23:53+00:00 DEBUG Tt4b_Pixel_Class::inject_view_content_event: Missing option "access_token"
2024-01-27T13:23:54+00:00 DEBUG Tt4b_Pixel_Class::inject_view_content_event: hit ViewContent
2024-01-27T13:23:54+00:00 DEBUG Tt4b_Pixel_Class::inject_view_content_event: Missing option "access_token"
2024-01-27T13:24:25+00:00 DEBUG Tt4b_Pixel_Class::inject_view_content_event: hit ViewContent
2024-01-27T13:24:25+00:00 DEBUG Tt4b_Pixel_Class::inject_view_content_event: Missing option "access_token"
2024-01-27T13:24:30+00:00 DEBUG Tt4b_Pixel_Class::inject_view_content_event: hit ViewContent
2024-01-27T13:24:30+00:00 DEBUG Tt4b_Pixel_Class::inject_view_content_event: Missing option "access_token"
2024-01-27T13:24:37+00:00 DEBUG Tt4b_Pixel_Class::inject_view_content_event: hit ViewContent
2024-01-27T13:24:37+00:00 DEBUG Tt4b_Pixel_Class::inject_view_content_event: Missing option "access_token"
2024-01-27T13:24:39+00:00 DEBUG Tt4b_Pixel_Class::inject_view_content_event: hit ViewContent
2024-01-27T13:24:39+00:00 DEBUG Tt4b_Pixel_Class::inject_view_content_event: Missing option "access_token"
2024-01-27T13:24:42+00:00 DEBUG Tt4b_Pixel_Class::inject_view_content_event: hit ViewContent
2024-01-27T13:24:42+00:00 DEBUG Tt4b_Pixel_Class::inject_view_content_event: Missing option "access_token"
2024-01-27T13:24:44+00:00 DEBUG Tt4b_Pixel_Class::inject_view_content_event: hit ViewContent
2024-01-27T13:24:44+00:00 DEBUG Tt4b_Pixel_Class::inject_view_content_event: Missing option "access_token"
2024-01-27T13:24:57+00:00 DEBUG Tt4b_Pixel_Class::inject_view_content_event: hit ViewContent
2024-01-27T13:24:57+00:00 DEBUG Tt4b_Pixel_Class::inject_view_content_event: Missing option "access_token"
2024-01-27T13:25:08+00:00 DEBUG Tt4b_Pixel_Class::inject_view_content_event: hit ViewContent
2024-01-27T13:25:08+00:00 DEBUG Tt4b_Pixel_Class::inject_view_content_event: Missing option "access_token"
2024-01-27T13:25:18+00:00 DEBUG Tt4b_Pixel_Class::inject_view_content_event: hit ViewContent
2024-01-27T13:25:18+00:00 DEBUG Tt4b_Pixel_Class::inject_view_content_event: Missing option "access_token"
2024-01-27T13:25:18+00:00 DEBUG Tt4b_Pixel_Class::inject_view_content_event: hit ViewContent
2024-01-27T13:25:18+00:00 DEBUG Tt4b_Pixel_Class::inject_view_content_event: Missing option "access_token"
2024-01-27T13:25:20+00:00 DEBUG Tt4b_Pixel_Class::inject_view_content_event: hit ViewContent
2024-01-27T13:25:20+00:00 DEBUG Tt4b_Pixel_Class::inject_view_content_event: Missing option "access_token"
2024-01-27T13:25:31+00:00 DEBUG Tt4b_Pixel_Class::inject_view_content_event: hit ViewContent
2024-01-27T13:25:31+00:00 DEBUG Tt4b_Pixel_Class::inject_view_content_event: Missing option "access_token"
2024-01-27T13:25:39+00:00 DEBUG Tt4b_Pixel_Class::inject_view_content_event: hit ViewContent
2024-01-27T13:25:39+00:00 DEBUG Tt4b_Pixel_Class::inject_view_content_event: Missing option "access_token"
2024-01-27T13:25:40+00:00 DEBUG Tt4b_Pixel_Class::inject_view_content_event: hit ViewContent
2024-01-27T13:25:40+00:00 DEBUG Tt4b_Pixel_Class::inject_view_content_event: Missing option "access_token"
2024-01-27T13:25:40+00:00 DEBUG Tt4b_Pixel_Class::inject_view_content_event: hit ViewContent
2024-01-27T13:25:40+00:00 DEBUG Tt4b_Pixel_Class::inject_view_content_event: Missing option "access_token"
2024-01-27T13:25:41+00:00 DEBUG Tt4b_Pixel_Class::inject_view_content_event: hit ViewContent
2024-01-27T13:25:41+00:00 DEBUG Tt4b_Pixel_Class::inject_view_content_event: Missing option "access_token"
2024-01-27T13:25:50+00:00 DEBUG Tt4b_Pixel_Class::inject_view_content_event: hit ViewContent
2024-01-27T13:25:50+00:00 DEBUG Tt4b_Pixel_Class::inject_view_content_event: Missing option "access_token"
2024-01-27T13:26:22+00:00 DEBUG Tt4b_Pixel_Class::inject_view_content_event: hit ViewContent
2024-01-27T13:26:22+00:00 DEBUG Tt4b_Pixel_Class::inject_view_content_event: Missing option "access_token"
2024-01-27T13:26:33+00:00 DEBUG Tt4b_Pixel_Class::inject_view_content_event: hit ViewContent
2024-01-27T13:26:33+00:00 DEBUG Tt4b_Pixel_Class::inject_view_content_event: Missing option "access_token"
2024-01-27T13:27:04+00:00 DEBUG Tt4b_Pixel_Class::inject_view_content_event: hit ViewContent
2024-01-27T13:27:04+00:00 DEBUG Tt4b_Pixel_Class::inject_view_content_event: Missing option "access_token"
2024-01-27T13:27:26+00:00 DEBUG Tt4b_Pixel_Class::inject_view_content_event: hit ViewContent
2024-01-27T13:27:26+00:00 DEBUG Tt4b_Pixel_Class::inject_view_content_event: Missing option "access_token"
2024-01-27T13:27:55+00:00 DEBUG Tt4b_Pixel_Class::inject_view_content_event: hit ViewContent
2024-01-27T13:27:55+00:00 DEBUG Tt4b_Pixel_Class::inject_view_content_event: Missing option "access_token"
2024-01-27T13:28:03+00:00 DEBUG Tt4b_Pixel_Class::inject_view_content_event: hit ViewContent
2024-01-27T13:28:03+00:00 DEBUG Tt4b_Pixel_Class::inject_view_content_event: Missing option "access_token"
2024-01-27T13:28:34+00:00 DEBUG Tt4b_Pixel_Class::inject_view_content_event: hit ViewContent
2024-01-27T13:28:34+00:00 DEBUG Tt4b_Pixel_Class::inject_view_content_event: Missing option "access_token"
2024-01-27T13:28:48+00:00 DEBUG Tt4b_Pixel_Class::inject_view_content_event: hit ViewContent
2024-01-27T13:28:48+00:00 DEBUG Tt4b_Pixel_Class::inject_view_content_event: Missing option "access_token"
2024-01-27T13:29:03+00:00 DEBUG Tt4b_Pixel_Class::inject_add_to_cart_event: hit AddToCart
2024-01-27T13:29:03+00:00 DEBUG Tt4b_Pixel_Class::inject_add_to_cart_event: Missing option "access_token"
2024-01-27T13:29:10+00:00 DEBUG Tt4b_Pixel_Class::inject_view_content_event: hit ViewContent
2024-01-27T13:29:10+00:00 DEBUG Tt4b_Pixel_Class::inject_view_content_event: Missing option "access_token"
2024-01-27T13:29:12+00:00 DEBUG Tt4b_Pixel_Class::inject_view_content_event: hit ViewContent
2024-01-27T13:29:12+00:00 DEBUG Tt4b_Pixel_Class::inject_view_content_event: Missing option "access_token"
2024-01-27T13:29:13+00:00 DEBUG Tt4b_Pixel_Class::inject_view_content_event: hit ViewContent
2024-01-27T13:29:13+00:00 DEBUG Tt4b_Pixel_Class::inject_view_content_event: Missing option "access_token"
2024-01-27T13:29:19+00:00 DEBUG Tt4b_Pixel_Class::inject_view_content_event: hit ViewContent
2024-01-27T13:29:19+00:00 DEBUG Tt4b_Pixel_Class::inject_view_content_event: Missing option "access_token"
2024-01-27T13:29:26+00:00 DEBUG Tt4b_Pixel_Class::inject_view_content_event: hit ViewContent
2024-01-27T13:29:26+00:00 DEBUG Tt4b_Pixel_Class::inject_view_content_event: Missing option "access_token"
2024-01-27T13:29:31+00:00 DEBUG Tt4b_Pixel_Class::inject_view_content_event: hit ViewContent
2024-01-27T13:29:31+00:00 DEBUG Tt4b_Pixel_Class::inject_view_content_event: Missing option "access_token"
2024-01-27T13:29:36+00:00 DEBUG Tt4b_Pixel_Class::inject_add_to_cart_event: hit AddToCart
2024-01-27T13:29:36+00:00 DEBUG Tt4b_Pixel_Class::inject_add_to_cart_event: Missing option "access_token"
2024-01-27T13:29:51+00:00 DEBUG Tt4b_Pixel_Class::inject_view_content_event: hit ViewContent
2024-01-27T13:29:51+00:00 DEBUG Tt4b_Pixel_Class::inject_view_content_event: Missing option "access_token"
2024-01-27T13:29:54+00:00 DEBUG Tt4b_Pixel_Class::inject_view_content_event: hit ViewContent
2024-01-27T13:29:54+00:00 DEBUG Tt4b_Pixel_Class::inject_view_content_event: Missing option "access_token"
2024-01-27T13:29:54+00:00 DEBUG Tt4b_Pixel_Class::inject_add_to_cart_event: hit AddToCart
2024-01-27T13:29:54+00:00 DEBUG Tt4b_Pixel_Class::inject_add_to_cart_event: Missing option "access_token"
2024-01-27T13:29:56+00:00 DEBUG Tt4b_Pixel_Class::inject_view_content_event: hit ViewContent
2024-01-27T13:29:56+00:00 DEBUG Tt4b_Pixel_Class::inject_view_content_event: Missing option "access_token"
2024-01-27T13:29:59+00:00 DEBUG Tt4b_Pixel_Class::inject_view_content_event: hit ViewContent
2024-01-27T13:29:59+00:00 DEBUG Tt4b_Pixel_Class::inject_view_content_event: Missing option "access_token"
2024-01-27T13:30:11+00:00 DEBUG Tt4b_Pixel_Class::inject_view_content_event: hit ViewContent
2024-01-27T13:30:11+00:00 DEBUG Tt4b_Pixel_Class::inject_view_content_event: Missing option "access_token"
2024-01-27T13:30:31+00:00 DEBUG Tt4b_Pixel_Class::inject_add_to_cart_event: hit AddToCart
2024-01-27T13:30:31+00:00 DEBUG Tt4b_Pixel_Class::inject_add_to_cart_event: Missing option "access_token"
2024-01-27T13:30:35+00:00 DEBUG Tt4b_Pixel_Class::inject_add_to_cart_event: hit AddToCart
2024-01-27T13:30:35+00:00 DEBUG Tt4b_Pixel_Class::inject_add_to_cart_event: Missing option "access_token"
2024-01-27T13:30:35+00:00 DEBUG Tt4b_Pixel_Class::inject_view_content_event: hit ViewContent
2024-01-27T13:30:35+00:00 DEBUG Tt4b_Pixel_Class::inject_view_content_event: Missing option "access_token"
2024-01-27T13:30:49+00:00 DEBUG Tt4b_Pixel_Class::inject_view_content_event: hit ViewContent
2024-01-27T13:30:49+00:00 DEBUG Tt4b_Pixel_Class::inject_view_content_event: Missing option "access_token"
2024-01-27T13:30:53+00:00 DEBUG Tt4b_Pixel_Class::inject_add_to_cart_event: hit AddToCart
2024-01-27T13:30:53+00:00 DEBUG Tt4b_Pixel_Class::inject_add_to_cart_event: Missing option "access_token"
2024-01-27T13:31:16+00:00 DEBUG Tt4b_Pixel_Class::inject_view_content_event: hit ViewContent
2024-01-27T13:31:16+00:00 DEBUG Tt4b_Pixel_Class::inject_view_content_event: Missing option "access_token"
2024-01-27T13:31:21+00:00 DEBUG Tt4b_Pixel_Class::inject_add_to_cart_event: hit AddToCart
2024-01-27T13:31:21+00:00 DEBUG Tt4b_Pixel_Class::inject_add_to_cart_event: Missing option "access_token"
2024-01-27T13:31:21+00:00 DEBUG Tt4b_Pixel_Class::inject_view_content_event: hit ViewContent
2024-01-27T13:31:21+00:00 DEBUG Tt4b_Pixel_Class::inject_view_content_event: Missing option "access_token"
2024-01-27T13:31:36+00:00 DEBUG Tt4b_Pixel_Class::inject_add_to_cart_event: hit AddToCart
2024-01-27T13:31:36+00:00 DEBUG Tt4b_Pixel_Class::inject_add_to_cart_event: Missing option "access_token"
2024-01-27T13:31:40+00:00 DEBUG Tt4b_Pixel_Class::inject_view_content_event: hit ViewContent
2024-01-27T13:31:40+00:00 DEBUG Tt4b_Pixel_Class::inject_view_content_event: Missing option "access_token"
2024-01-27T13:31:42+00:00 DEBUG Tt4b_Pixel_Class::inject_view_content_event: hit ViewContent
2024-01-27T13:31:42+00:00 DEBUG Tt4b_Pixel_Class::inject_view_content_event: Missing option "access_token"
2024-01-27T13:31:46+00:00 DEBUG Tt4b_Pixel_Class::inject_view_content_event: hit ViewContent
2024-01-27T13:31:46+00:00 DEBUG Tt4b_Pixel_Class::inject_view_content_event: Missing option "access_token"
2024-01-27T13:31:51+00:00 DEBUG Tt4b_Pixel_Class::inject_view_content_event: hit ViewContent
2024-01-27T13:31:51+00:00 DEBUG Tt4b_Pixel_Class::inject_view_content_event: Missing option "access_token"
2024-01-27T13:32:03+00:00 DEBUG Tt4b_Pixel_Class::inject_add_to_cart_event: hit AddToCart
2024-01-27T13:32:03+00:00 DEBUG Tt4b_Pixel_Class::inject_add_to_cart_event: Missing option "access_token"
2024-01-27T13:32:08+00:00 DEBUG Tt4b_Pixel_Class::inject_add_to_cart_event: hit AddToCart
2024-01-27T13:32:08+00:00 DEBUG Tt4b_Pixel_Class::inject_add_to_cart_event: Missing option "access_token"
2024-01-27T13:32:08+00:00 DEBUG Tt4b_Pixel_Class::inject_view_content_event: hit ViewContent
2024-01-27T13:32:08+00:00 DEBUG Tt4b_Pixel_Class::inject_view_content_event: Missing option "access_token"
2024-01-27T13:32:31+00:00 DEBUG Tt4b_Pixel_Class::inject_add_to_cart_event: hit AddToCart
2024-01-27T13:32:31+00:00 DEBUG Tt4b_Pixel_Class::inject_add_to_cart_event: Missing option "access_token"
2024-01-27T13:32:31+00:00 DEBUG Tt4b_Pixel_Class::inject_view_content_event: hit ViewContent
2024-01-27T13:32:31+00:00 DEBUG Tt4b_Pixel_Class::inject_view_content_event: Missing option "access_token"
2024-01-27T13:32:34+00:00 DEBUG Tt4b_Pixel_Class::inject_view_content_event: hit ViewContent
2024-01-27T13:32:34+00:00 DEBUG Tt4b_Pixel_Class::inject_view_content_event: Missing option "access_token"
2024-01-27T13:32:37+00:00 DEBUG Tt4b_Pixel_Class::inject_view_content_event: hit ViewContent
2024-01-27T13:32:37+00:00 DEBUG Tt4b_Pixel_Class::inject_view_content_event: Missing option "access_token"
2024-01-27T13:32:40+00:00 DEBUG Tt4b_Pixel_Class::inject_view_content_event: hit ViewContent
2024-01-27T13:32:40+00:00 DEBUG Tt4b_Pixel_Class::inject_view_content_event: Missing option "access_token"
2024-01-27T13:32:42+00:00 DEBUG Tt4b_Pixel_Class::inject_view_content_event: hit ViewContent
2024-01-27T13:32:42+00:00 DEBUG Tt4b_Pixel_Class::inject_view_content_event: Missing option "access_token"
2024-01-27T13:32:44+00:00 DEBUG Tt4b_Pixel_Class::inject_view_content_event: hit ViewContent
2024-01-27T13:32:44+00:00 DEBUG Tt4b_Pixel_Class::inject_view_content_event: Missing option "access_token"
2024-01-27T13:32:47+00:00 DEBUG Tt4b_Pixel_Class::inject_view_content_event: hit ViewContent
2024-01-27T13:32:47+00:00 DEBUG Tt4b_Pixel_Class::inject_view_content_event: Missing option "access_token"
2024-01-27T13:32:50+00:00 DEBUG Tt4b_Pixel_Class::inject_view_content_event: hit ViewContent
2024-01-27T13:32:50+00:00 DEBUG Tt4b_Pixel_Class::inject_view_content_event: Missing option "access_token"
2024-01-27T13:32:53+00:00 DEBUG Tt4b_Pixel_Class::inject_view_content_event: hit ViewContent
2024-01-27T13:32:53+00:00 DEBUG Tt4b_Pixel_Class::inject_view_content_event: Missing option "access_token"
2024-01-27T13:32:56+00:00 DEBUG Tt4b_Pixel_Class::inject_view_content_event: hit ViewContent
2024-01-27T13:32:56+00:00 DEBUG Tt4b_Pixel_Class::inject_view_content_event: Missing option "access_token"
2024-01-27T13:32:56+00:00 DEBUG Tt4b_Pixel_Class::inject_view_content_event: hit ViewContent
2024-01-27T13:32:56+00:00 DEBUG Tt4b_Pixel_Class::inject_view_content_event: Missing option "access_token"
2024-01-27T13:32:58+00:00 DEBUG Tt4b_Pixel_Class::inject_add_to_cart_event: hit AddToCart
2024-01-27T13:32:58+00:00 DEBUG Tt4b_Pixel_Class::inject_add_to_cart_event: Missing option "access_token"
2024-01-27T13:32:58+00:00 DEBUG Tt4b_Pixel_Class::inject_view_content_event: hit ViewContent
2024-01-27T13:32:58+00:00 DEBUG Tt4b_Pixel_Class::inject_view_content_event: Missing option "access_token"
2024-01-27T13:33:00+00:00 DEBUG Tt4b_Pixel_Class::inject_view_content_event: hit ViewContent
2024-01-27T13:33:00+00:00 DEBUG Tt4b_Pixel_Class::inject_view_content_event: Missing option "access_token"
2024-01-27T13:33:02+00:00 DEBUG Tt4b_Pixel_Class::inject_view_content_event: hit ViewContent
2024-01-27T13:33:02+00:00 DEBUG Tt4b_Pixel_Class::inject_view_content_event: Missing option "access_token"
2024-01-27T13:33:07+00:00 DEBUG Tt4b_Pixel_Class::inject_view_content_event: hit ViewContent
2024-01-27T13:33:07+00:00 DEBUG Tt4b_Pixel_Class::inject_view_content_event: Missing option "access_token"
2024-01-27T13:33:11+00:00 DEBUG Tt4b_Pixel_Class::inject_view_content_event: hit ViewContent
2024-01-27T13:33:11+00:00 DEBUG Tt4b_Pixel_Class::inject_view_content_event: Missing option "access_token"
2024-01-27T13:33:14+00:00 DEBUG Tt4b_Pixel_Class::inject_view_content_event: hit ViewContent
2024-01-27T13:33:14+00:00 DEBUG Tt4b_Pixel_Class::inject_view_content_event: Missing option "access_token"
2024-01-27T13:33:17+00:00 DEBUG Tt4b_Pixel_Class::inject_view_content_event: hit ViewContent
2024-01-27T13:33:17+00:00 DEBUG Tt4b_Pixel_Class::inject_view_content_event: Missing option "access_token"
2024-01-27T13:33:20+00:00 DEBUG Tt4b_Pixel_Class::inject_view_content_event: hit ViewContent
2024-01-27T13:33:20+00:00 DEBUG Tt4b_Pixel_Class::inject_view_content_event: Missing option "access_token"
2024-01-27T13:33:23+00:00 DEBUG Tt4b_Pixel_Class::inject_view_content_event: hit ViewContent
2024-01-27T13:33:23+00:00 DEBUG Tt4b_Pixel_Class::inject_view_content_event: Missing option "access_token"
2024-01-27T13:33:26+00:00 DEBUG Tt4b_Pixel_Class::inject_view_content_event: hit ViewContent
2024-01-27T13:33:26+00:00 DEBUG Tt4b_Pixel_Class::inject_view_content_event: Missing option "access_token"
2024-01-27T13:33:49+00:00 DEBUG Tt4b_Pixel_Class::inject_view_content_event: hit ViewContent
2024-01-27T13:33:49+00:00 DEBUG Tt4b_Pixel_Class::inject_view_content_event: Missing option "access_token"
2024-01-27T13:34:01+00:00 DEBUG Tt4b_Pixel_Class::inject_view_content_event: hit ViewContent
2024-01-27T13:34:01+00:00 DEBUG Tt4b_Pixel_Class::inject_view_content_event: Missing option "access_token"
2024-01-27T13:34:28+00:00 DEBUG Tt4b_Pixel_Class::inject_view_content_event: hit ViewContent
2024-01-27T13:34:28+00:00 DEBUG Tt4b_Pixel_Class::inject_view_content_event: Missing option "access_token"
2024-01-27T13:34:40+00:00 DEBUG Tt4b_Pixel_Class::inject_view_content_event: hit ViewContent
2024-01-27T13:34:40+00:00 DEBUG Tt4b_Pixel_Class::inject_view_content_event: Missing option "access_token"
2024-01-27T13:35:04+00:00 DEBUG Tt4b_Pixel_Class::inject_add_to_cart_event: hit AddToCart
2024-01-27T13:35:04+00:00 DEBUG Tt4b_Pixel_Class::inject_add_to_cart_event: Missing option "access_token"
2024-01-27T13:35:12+00:00 DEBUG Tt4b_Pixel_Class::inject_view_content_event: hit ViewContent
2024-01-27T13:35:12+00:00 DEBUG Tt4b_Pixel_Class::inject_view_content_event: Missing option "access_token"
2024-01-27T13:35:14+00:00 DEBUG Tt4b_Pixel_Class::inject_add_to_cart_event: hit AddToCart
2024-01-27T13:35:14+00:00 DEBUG Tt4b_Pixel_Class::inject_add_to_cart_event: Missing option "access_token"
2024-01-27T13:35:15+00:00 DEBUG Tt4b_Pixel_Class::inject_view_content_event: hit ViewContent
2024-01-27T13:35:15+00:00 DEBUG Tt4b_Pixel_Class::inject_view_content_event: Missing option "access_token"
2024-01-27T13:35:19+00:00 DEBUG Tt4b_Pixel_Class::inject_view_content_event: hit ViewContent
2024-01-27T13:35:19+00:00 DEBUG Tt4b_Pixel_Class::inject_view_content_event: Missing option "access_token"
2024-01-27T13:35:22+00:00 DEBUG Tt4b_Pixel_Class::inject_view_content_event: hit ViewContent
2024-01-27T13:35:22+00:00 DEBUG Tt4b_Pixel_Class::inject_view_content_event: Missing option "access_token"
2024-01-27T13:35:24+00:00 DEBUG Tt4b_Pixel_Class::inject_view_content_event: hit ViewContent
2024-01-27T13:35:24+00:00 DEBUG Tt4b_Pixel_Class::inject_view_content_event: Missing option "access_token"
2024-01-27T13:35:27+00:00 DEBUG Tt4b_Pixel_Class::inject_view_content_event: hit ViewContent
2024-01-27T13:35:27+00:00 DEBUG Tt4b_Pixel_Class::inject_view_content_event: Missing option "access_token"
2024-01-27T13:35:28+00:00 DEBUG Tt4b_Pixel_Class::inject_add_to_cart_event: hit AddToCart
2024-01-27T13:35:28+00:00 DEBUG Tt4b_Pixel_Class::inject_add_to_cart_event: Missing option "access_token"
2024-01-27T13:35:29+00:00 DEBUG Tt4b_Pixel_Class::inject_view_content_event: hit ViewContent
2024-01-27T13:35:29+00:00 DEBUG Tt4b_Pixel_Class::inject_view_content_event: Missing option "access_token"
2024-01-27T13:35:33+00:00 DEBUG Tt4b_Pixel_Class::inject_add_to_cart_event: hit AddToCart
2024-01-27T13:35:33+00:00 DEBUG Tt4b_Pixel_Class::inject_add_to_cart_event: Missing option "access_token"
2024-01-27T13:35:36+00:00 DEBUG Tt4b_Pixel_Class::inject_add_to_cart_event: hit AddToCart
2024-01-27T13:35:36+00:00 DEBUG Tt4b_Pixel_Class::inject_add_to_cart_event: Missing option "access_token"
2024-01-27T13:35:39+00:00 DEBUG Tt4b_Pixel_Class::inject_view_content_event: hit ViewContent
2024-01-27T13:35:39+00:00 DEBUG Tt4b_Pixel_Class::inject_view_content_event: Missing option "access_token"
2024-01-27T13:35:43+00:00 DEBUG Tt4b_Pixel_Class::inject_add_to_cart_event: hit AddToCart
2024-01-27T13:35:43+00:00 DEBUG Tt4b_Pixel_Class::inject_add_to_cart_event: Missing option "access_token"
2024-01-27T13:35:46+00:00 DEBUG Tt4b_Pixel_Class::inject_add_to_cart_event: hit AddToCart
2024-01-27T13:35:46+00:00 DEBUG Tt4b_Pixel_Class::inject_add_to_cart_event: Missing option "access_token"
2024-01-27T13:35:50+00:00 DEBUG Tt4b_Pixel_Class::inject_add_to_cart_event: hit AddToCart
2024-01-27T13:35:50+00:00 DEBUG Tt4b_Pixel_Class::inject_add_to_cart_event: Missing option "access_token"
2024-01-27T13:35:52+00:00 DEBUG Tt4b_Pixel_Class::inject_add_to_cart_event: hit AddToCart
2024-01-27T13:35:52+00:00 DEBUG Tt4b_Pixel_Class::inject_add_to_cart_event: Missing option "access_token"
2024-01-27T13:35:54+00:00 DEBUG Tt4b_Pixel_Class::inject_add_to_cart_event: hit AddToCart
2024-01-27T13:35:54+00:00 DEBUG Tt4b_Pixel_Class::inject_add_to_cart_event: Missing option "access_token"
2024-01-27T13:35:57+00:00 DEBUG Tt4b_Pixel_Class::inject_add_to_cart_event: hit AddToCart
2024-01-27T13:35:57+00:00 DEBUG Tt4b_Pixel_Class::inject_add_to_cart_event: Missing option "access_token"
2024-01-27T13:36:03+00:00 DEBUG Tt4b_Pixel_Class::inject_view_content_event: hit ViewContent
2024-01-27T13:36:03+00:00 DEBUG Tt4b_Pixel_Class::inject_view_content_event: Missing option "access_token"
2024-01-27T13:36:27+00:00 DEBUG Tt4b_Pixel_Class::inject_view_content_event: hit ViewContent
2024-01-27T13:36:27+00:00 DEBUG Tt4b_Pixel_Class::inject_view_content_event: Missing option "access_token"
2024-01-27T13:36:46+00:00 DEBUG Tt4b_Pixel_Class::inject_view_content_event: hit ViewContent
2024-01-27T13:36:46+00:00 DEBUG Tt4b_Pixel_Class::inject_view_content_event: Missing option "access_token"
2024-01-27T13:36:59+00:00 DEBUG Tt4b_Pixel_Class::inject_view_content_event: hit ViewContent
2024-01-27T13:36:59+00:00 DEBUG Tt4b_Pixel_Class::inject_view_content_event: Missing option "access_token"
2024-01-27T13:37:02+00:00 DEBUG Tt4b_Pixel_Class::inject_add_to_cart_event: hit AddToCart
2024-01-27T13:37:02+00:00 DEBUG Tt4b_Pixel_Class::inject_add_to_cart_event: Missing option "access_token"
2024-01-27T13:37:33+00:00 DEBUG Tt4b_Pixel_Class::inject_view_content_event: hit ViewContent
2024-01-27T13:37:33+00:00 DEBUG Tt4b_Pixel_Class::inject_view_content_event: Missing option "access_token"
2024-01-27T13:37:40+00:00 DEBUG Tt4b_Pixel_Class::inject_view_content_event: hit ViewContent
2024-01-27T13:37:40+00:00 DEBUG Tt4b_Pixel_Class::inject_view_content_event: Missing option "access_token"
2024-01-27T13:37:46+00:00 DEBUG Tt4b_Pixel_Class::inject_add_to_cart_event: hit AddToCart
2024-01-27T13:37:46+00:00 DEBUG Tt4b_Pixel_Class::inject_add_to_cart_event: Missing option "access_token"
2024-01-27T13:38:25+00:00 DEBUG Tt4b_Pixel_Class::inject_view_content_event: hit ViewContent
2024-01-27T13:38:25+00:00 DEBUG Tt4b_Pixel_Class::inject_view_content_event: Missing option "access_token"
2024-01-27T13:38:27+00:00 DEBUG Tt4b_Pixel_Class::inject_view_content_event: hit ViewContent
2024-01-27T13:38:27+00:00 DEBUG Tt4b_Pixel_Class::inject_view_content_event: Missing option "access_token"
2024-01-27T13:39:05+00:00 DEBUG Tt4b_Pixel_Class::inject_view_content_event: hit ViewContent
2024-01-27T13:39:05+00:00 DEBUG Tt4b_Pixel_Class::inject_view_content_event: Missing option "access_token"
2024-01-27T13:39:23+00:00 DEBUG Tt4b_Pixel_Class::inject_view_content_event: hit ViewContent
2024-01-27T13:39:23+00:00 DEBUG Tt4b_Pixel_Class::inject_view_content_event: Missing option "access_token"
2024-01-27T13:39:40+00:00 DEBUG Tt4b_Pixel_Class::inject_view_content_event: hit ViewContent
2024-01-27T13:39:40+00:00 DEBUG Tt4b_Pixel_Class::inject_view_content_event: Missing option "access_token"
2024-01-27T13:39:42+00:00 DEBUG Tt4b_Pixel_Class::inject_view_content_event: hit ViewContent
2024-01-27T13:39:42+00:00 DEBUG Tt4b_Pixel_Class::inject_view_content_event: Missing option "access_token"
2024-01-27T13:40:09+00:00 DEBUG Tt4b_Pixel_Class::inject_view_content_event: hit ViewContent
2024-01-27T13:40:09+00:00 DEBUG Tt4b_Pixel_Class::inject_view_content_event: Missing option "access_token"
2024-01-27T13:40:17+00:00 DEBUG Tt4b_Pixel_Class::inject_view_content_event: hit ViewContent
2024-01-27T13:40:17+00:00 DEBUG Tt4b_Pixel_Class::inject_view_content_event: Missing option "access_token"
2024-01-27T13:40:32+00:00 DEBUG Tt4b_Pixel_Class::inject_view_content_event: hit ViewContent
2024-01-27T13:40:32+00:00 DEBUG Tt4b_Pixel_Class::inject_view_content_event: Missing option "access_token"
2024-01-27T13:40:35+00:00 DEBUG Tt4b_Pixel_Class::inject_view_content_event: hit ViewContent
2024-01-27T13:40:35+00:00 DEBUG Tt4b_Pixel_Class::inject_view_content_event: Missing option "access_token"
2024-01-27T13:40:39+00:00 DEBUG Tt4b_Pixel_Class::inject_view_content_event: hit ViewContent
2024-01-27T13:40:39+00:00 DEBUG Tt4b_Pixel_Class::inject_view_content_event: Missing option "access_token"
2024-01-27T13:40:43+00:00 DEBUG Tt4b_Pixel_Class::inject_view_content_event: hit ViewContent
2024-01-27T13:40:43+00:00 DEBUG Tt4b_Pixel_Class::inject_view_content_event: Missing option "access_token"
2024-01-27T13:40:45+00:00 DEBUG Tt4b_Pixel_Class::inject_view_content_event: hit ViewContent
2024-01-27T13:40:45+00:00 DEBUG Tt4b_Pixel_Class::inject_view_content_event: Missing option "access_token"
2024-01-27T13:40:48+00:00 DEBUG Tt4b_Pixel_Class::inject_view_content_event: hit ViewContent
2024-01-27T13:40:48+00:00 DEBUG Tt4b_Pixel_Class::inject_view_content_event: Missing option "access_token"
2024-01-27T13:40:51+00:00 DEBUG Tt4b_Pixel_Class::inject_view_content_event: hit ViewContent
2024-01-27T13:40:51+00:00 DEBUG Tt4b_Pixel_Class::inject_view_content_event: Missing option "access_token"
2024-01-27T13:40:55+00:00 DEBUG Tt4b_Pixel_Class::inject_view_content_event: hit ViewContent
2024-01-27T13:40:55+00:00 DEBUG Tt4b_Pixel_Class::inject_view_content_event: Missing option "access_token"
2024-01-27T13:40:55+00:00 DEBUG Tt4b_Pixel_Class::inject_view_content_event: hit ViewContent
2024-01-27T13:40:55+00:00 DEBUG Tt4b_Pixel_Class::inject_view_content_event: Missing option "access_token"
2024-01-27T13:41:01+00:00 DEBUG Tt4b_Pixel_Class::inject_view_content_event: hit ViewContent
2024-01-27T13:41:01+00:00 DEBUG Tt4b_Pixel_Class::inject_view_content_event: Missing option "access_token"
2024-01-27T13:41:03+00:00 DEBUG Tt4b_Pixel_Class::inject_view_content_event: hit ViewContent
2024-01-27T13:41:03+00:00 DEBUG Tt4b_Pixel_Class::inject_view_content_event: Missing option "access_token"
2024-01-27T13:41:07+00:00 DEBUG Tt4b_Pixel_Class::inject_view_content_event: hit ViewContent
2024-01-27T13:41:07+00:00 DEBUG Tt4b_Pixel_Class::inject_view_content_event: Missing option "access_token"
2024-01-27T13:41:10+00:00 DEBUG Tt4b_Pixel_Class::inject_view_content_event: hit ViewContent
2024-01-27T13:41:10+00:00 DEBUG Tt4b_Pixel_Class::inject_view_content_event: Missing option "access_token"
2024-01-27T13:41:14+00:00 DEBUG Tt4b_Pixel_Class::inject_view_content_event: hit ViewContent
2024-01-27T13:41:14+00:00 DEBUG Tt4b_Pixel_Class::inject_view_content_event: Missing option "access_token"
2024-01-27T13:41:17+00:00 DEBUG Tt4b_Pixel_Class::inject_view_content_event: hit ViewContent
2024-01-27T13:41:17+00:00 DEBUG Tt4b_Pixel_Class::inject_view_content_event: Missing option "access_token"
2024-01-27T13:41:17+00:00 DEBUG Tt4b_Pixel_Class::inject_add_to_cart_event: hit AddToCart
2024-01-27T13:41:17+00:00 DEBUG Tt4b_Pixel_Class::inject_add_to_cart_event: Missing option "access_token"
2024-01-27T13:41:19+00:00 DEBUG Tt4b_Pixel_Class::inject_view_content_event: hit ViewContent
2024-01-27T13:41:19+00:00 DEBUG Tt4b_Pixel_Class::inject_view_content_event: Missing option "access_token"
2024-01-27T13:41:21+00:00 DEBUG Tt4b_Pixel_Class::inject_view_content_event: hit ViewContent
2024-01-27T13:41:21+00:00 DEBUG Tt4b_Pixel_Class::inject_view_content_event: Missing option "access_token"
2024-01-27T13:41:39+00:00 DEBUG Tt4b_Pixel_Class::inject_view_content_event: hit ViewContent
2024-01-27T13:41:39+00:00 DEBUG Tt4b_Pixel_Class::inject_view_content_event: Missing option "access_token"
2024-01-27T13:41:43+00:00 DEBUG Tt4b_Pixel_Class::inject_view_content_event: hit ViewContent
2024-01-27T13:41:43+00:00 DEBUG Tt4b_Pixel_Class::inject_view_content_event: Missing option "access_token"
2024-01-27T13:41:52+00:00 DEBUG Tt4b_Pixel_Class::inject_add_to_cart_event: hit AddToCart
2024-01-27T13:41:52+00:00 DEBUG Tt4b_Pixel_Class::inject_add_to_cart_event: Missing option "access_token"
2024-01-27T13:41:54+00:00 DEBUG Tt4b_Pixel_Class::inject_add_to_cart_event: hit AddToCart
2024-01-27T13:41:54+00:00 DEBUG Tt4b_Pixel_Class::inject_add_to_cart_event: Missing option "access_token"
2024-01-27T13:41:59+00:00 DEBUG Tt4b_Pixel_Class::inject_add_to_cart_event: hit AddToCart
2024-01-27T13:41:59+00:00 DEBUG Tt4b_Pixel_Class::inject_add_to_cart_event: Missing option "access_token"
2024-01-27T13:42:01+00:00 DEBUG Tt4b_Pixel_Class::inject_add_to_cart_event: hit AddToCart
2024-01-27T13:42:01+00:00 DEBUG Tt4b_Pixel_Class::inject_add_to_cart_event: Missing option "access_token"
2024-01-27T13:42:09+00:00 DEBUG Tt4b_Pixel_Class::inject_add_to_cart_event: hit AddToCart
2024-01-27T13:42:09+00:00 DEBUG Tt4b_Pixel_Class::inject_add_to_cart_event: Missing option "access_token"
2024-01-27T13:42:11+00:00 DEBUG Tt4b_Pixel_Class::inject_add_to_cart_event: hit AddToCart
2024-01-27T13:42:11+00:00 DEBUG Tt4b_Pixel_Class::inject_add_to_cart_event: Missing option "access_token"
2024-01-27T13:42:11+00:00 DEBUG Tt4b_Pixel_Class::inject_view_content_event: hit ViewContent
2024-01-27T13:42:11+00:00 DEBUG Tt4b_Pixel_Class::inject_view_content_event: Missing option "access_token"
2024-01-27T13:42:14+00:00 DEBUG Tt4b_Pixel_Class::inject_view_content_event: hit ViewContent
2024-01-27T13:42:14+00:00 DEBUG Tt4b_Pixel_Class::inject_view_content_event: Missing option "access_token"
2024-01-27T13:42:38+00:00 DEBUG Tt4b_Pixel_Class::inject_view_content_event: hit ViewContent
2024-01-27T13:42:38+00:00 DEBUG Tt4b_Pixel_Class::inject_view_content_event: Missing option "access_token"
2024-01-27T13:42:43+00:00 DEBUG Tt4b_Pixel_Class::inject_add_to_cart_event: hit AddToCart
2024-01-27T13:42:43+00:00 DEBUG Tt4b_Pixel_Class::inject_add_to_cart_event: Missing option "access_token"
2024-01-27T13:42:50+00:00 DEBUG Tt4b_Pixel_Class::inject_view_content_event: hit ViewContent
2024-01-27T13:42:50+00:00 DEBUG Tt4b_Pixel_Class::inject_view_content_event: Missing option "access_token"
2024-01-27T13:43:02+00:00 DEBUG Tt4b_Pixel_Class::inject_view_content_event: hit ViewContent
2024-01-27T13:43:02+00:00 DEBUG Tt4b_Pixel_Class::inject_view_content_event: Missing option "access_token"
2024-01-27T13:43:29+00:00 DEBUG Tt4b_Pixel_Class::inject_add_to_cart_event: hit AddToCart
2024-01-27T13:43:29+00:00 DEBUG Tt4b_Pixel_Class::inject_add_to_cart_event: Missing option "access_token"
2024-01-27T13:43:29+00:00 DEBUG Tt4b_Pixel_Class::inject_view_content_event: hit ViewContent
2024-01-27T13:43:29+00:00 DEBUG Tt4b_Pixel_Class::inject_view_content_event: Missing option "access_token"
2024-01-27T13:43:35+00:00 DEBUG Tt4b_Pixel_Class::inject_view_content_event: hit ViewContent
2024-01-27T13:43:35+00:00 DEBUG Tt4b_Pixel_Class::inject_view_content_event: Missing option "access_token"
2024-01-27T13:43:38+00:00 DEBUG Tt4b_Pixel_Class::inject_view_content_event: hit ViewContent
2024-01-27T13:43:38+00:00 DEBUG Tt4b_Pixel_Class::inject_view_content_event: Missing option "access_token"
2024-01-27T13:43:41+00:00 DEBUG Tt4b_Pixel_Class::inject_view_content_event: hit ViewContent
2024-01-27T13:43:41+00:00 DEBUG Tt4b_Pixel_Class::inject_view_content_event: Missing option "access_token"
2024-01-27T13:43:44+00:00 DEBUG Tt4b_Pixel_Class::inject_view_content_event: hit ViewContent
2024-01-27T13:43:44+00:00 DEBUG Tt4b_Pixel_Class::inject_view_content_event: Missing option "access_token"
2024-01-27T13:43:51+00:00 DEBUG Tt4b_Pixel_Class::inject_view_content_event: hit ViewContent
2024-01-27T13:43:51+00:00 DEBUG Tt4b_Pixel_Class::inject_view_content_event: Missing option "access_token"
2024-01-27T13:44:19+00:00 DEBUG Tt4b_Pixel_Class::inject_add_to_cart_event: hit AddToCart
2024-01-27T13:44:19+00:00 DEBUG Tt4b_Pixel_Class::inject_add_to_cart_event: Missing option "access_token"
2024-01-27T13:44:25+00:00 DEBUG Tt4b_Pixel_Class::inject_view_content_event: hit ViewContent
2024-01-27T13:44:25+00:00 DEBUG Tt4b_Pixel_Class::inject_view_content_event: Missing option "access_token"
2024-01-27T13:44:28+00:00 DEBUG Tt4b_Pixel_Class::inject_view_content_event: hit ViewContent
2024-01-27T13:44:28+00:00 DEBUG Tt4b_Pixel_Class::inject_view_content_event: Missing option "access_token"
2024-01-27T13:44:31+00:00 DEBUG Tt4b_Pixel_Class::inject_view_content_event: hit ViewContent
2024-01-27T13:44:31+00:00 DEBUG Tt4b_Pixel_Class::inject_view_content_event: Missing option "access_token"
2024-01-27T13:44:35+00:00 DEBUG Tt4b_Pixel_Class::inject_view_content_event: hit ViewContent
2024-01-27T13:44:35+00:00 DEBUG Tt4b_Pixel_Class::inject_view_content_event: Missing option "access_token"
2024-01-27T13:44:37+00:00 DEBUG Tt4b_Pixel_Class::inject_view_content_event: hit ViewContent
2024-01-27T13:44:37+00:00 DEBUG Tt4b_Pixel_Class::inject_view_content_event: Missing option "access_token"
2024-01-27T13:44:38+00:00 DEBUG Tt4b_Pixel_Class::inject_add_to_cart_event: hit AddToCart
2024-01-27T13:44:38+00:00 DEBUG Tt4b_Pixel_Class::inject_add_to_cart_event: Missing option "access_token"
2024-01-27T13:44:38+00:00 DEBUG Tt4b_Pixel_Class::inject_view_content_event: hit ViewContent
2024-01-27T13:44:38+00:00 DEBUG Tt4b_Pixel_Class::inject_view_content_event: Missing option "access_token"
2024-01-27T13:44:41+00:00 DEBUG Tt4b_Pixel_Class::inject_view_content_event: hit ViewContent
2024-01-27T13:44:41+00:00 DEBUG Tt4b_Pixel_Class::inject_view_content_event: Missing option "access_token"
2024-01-27T13:44:41+00:00 DEBUG Tt4b_Pixel_Class::inject_add_to_cart_event: hit AddToCart
2024-01-27T13:44:41+00:00 DEBUG Tt4b_Pixel_Class::inject_add_to_cart_event: Missing option "access_token"
2024-01-27T13:44:46+00:00 DEBUG Tt4b_Pixel_Class::inject_add_to_cart_event: hit AddToCart
2024-01-27T13:44:46+00:00 DEBUG Tt4b_Pixel_Class::inject_add_to_cart_event: Missing option "access_token"
2024-01-27T13:44:49+00:00 DEBUG Tt4b_Pixel_Class::inject_view_content_event: hit ViewContent
2024-01-27T13:44:49+00:00 DEBUG Tt4b_Pixel_Class::inject_view_content_event: Missing option "access_token"
2024-01-27T13:44:53+00:00 DEBUG Tt4b_Pixel_Class::inject_add_to_cart_event: hit AddToCart
2024-01-27T13:44:53+00:00 DEBUG Tt4b_Pixel_Class::inject_add_to_cart_event: Missing option "access_token"
2024-01-27T13:45:22+00:00 DEBUG Tt4b_Pixel_Class::inject_add_to_cart_event: hit AddToCart
2024-01-27T13:45:22+00:00 DEBUG Tt4b_Pixel_Class::inject_add_to_cart_event: Missing option "access_token"
2024-01-27T13:45:26+00:00 DEBUG Tt4b_Pixel_Class::inject_view_content_event: hit ViewContent
2024-01-27T13:45:26+00:00 DEBUG Tt4b_Pixel_Class::inject_view_content_event: Missing option "access_token"
2024-01-27T13:45:36+00:00 DEBUG Tt4b_Pixel_Class::inject_add_to_cart_event: hit AddToCart
2024-01-27T13:45:36+00:00 DEBUG Tt4b_Pixel_Class::inject_add_to_cart_event: Missing option "access_token"
2024-01-27T13:45:40+00:00 DEBUG Tt4b_Pixel_Class::inject_view_content_event: hit ViewContent
2024-01-27T13:45:40+00:00 DEBUG Tt4b_Pixel_Class::inject_view_content_event: Missing option "access_token"
2024-01-27T13:45:59+00:00 DEBUG Tt4b_Pixel_Class::inject_add_to_cart_event: hit AddToCart
2024-01-27T13:45:59+00:00 DEBUG Tt4b_Pixel_Class::inject_add_to_cart_event: Missing option "access_token"
2024-01-27T13:46:14+00:00 DEBUG Tt4b_Pixel_Class::inject_add_to_cart_event: hit AddToCart
2024-01-27T13:46:14+00:00 DEBUG Tt4b_Pixel_Class::inject_add_to_cart_event: Missing option "access_token"
2024-01-27T13:46:20+00:00 DEBUG Tt4b_Pixel_Class::inject_view_content_event: hit ViewContent
2024-01-27T13:46:20+00:00 DEBUG Tt4b_Pixel_Class::inject_view_content_event: Missing option "access_token"
2024-01-27T13:46:30+00:00 DEBUG Tt4b_Pixel_Class::inject_add_to_cart_event: hit AddToCart
2024-01-27T13:46:30+00:00 DEBUG Tt4b_Pixel_Class::inject_add_to_cart_event: Missing option "access_token"
2024-01-27T13:46:32+00:00 DEBUG Tt4b_Pixel_Class::inject_view_content_event: hit ViewContent
2024-01-27T13:46:32+00:00 DEBUG Tt4b_Pixel_Class::inject_view_content_event: Missing option "access_token"
2024-01-27T13:46:34+00:00 DEBUG Tt4b_Pixel_Class::inject_add_to_cart_event: hit AddToCart
2024-01-27T13:46:34+00:00 DEBUG Tt4b_Pixel_Class::inject_add_to_cart_event: Missing option "access_token"
2024-01-27T13:46:39+00:00 DEBUG Tt4b_Pixel_Class::inject_add_to_cart_event: hit AddToCart
2024-01-27T13:46:39+00:00 DEBUG Tt4b_Pixel_Class::inject_add_to_cart_event: Missing option "access_token"
2024-01-27T13:46:42+00:00 DEBUG Tt4b_Pixel_Class::inject_add_to_cart_event: hit AddToCart
2024-01-27T13:46:42+00:00 DEBUG Tt4b_Pixel_Class::inject_add_to_cart_event: Missing option "access_token"
2024-01-27T13:46:47+00:00 DEBUG Tt4b_Pixel_Class::inject_add_to_cart_event: hit AddToCart
2024-01-27T13:46:47+00:00 DEBUG Tt4b_Pixel_Class::inject_add_to_cart_event: Missing option "access_token"
2024-01-27T13:46:50+00:00 DEBUG Tt4b_Pixel_Class::inject_add_to_cart_event: hit AddToCart
2024-01-27T13:46:50+00:00 DEBUG Tt4b_Pixel_Class::inject_add_to_cart_event: Missing option "access_token"
2024-01-27T13:46:59+00:00 DEBUG Tt4b_Pixel_Class::inject_add_to_cart_event: hit AddToCart
2024-01-27T13:46:59+00:00 DEBUG Tt4b_Pixel_Class::inject_add_to_cart_event: Missing option "access_token"
2024-01-27T13:47:01+00:00 DEBUG Tt4b_Pixel_Class::inject_view_content_event: hit ViewContent
2024-01-27T13:47:01+00:00 DEBUG Tt4b_Pixel_Class::inject_view_content_event: Missing option "access_token"
2024-01-27T13:47:01+00:00 DEBUG Tt4b_Pixel_Class::inject_add_to_cart_event: hit AddToCart
2024-01-27T13:47:01+00:00 DEBUG Tt4b_Pixel_Class::inject_add_to_cart_event: Missing option "access_token"
2024-01-27T13:47:03+00:00 DEBUG Tt4b_Pixel_Class::inject_view_content_event: hit ViewContent
2024-01-27T13:47:03+00:00 DEBUG Tt4b_Pixel_Class::inject_view_content_event: Missing option "access_token"
2024-01-27T13:47:06+00:00 DEBUG Tt4b_Pixel_Class::inject_view_content_event: hit ViewContent
2024-01-27T13:47:06+00:00 DEBUG Tt4b_Pixel_Class::inject_view_content_event: Missing option "access_token"
2024-01-27T13:47:07+00:00 DEBUG Tt4b_Pixel_Class::inject_add_to_cart_event: hit AddToCart
2024-01-27T13:47:07+00:00 DEBUG Tt4b_Pixel_Class::inject_add_to_cart_event: Missing option "access_token"
2024-01-27T13:47:09+00:00 DEBUG Tt4b_Pixel_Class::inject_add_to_cart_event: hit AddToCart
2024-01-27T13:47:09+00:00 DEBUG Tt4b_Pixel_Class::inject_add_to_cart_event: Missing option "access_token"
2024-01-27T13:47:10+00:00 DEBUG Tt4b_Pixel_Class::inject_view_content_event: hit ViewContent
2024-01-27T13:47:10+00:00 DEBUG Tt4b_Pixel_Class::inject_view_content_event: Missing option "access_token"
2024-01-27T13:47:14+00:00 DEBUG Tt4b_Pixel_Class::inject_view_content_event: hit ViewContent
2024-01-27T13:47:14+00:00 DEBUG Tt4b_Pixel_Class::inject_view_content_event: Missing option "access_token"
2024-01-27T13:47:14+00:00 DEBUG Tt4b_Pixel_Class::inject_add_to_cart_event: hit AddToCart
2024-01-27T13:47:14+00:00 DEBUG Tt4b_Pixel_Class::inject_add_to_cart_event: Missing option "access_token"
2024-01-27T13:47:14+00:00 DEBUG Tt4b_Pixel_Class::inject_view_content_event: hit ViewContent
2024-01-27T13:47:14+00:00 DEBUG Tt4b_Pixel_Class::inject_view_content_event: Missing option "access_token"
2024-01-27T13:47:18+00:00 DEBUG Tt4b_Pixel_Class::inject_view_content_event: hit ViewContent
2024-01-27T13:47:18+00:00 DEBUG Tt4b_Pixel_Class::inject_view_content_event: Missing option "access_token"
2024-01-27T13:47:41+00:00 DEBUG Tt4b_Pixel_Class::inject_add_to_cart_event: hit AddToCart
2024-01-27T13:47:41+00:00 DEBUG Tt4b_Pixel_Class::inject_add_to_cart_event: Missing option "access_token"
2024-01-27T13:47:52+00:00 DEBUG Tt4b_Pixel_Class::inject_view_content_event: hit ViewContent
2024-01-27T13:47:52+00:00 DEBUG Tt4b_Pixel_Class::inject_view_content_event: Missing option "access_token"
2024-01-27T13:47:56+00:00 DEBUG Tt4b_Pixel_Class::inject_view_content_event: hit ViewContent
2024-01-27T13:47:56+00:00 DEBUG Tt4b_Pixel_Class::inject_view_content_event: Missing option "access_token"
2024-01-27T13:48:04+00:00 DEBUG Tt4b_Pixel_Class::inject_add_to_cart_event: hit AddToCart
2024-01-27T13:48:04+00:00 DEBUG Tt4b_Pixel_Class::inject_add_to_cart_event: Missing option "access_token"
2024-01-27T13:48:13+00:00 DEBUG Tt4b_Pixel_Class::inject_add_to_cart_event: hit AddToCart
2024-01-27T13:48:13+00:00 DEBUG Tt4b_Pixel_Class::inject_add_to_cart_event: Missing option "access_token"
2024-01-27T13:48:13+00:00 DEBUG Tt4b_Pixel_Class::inject_view_content_event: hit ViewContent
2024-01-27T13:48:13+00:00 DEBUG Tt4b_Pixel_Class::inject_view_content_event: Missing option "access_token"
2024-01-27T13:48:24+00:00 DEBUG Tt4b_Pixel_Class::inject_add_to_cart_event: hit AddToCart
2024-01-27T13:48:24+00:00 DEBUG Tt4b_Pixel_Class::inject_add_to_cart_event: Missing option "access_token"
2024-01-27T13:48:42+00:00 DEBUG Tt4b_Pixel_Class::inject_view_content_event: hit ViewContent
2024-01-27T13:48:42+00:00 DEBUG Tt4b_Pixel_Class::inject_view_content_event: Missing option "access_token"
2024-01-27T13:48:45+00:00 DEBUG Tt4b_Pixel_Class::inject_view_content_event: hit ViewContent
2024-01-27T13:48:45+00:00 DEBUG Tt4b_Pixel_Class::inject_view_content_event: Missing option "access_token"
2024-01-27T13:48:49+00:00 DEBUG Tt4b_Pixel_Class::inject_add_to_cart_event: hit AddToCart
2024-01-27T13:48:49+00:00 DEBUG Tt4b_Pixel_Class::inject_add_to_cart_event: Missing option "access_token"
2024-01-27T13:48:56+00:00 DEBUG Tt4b_Pixel_Class::inject_add_to_cart_event: hit AddToCart
2024-01-27T13:48:56+00:00 DEBUG Tt4b_Pixel_Class::inject_add_to_cart_event: Missing option "access_token"
2024-01-27T13:48:56+00:00 DEBUG Tt4b_Pixel_Class::inject_view_content_event: hit ViewContent
2024-01-27T13:48:56+00:00 DEBUG Tt4b_Pixel_Class::inject_view_content_event: Missing option "access_token"
2024-01-27T13:49:12+00:00 DEBUG Tt4b_Pixel_Class::inject_add_to_cart_event: hit AddToCart
2024-01-27T13:49:12+00:00 DEBUG Tt4b_Pixel_Class::inject_add_to_cart_event: Missing option "access_token"
2024-01-27T13:49:15+00:00 DEBUG Tt4b_Pixel_Class::inject_add_to_cart_event: hit AddToCart
2024-01-27T13:49:15+00:00 DEBUG Tt4b_Pixel_Class::inject_add_to_cart_event: Missing option "access_token"
2024-01-27T13:49:17+00:00 DEBUG Tt4b_Pixel_Class::inject_add_to_cart_event: hit AddToCart
2024-01-27T13:49:17+00:00 DEBUG Tt4b_Pixel_Class::inject_add_to_cart_event: Missing option "access_token"
2024-01-27T13:49:20+00:00 DEBUG Tt4b_Pixel_Class::inject_add_to_cart_event: hit AddToCart
2024-01-27T13:49:20+00:00 DEBUG Tt4b_Pixel_Class::inject_add_to_cart_event: Missing option "access_token"
2024-01-27T13:49:26+00:00 DEBUG Tt4b_Pixel_Class::inject_view_content_event: hit ViewContent
2024-01-27T13:49:26+00:00 DEBUG Tt4b_Pixel_Class::inject_view_content_event: Missing option "access_token"
2024-01-27T13:49:29+00:00 DEBUG Tt4b_Pixel_Class::inject_view_content_event: hit ViewContent
2024-01-27T13:49:29+00:00 DEBUG Tt4b_Pixel_Class::inject_view_content_event: Missing option "access_token"
2024-01-27T13:49:29+00:00 DEBUG Tt4b_Pixel_Class::inject_view_content_event: hit ViewContent
2024-01-27T13:49:29+00:00 DEBUG Tt4b_Pixel_Class::inject_view_content_event: Missing option "access_token"
2024-01-27T13:49:32+00:00 DEBUG Tt4b_Pixel_Class::inject_view_content_event: hit ViewContent
2024-01-27T13:49:32+00:00 DEBUG Tt4b_Pixel_Class::inject_view_content_event: Missing option "access_token"
2024-01-27T13:49:35+00:00 DEBUG Tt4b_Pixel_Class::inject_add_to_cart_event: hit AddToCart
2024-01-27T13:49:35+00:00 DEBUG Tt4b_Pixel_Class::inject_add_to_cart_event: Missing option "access_token"
2024-01-27T13:49:35+00:00 DEBUG Tt4b_Pixel_Class::inject_view_content_event: hit ViewContent
2024-01-27T13:49:35+00:00 DEBUG Tt4b_Pixel_Class::inject_view_content_event: Missing option "access_token"
2024-01-27T13:49:46+00:00 DEBUG Tt4b_Pixel_Class::inject_view_content_event: hit ViewContent
2024-01-27T13:49:46+00:00 DEBUG Tt4b_Pixel_Class::inject_view_content_event: Missing option "access_token"
2024-01-27T13:50:05+00:00 DEBUG Tt4b_Pixel_Class::inject_add_to_cart_event: hit AddToCart
2024-01-27T13:50:05+00:00 DEBUG Tt4b_Pixel_Class::inject_add_to_cart_event: Missing option "access_token"
2024-01-27T13:50:21+00:00 DEBUG Tt4b_Pixel_Class::inject_add_to_cart_event: hit AddToCart
2024-01-27T13:50:21+00:00 DEBUG Tt4b_Pixel_Class::inject_add_to_cart_event: Missing option "access_token"
2024-01-27T13:50:23+00:00 DEBUG Tt4b_Pixel_Class::inject_view_content_event: hit ViewContent
2024-01-27T13:50:23+00:00 DEBUG Tt4b_Pixel_Class::inject_view_content_event: Missing option "access_token"
2024-01-27T13:50:28+00:00 DEBUG Tt4b_Pixel_Class::inject_add_to_cart_event: hit AddToCart
2024-01-27T13:50:28+00:00 DEBUG Tt4b_Pixel_Class::inject_add_to_cart_event: Missing option "access_token"
2024-01-27T13:50:28+00:00 DEBUG Tt4b_Pixel_Class::inject_view_content_event: hit ViewContent
2024-01-27T13:50:28+00:00 DEBUG Tt4b_Pixel_Class::inject_view_content_event: Missing option "access_token"
2024-01-27T13:50:30+00:00 DEBUG Tt4b_Pixel_Class::inject_view_content_event: hit ViewContent
2024-01-27T13:50:30+00:00 DEBUG Tt4b_Pixel_Class::inject_view_content_event: Missing option "access_token"
2024-01-27T13:50:31+00:00 DEBUG Tt4b_Pixel_Class::inject_view_content_event: hit ViewContent
2024-01-27T13:50:31+00:00 DEBUG Tt4b_Pixel_Class::inject_view_content_event: Missing option "access_token"
2024-01-27T13:50:34+00:00 DEBUG Tt4b_Pixel_Class::inject_view_content_event: hit ViewContent
2024-01-27T13:50:34+00:00 DEBUG Tt4b_Pixel_Class::inject_view_content_event: Missing option "access_token"
2024-01-27T13:50:36+00:00 DEBUG Tt4b_Pixel_Class::inject_view_content_event: hit ViewContent
2024-01-27T13:50:36+00:00 DEBUG Tt4b_Pixel_Class::inject_view_content_event: Missing option "access_token"
2024-01-27T13:50:42+00:00 DEBUG Tt4b_Pixel_Class::inject_view_content_event: hit ViewContent
2024-01-27T13:50:42+00:00 DEBUG Tt4b_Pixel_Class::inject_view_content_event: Missing option "access_token"
2024-01-27T13:50:45+00:00 DEBUG Tt4b_Pixel_Class::inject_view_content_event: hit ViewContent
2024-01-27T13:50:45+00:00 DEBUG Tt4b_Pixel_Class::inject_view_content_event: Missing option "access_token"
2024-01-27T13:50:50+00:00 DEBUG Tt4b_Pixel_Class::inject_add_to_cart_event: hit AddToCart
2024-01-27T13:50:50+00:00 DEBUG Tt4b_Pixel_Class::inject_add_to_cart_event: Missing option "access_token"
2024-01-27T13:50:50+00:00 DEBUG Tt4b_Pixel_Class::inject_view_content_event: hit ViewContent
2024-01-27T13:50:50+00:00 DEBUG Tt4b_Pixel_Class::inject_view_content_event: Missing option "access_token"
2024-01-27T13:50:53+00:00 DEBUG Tt4b_Pixel_Class::inject_add_to_cart_event: hit AddToCart
2024-01-27T13:50:53+00:00 DEBUG Tt4b_Pixel_Class::inject_add_to_cart_event: Missing option "access_token"
2024-01-27T13:50:58+00:00 DEBUG Tt4b_Pixel_Class::inject_add_to_cart_event: hit AddToCart
2024-01-27T13:50:58+00:00 DEBUG Tt4b_Pixel_Class::inject_add_to_cart_event: Missing option "access_token"
2024-01-27T13:51:01+00:00 DEBUG Tt4b_Pixel_Class::inject_add_to_cart_event: hit AddToCart
2024-01-27T13:51:01+00:00 DEBUG Tt4b_Pixel_Class::inject_add_to_cart_event: Missing option "access_token"
2024-01-27T13:51:04+00:00 DEBUG Tt4b_Pixel_Class::inject_add_to_cart_event: hit AddToCart
2024-01-27T13:51:04+00:00 DEBUG Tt4b_Pixel_Class::inject_add_to_cart_event: Missing option "access_token"
2024-01-27T13:51:06+00:00 DEBUG Tt4b_Pixel_Class::inject_add_to_cart_event: hit AddToCart
2024-01-27T13:51:06+00:00 DEBUG Tt4b_Pixel_Class::inject_add_to_cart_event: Missing option "access_token"
2024-01-27T13:51:09+00:00 DEBUG Tt4b_Pixel_Class::inject_add_to_cart_event: hit AddToCart
2024-01-27T13:51:09+00:00 DEBUG Tt4b_Pixel_Class::inject_add_to_cart_event: Missing option "access_token"
2024-01-27T13:51:11+00:00 DEBUG Tt4b_Pixel_Class::inject_view_content_event: hit ViewContent
2024-01-27T13:51:11+00:00 DEBUG Tt4b_Pixel_Class::inject_view_content_event: Missing option "access_token"
2024-01-27T13:51:21+00:00 DEBUG Tt4b_Pixel_Class::inject_view_content_event: hit ViewContent
2024-01-27T13:51:21+00:00 DEBUG Tt4b_Pixel_Class::inject_view_content_event: Missing option "access_token"
2024-01-27T13:51:23+00:00 DEBUG Tt4b_Pixel_Class::inject_view_content_event: hit ViewContent
2024-01-27T13:51:23+00:00 DEBUG Tt4b_Pixel_Class::inject_view_content_event: Missing option "access_token"
2024-01-27T13:51:26+00:00 DEBUG Tt4b_Pixel_Class::inject_view_content_event: hit ViewContent
2024-01-27T13:51:26+00:00 DEBUG Tt4b_Pixel_Class::inject_view_content_event: Missing option "access_token"
2024-01-27T13:51:28+00:00 DEBUG Tt4b_Pixel_Class::inject_view_content_event: hit ViewContent
2024-01-27T13:51:28+00:00 DEBUG Tt4b_Pixel_Class::inject_view_content_event: Missing option "access_token"
2024-01-27T13:51:31+00:00 DEBUG Tt4b_Pixel_Class::inject_view_content_event: hit ViewContent
2024-01-27T13:51:31+00:00 DEBUG Tt4b_Pixel_Class::inject_view_content_event: Missing option "access_token"
2024-01-27T13:51:31+00:00 DEBUG Tt4b_Pixel_Class::inject_view_content_event: hit ViewContent
2024-01-27T13:51:31+00:00 DEBUG Tt4b_Pixel_Class::inject_view_content_event: Missing option "access_token"
2024-01-27T13:51:44+00:00 DEBUG Tt4b_Pixel_Class::inject_view_content_event: hit ViewContent
2024-01-27T13:51:44+00:00 DEBUG Tt4b_Pixel_Class::inject_view_content_event: Missing option "access_token"
2024-01-27T13:51:52+00:00 DEBUG Tt4b_Pixel_Class::inject_view_content_event: hit ViewContent
2024-01-27T13:51:52+00:00 DEBUG Tt4b_Pixel_Class::inject_view_content_event: Missing option "access_token"
2024-01-27T13:51:53+00:00 DEBUG Tt4b_Pixel_Class::inject_add_to_cart_event: hit AddToCart
2024-01-27T13:51:53+00:00 DEBUG Tt4b_Pixel_Class::inject_add_to_cart_event: Missing option "access_token"
2024-01-27T13:51:54+00:00 DEBUG Tt4b_Pixel_Class::inject_view_content_event: hit ViewContent
2024-01-27T13:51:54+00:00 DEBUG Tt4b_Pixel_Class::inject_view_content_event: Missing option "access_token"
2024-01-27T13:51:57+00:00 DEBUG Tt4b_Pixel_Class::inject_add_to_cart_event: hit AddToCart
2024-01-27T13:51:57+00:00 DEBUG Tt4b_Pixel_Class::inject_add_to_cart_event: Missing option "access_token"
2024-01-27T13:51:58+00:00 DEBUG Tt4b_Pixel_Class::inject_view_content_event: hit ViewContent
2024-01-27T13:51:58+00:00 DEBUG Tt4b_Pixel_Class::inject_view_content_event: Missing option "access_token"
2024-01-27T13:51:59+00:00 DEBUG Tt4b_Pixel_Class::inject_add_to_cart_event: hit AddToCart
2024-01-27T13:51:59+00:00 DEBUG Tt4b_Pixel_Class::inject_add_to_cart_event: Missing option "access_token"
2024-01-27T13:52:01+00:00 DEBUG Tt4b_Pixel_Class::inject_view_content_event: hit ViewContent
2024-01-27T13:52:01+00:00 DEBUG Tt4b_Pixel_Class::inject_view_content_event: Missing option "access_token"
2024-01-27T13:52:03+00:00 DEBUG Tt4b_Pixel_Class::inject_view_content_event: hit ViewContent
2024-01-27T13:52:03+00:00 DEBUG Tt4b_Pixel_Class::inject_view_content_event: Missing option "access_token"
2024-01-27T13:52:07+00:00 DEBUG Tt4b_Pixel_Class::inject_view_content_event: hit ViewContent
2024-01-27T13:52:07+00:00 DEBUG Tt4b_Pixel_Class::inject_view_content_event: Missing option "access_token"
2024-01-27T13:52:10+00:00 DEBUG Tt4b_Pixel_Class::inject_view_content_event: hit ViewContent
2024-01-27T13:52:10+00:00 DEBUG Tt4b_Pixel_Class::inject_view_content_event: Missing option "access_token"
2024-01-27T13:52:13+00:00 DEBUG Tt4b_Pixel_Class::inject_view_content_event: hit ViewContent
2024-01-27T13:52:13+00:00 DEBUG Tt4b_Pixel_Class::inject_view_content_event: Missing option "access_token"
2024-01-27T13:52:13+00:00 DEBUG Tt4b_Pixel_Class::inject_view_content_event: hit ViewContent
2024-01-27T13:52:13+00:00 DEBUG Tt4b_Pixel_Class::inject_view_content_event: Missing option "access_token"
2024-01-27T13:52:15+00:00 DEBUG Tt4b_Pixel_Class::inject_view_content_event: hit ViewContent
2024-01-27T13:52:15+00:00 DEBUG Tt4b_Pixel_Class::inject_view_content_event: Missing option "access_token"
2024-01-27T13:52:19+00:00 DEBUG Tt4b_Pixel_Class::inject_view_content_event: hit ViewContent
2024-01-27T13:52:19+00:00 DEBUG Tt4b_Pixel_Class::inject_view_content_event: Missing option "access_token"
2024-01-27T13:52:22+00:00 DEBUG Tt4b_Pixel_Class::inject_view_content_event: hit ViewContent
2024-01-27T13:52:22+00:00 DEBUG Tt4b_Pixel_Class::inject_view_content_event: Missing option "access_token"
2024-01-27T13:52:35+00:00 DEBUG Tt4b_Pixel_Class::inject_view_content_event: hit ViewContent
2024-01-27T13:52:35+00:00 DEBUG Tt4b_Pixel_Class::inject_view_content_event: Missing option "access_token"
2024-01-27T13:52:40+00:00 DEBUG Tt4b_Pixel_Class::inject_add_to_cart_event: hit AddToCart
2024-01-27T13:52:40+00:00 DEBUG Tt4b_Pixel_Class::inject_add_to_cart_event: Missing option "access_token"
2024-01-27T13:52:49+00:00 DEBUG Tt4b_Pixel_Class::inject_add_to_cart_event: hit AddToCart
2024-01-27T13:52:49+00:00 DEBUG Tt4b_Pixel_Class::inject_add_to_cart_event: Missing option "access_token"
2024-01-27T13:52:49+00:00 DEBUG Tt4b_Pixel_Class::inject_add_to_cart_event: hit AddToCart
2024-01-27T13:52:49+00:00 DEBUG Tt4b_Pixel_Class::inject_add_to_cart_event: Missing option "access_token"
2024-01-27T13:52:51+00:00 DEBUG Tt4b_Pixel_Class::inject_add_to_cart_event: hit AddToCart
2024-01-27T13:52:51+00:00 DEBUG Tt4b_Pixel_Class::inject_add_to_cart_event: Missing option "access_token"
2024-01-27T13:52:53+00:00 DEBUG Tt4b_Pixel_Class::inject_add_to_cart_event: hit AddToCart
2024-01-27T13:52:53+00:00 DEBUG Tt4b_Pixel_Class::inject_add_to_cart_event: Missing option "access_token"
2024-01-27T13:52:56+00:00 DEBUG Tt4b_Pixel_Class::inject_add_to_cart_event: hit AddToCart
2024-01-27T13:52:56+00:00 DEBUG Tt4b_Pixel_Class::inject_add_to_cart_event: Missing option "access_token"
2024-01-27T13:52:58+00:00 DEBUG Tt4b_Pixel_Class::inject_add_to_cart_event: hit AddToCart
2024-01-27T13:52:58+00:00 DEBUG Tt4b_Pixel_Class::inject_add_to_cart_event: Missing option "access_token"
2024-01-27T13:53:00+00:00 DEBUG Tt4b_Pixel_Class::inject_view_content_event: hit ViewContent
2024-01-27T13:53:00+00:00 DEBUG Tt4b_Pixel_Class::inject_view_content_event: Missing option "access_token"
2024-01-27T13:53:00+00:00 DEBUG Tt4b_Pixel_Class::inject_add_to_cart_event: hit AddToCart
2024-01-27T13:53:00+00:00 DEBUG Tt4b_Pixel_Class::inject_add_to_cart_event: Missing option "access_token"
2024-01-27T13:53:11+00:00 DEBUG Tt4b_Pixel_Class::inject_view_content_event: hit ViewContent
2024-01-27T13:53:11+00:00 DEBUG Tt4b_Pixel_Class::inject_view_content_event: Missing option "access_token"
2024-01-27T13:53:22+00:00 DEBUG Tt4b_Pixel_Class::inject_view_content_event: hit ViewContent
2024-01-27T13:53:22+00:00 DEBUG Tt4b_Pixel_Class::inject_view_content_event: Missing option "access_token"
2024-01-27T13:53:25+00:00 DEBUG Tt4b_Pixel_Class::inject_add_to_cart_event: hit AddToCart
2024-01-27T13:53:25+00:00 DEBUG Tt4b_Pixel_Class::inject_add_to_cart_event: Missing option "access_token"
2024-01-27T13:53:30+00:00 DEBUG Tt4b_Pixel_Class::inject_add_to_cart_event: hit AddToCart
2024-01-27T13:53:30+00:00 DEBUG Tt4b_Pixel_Class::inject_add_to_cart_event: Missing option "access_token"
2024-01-27T13:53:39+00:00 DEBUG Tt4b_Pixel_Class::inject_add_to_cart_event: hit AddToCart
2024-01-27T13:53:39+00:00 DEBUG Tt4b_Pixel_Class::inject_add_to_cart_event: Missing option "access_token"
2024-01-27T13:53:40+00:00 DEBUG Tt4b_Pixel_Class::inject_view_content_event: hit ViewContent
2024-01-27T13:53:40+00:00 DEBUG Tt4b_Pixel_Class::inject_view_content_event: Missing option "access_token"
2024-01-27T13:54:00+00:00 DEBUG Tt4b_Pixel_Class::inject_view_content_event: hit ViewContent
2024-01-27T13:54:00+00:00 DEBUG Tt4b_Pixel_Class::inject_view_content_event: Missing option "access_token"
2024-01-27T13:54:06+00:00 DEBUG Tt4b_Pixel_Class::inject_add_to_cart_event: hit AddToCart
2024-01-27T13:54:06+00:00 DEBUG Tt4b_Pixel_Class::inject_add_to_cart_event: Missing option "access_token"
2024-01-27T13:54:10+00:00 DEBUG Tt4b_Pixel_Class::inject_add_to_cart_event: hit AddToCart
2024-01-27T13:54:10+00:00 DEBUG Tt4b_Pixel_Class::inject_add_to_cart_event: Missing option "access_token"
2024-01-27T13:54:13+00:00 DEBUG Tt4b_Pixel_Class::inject_view_content_event: hit ViewContent
2024-01-27T13:54:13+00:00 DEBUG Tt4b_Pixel_Class::inject_view_content_event: Missing option "access_token"
2024-01-27T13:54:15+00:00 DEBUG Tt4b_Pixel_Class::inject_view_content_event: hit ViewContent
2024-01-27T13:54:15+00:00 DEBUG Tt4b_Pixel_Class::inject_view_content_event: Missing option "access_token"
2024-01-27T13:54:19+00:00 DEBUG Tt4b_Pixel_Class::inject_add_to_cart_event: hit AddToCart
2024-01-27T13:54:19+00:00 DEBUG Tt4b_Pixel_Class::inject_add_to_cart_event: Missing option "access_token"
2024-01-27T13:54:25+00:00 DEBUG Tt4b_Pixel_Class::inject_view_content_event: hit ViewContent
2024-01-27T13:54:25+00:00 DEBUG Tt4b_Pixel_Class::inject_view_content_event: Missing option "access_token"
2024-01-27T13:54:43+00:00 DEBUG Tt4b_Pixel_Class::inject_view_content_event: hit ViewContent
2024-01-27T13:54:43+00:00 DEBUG Tt4b_Pixel_Class::inject_view_content_event: Missing option "access_token"
2024-01-27T13:54:44+00:00 DEBUG Tt4b_Pixel_Class::inject_add_to_cart_event: hit AddToCart
2024-01-27T13:54:44+00:00 DEBUG Tt4b_Pixel_Class::inject_add_to_cart_event: Missing option "access_token"
2024-01-27T13:54:50+00:00 DEBUG Tt4b_Pixel_Class::inject_add_to_cart_event: hit AddToCart
2024-01-27T13:54:50+00:00 DEBUG Tt4b_Pixel_Class::inject_add_to_cart_event: Missing option "access_token"
2024-01-27T13:54:52+00:00 DEBUG Tt4b_Pixel_Class::inject_view_content_event: hit ViewContent
2024-01-27T13:54:52+00:00 DEBUG Tt4b_Pixel_Class::inject_view_content_event: Missing option "access_token"
2024-01-27T13:54:54+00:00 DEBUG Tt4b_Pixel_Class::inject_add_to_cart_event: hit AddToCart
2024-01-27T13:54:54+00:00 DEBUG Tt4b_Pixel_Class::inject_add_to_cart_event: Missing option "access_token"
2024-01-27T13:54:56+00:00 DEBUG Tt4b_Pixel_Class::inject_add_to_cart_event: hit AddToCart
2024-01-27T13:54:56+00:00 DEBUG Tt4b_Pixel_Class::inject_add_to_cart_event: Missing option "access_token"
2024-01-27T13:54:56+00:00 DEBUG Tt4b_Pixel_Class::inject_add_to_cart_event: hit AddToCart
2024-01-27T13:54:56+00:00 DEBUG Tt4b_Pixel_Class::inject_add_to_cart_event: Missing option "access_token"
2024-01-27T13:54:58+00:00 DEBUG Tt4b_Pixel_Class::inject_view_content_event: hit ViewContent
2024-01-27T13:54:58+00:00 DEBUG Tt4b_Pixel_Class::inject_view_content_event: Missing option "access_token"
2024-01-27T13:54:59+00:00 DEBUG Tt4b_Pixel_Class::inject_add_to_cart_event: hit AddToCart
2024-01-27T13:54:59+00:00 DEBUG Tt4b_Pixel_Class::inject_add_to_cart_event: Missing option "access_token"
2024-01-27T13:54:59+00:00 DEBUG Tt4b_Pixel_Class::inject_view_content_event: hit ViewContent
2024-01-27T13:54:59+00:00 DEBUG Tt4b_Pixel_Class::inject_view_content_event: Missing option "access_token"
2024-01-27T13:55:01+00:00 DEBUG Tt4b_Pixel_Class::inject_add_to_cart_event: hit AddToCart
2024-01-27T13:55:01+00:00 DEBUG Tt4b_Pixel_Class::inject_add_to_cart_event: Missing option "access_token"
2024-01-27T13:55:03+00:00 DEBUG Tt4b_Pixel_Class::inject_view_content_event: hit ViewContent
2024-01-27T13:55:03+00:00 DEBUG Tt4b_Pixel_Class::inject_view_content_event: Missing option "access_token"
2024-01-27T13:55:16+00:00 DEBUG Tt4b_Pixel_Class::inject_add_to_cart_event: hit AddToCart
2024-01-27T13:55:16+00:00 DEBUG Tt4b_Pixel_Class::inject_add_to_cart_event: Missing option "access_token"
2024-01-27T13:55:21+00:00 DEBUG Tt4b_Pixel_Class::inject_add_to_cart_event: hit AddToCart
2024-01-27T13:55:21+00:00 DEBUG Tt4b_Pixel_Class::inject_add_to_cart_event: Missing option "access_token"
2024-01-27T13:55:21+00:00 DEBUG Tt4b_Pixel_Class::inject_view_content_event: hit ViewContent
2024-01-27T13:55:21+00:00 DEBUG Tt4b_Pixel_Class::inject_view_content_event: Missing option "access_token"
2024-01-27T13:55:25+00:00 DEBUG Tt4b_Pixel_Class::inject_view_content_event: hit ViewContent
2024-01-27T13:55:25+00:00 DEBUG Tt4b_Pixel_Class::inject_view_content_event: Missing option "access_token"
2024-01-27T13:55:26+00:00 DEBUG Tt4b_Pixel_Class::inject_view_content_event: hit ViewContent
2024-01-27T13:55:26+00:00 DEBUG Tt4b_Pixel_Class::inject_view_content_event: Missing option "access_token"
2024-01-27T13:55:29+00:00 DEBUG Tt4b_Pixel_Class::inject_view_content_event: hit ViewContent
2024-01-27T13:55:29+00:00 DEBUG Tt4b_Pixel_Class::inject_view_content_event: Missing option "access_token"
2024-01-27T13:55:30+00:00 DEBUG Tt4b_Pixel_Class::inject_view_content_event: hit ViewContent
2024-01-27T13:55:30+00:00 DEBUG Tt4b_Pixel_Class::inject_view_content_event: Missing option "access_token"
2024-01-27T13:55:30+00:00 DEBUG Tt4b_Pixel_Class::inject_add_to_cart_event: hit AddToCart
2024-01-27T13:55:30+00:00 DEBUG Tt4b_Pixel_Class::inject_add_to_cart_event: Missing option "access_token"
2024-01-27T13:55:32+00:00 DEBUG Tt4b_Pixel_Class::inject_add_to_cart_event: hit AddToCart
2024-01-27T13:55:32+00:00 DEBUG Tt4b_Pixel_Class::inject_add_to_cart_event: Missing option "access_token"
2024-01-27T13:55:32+00:00 DEBUG Tt4b_Pixel_Class::inject_view_content_event: hit ViewContent
2024-01-27T13:55:32+00:00 DEBUG Tt4b_Pixel_Class::inject_view_content_event: Missing option "access_token"
2024-01-27T13:55:37+00:00 DEBUG Tt4b_Pixel_Class::inject_view_content_event: hit ViewContent
2024-01-27T13:55:37+00:00 DEBUG Tt4b_Pixel_Class::inject_view_content_event: Missing option "access_token"
2024-01-27T13:55:38+00:00 DEBUG Tt4b_Pixel_Class::inject_add_to_cart_event: hit AddToCart
2024-01-27T13:55:38+00:00 DEBUG Tt4b_Pixel_Class::inject_add_to_cart_event: Missing option "access_token"
2024-01-27T13:55:39+00:00 DEBUG Tt4b_Pixel_Class::inject_view_content_event: hit ViewContent
2024-01-27T13:55:39+00:00 DEBUG Tt4b_Pixel_Class::inject_view_content_event: Missing option "access_token"
2024-01-27T13:55:40+00:00 DEBUG Tt4b_Pixel_Class::inject_view_content_event: hit ViewContent
2024-01-27T13:55:40+00:00 DEBUG Tt4b_Pixel_Class::inject_view_content_event: Missing option "access_token"
2024-01-27T13:55:41+00:00 DEBUG Tt4b_Pixel_Class::inject_view_content_event: hit ViewContent
2024-01-27T13:55:41+00:00 DEBUG Tt4b_Pixel_Class::inject_view_content_event: Missing option "access_token"
2024-01-27T13:55:41+00:00 DEBUG Tt4b_Pixel_Class::inject_add_to_cart_event: hit AddToCart
2024-01-27T13:55:41+00:00 DEBUG Tt4b_Pixel_Class::inject_add_to_cart_event: Missing option "access_token"
2024-01-27T13:55:43+00:00 DEBUG Tt4b_Pixel_Class::inject_view_content_event: hit ViewContent
2024-01-27T13:55:43+00:00 DEBUG Tt4b_Pixel_Class::inject_view_content_event: Missing option "access_token"
2024-01-27T13:55:44+00:00 DEBUG Tt4b_Pixel_Class::inject_add_to_cart_event: hit AddToCart
2024-01-27T13:55:44+00:00 DEBUG Tt4b_Pixel_Class::inject_add_to_cart_event: Missing option "access_token"
2024-01-27T13:55:48+00:00 DEBUG Tt4b_Pixel_Class::inject_view_content_event: hit ViewContent
2024-01-27T13:55:48+00:00 DEBUG Tt4b_Pixel_Class::inject_view_content_event: Missing option "access_token"
2024-01-27T13:55:49+00:00 DEBUG Tt4b_Pixel_Class::inject_view_content_event: hit ViewContent
2024-01-27T13:55:49+00:00 DEBUG Tt4b_Pixel_Class::inject_view_content_event: Missing option "access_token"
2024-01-27T13:55:50+00:00 DEBUG Tt4b_Pixel_Class::inject_view_content_event: hit ViewContent
2024-01-27T13:55:50+00:00 DEBUG Tt4b_Pixel_Class::inject_view_content_event: Missing option "access_token"
2024-01-27T13:55:52+00:00 DEBUG Tt4b_Pixel_Class::inject_add_to_cart_event: hit AddToCart
2024-01-27T13:55:52+00:00 DEBUG Tt4b_Pixel_Class::inject_add_to_cart_event: Missing option "access_token"
2024-01-27T13:55:54+00:00 DEBUG Tt4b_Pixel_Class::inject_view_content_event: hit ViewContent
2024-01-27T13:55:54+00:00 DEBUG Tt4b_Pixel_Class::inject_view_content_event: Missing option "access_token"
2024-01-27T13:55:55+00:00 DEBUG Tt4b_Pixel_Class::inject_view_content_event: hit ViewContent
2024-01-27T13:55:55+00:00 DEBUG Tt4b_Pixel_Class::inject_view_content_event: Missing option "access_token"
2024-01-27T13:55:58+00:00 DEBUG Tt4b_Pixel_Class::inject_add_to_cart_event: hit AddToCart
2024-01-27T13:55:58+00:00 DEBUG Tt4b_Pixel_Class::inject_add_to_cart_event: Missing option "access_token"
2024-01-27T13:55:58+00:00 DEBUG Tt4b_Pixel_Class::inject_view_content_event: hit ViewContent
2024-01-27T13:55:58+00:00 DEBUG Tt4b_Pixel_Class::inject_view_content_event: Missing option "access_token"
2024-01-27T13:56:00+00:00 DEBUG Tt4b_Pixel_Class::inject_view_content_event: hit ViewContent
2024-01-27T13:56:00+00:00 DEBUG Tt4b_Pixel_Class::inject_view_content_event: Missing option "access_token"
2024-01-27T13:56:02+00:00 DEBUG Tt4b_Pixel_Class::inject_view_content_event: hit ViewContent
2024-01-27T13:56:02+00:00 DEBUG Tt4b_Pixel_Class::inject_view_content_event: Missing option "access_token"
2024-01-27T13:56:03+00:00 DEBUG Tt4b_Pixel_Class::inject_view_content_event: hit ViewContent
2024-01-27T13:56:03+00:00 DEBUG Tt4b_Pixel_Class::inject_view_content_event: Missing option "access_token"
2024-01-27T13:56:05+00:00 DEBUG Tt4b_Pixel_Class::inject_view_content_event: hit ViewContent
2024-01-27T13:56:05+00:00 DEBUG Tt4b_Pixel_Class::inject_view_content_event: Missing option "access_token"
2024-01-27T13:56:07+00:00 DEBUG Tt4b_Pixel_Class::inject_view_content_event: hit ViewContent
2024-01-27T13:56:07+00:00 DEBUG Tt4b_Pixel_Class::inject_view_content_event: Missing option "access_token"
2024-01-27T13:56:08+00:00 DEBUG Tt4b_Pixel_Class::inject_view_content_event: hit ViewContent
2024-01-27T13:56:08+00:00 DEBUG Tt4b_Pixel_Class::inject_view_content_event: Missing option "access_token"
2024-01-27T13:56:10+00:00 DEBUG Tt4b_Pixel_Class::inject_view_content_event: hit ViewContent
2024-01-27T13:56:10+00:00 DEBUG Tt4b_Pixel_Class::inject_view_content_event: Missing option "access_token"
2024-01-27T13:56:10+00:00 DEBUG Tt4b_Pixel_Class::inject_add_to_cart_event: hit AddToCart
2024-01-27T13:56:10+00:00 DEBUG Tt4b_Pixel_Class::inject_add_to_cart_event: Missing option "access_token"
2024-01-27T13:56:13+00:00 DEBUG Tt4b_Pixel_Class::inject_view_content_event: hit ViewContent
2024-01-27T13:56:13+00:00 DEBUG Tt4b_Pixel_Class::inject_view_content_event: Missing option "access_token"
2024-01-27T13:56:13+00:00 DEBUG Tt4b_Pixel_Class::inject_view_content_event: hit ViewContent
2024-01-27T13:56:13+00:00 DEBUG Tt4b_Pixel_Class::inject_view_content_event: Missing option "access_token"
2024-01-27T13:56:15+00:00 DEBUG Tt4b_Pixel_Class::inject_view_content_event: hit ViewContent
2024-01-27T13:56:15+00:00 DEBUG Tt4b_Pixel_Class::inject_view_content_event: Missing option "access_token"
2024-01-27T13:56:16+00:00 DEBUG Tt4b_Pixel_Class::inject_view_content_event: hit ViewContent
2024-01-27T13:56:16+00:00 DEBUG Tt4b_Pixel_Class::inject_view_content_event: Missing option "access_token"
2024-01-27T13:56:17+00:00 DEBUG Tt4b_Pixel_Class::inject_view_content_event: hit ViewContent
2024-01-27T13:56:17+00:00 DEBUG Tt4b_Pixel_Class::inject_view_content_event: Missing option "access_token"
2024-01-27T13:56:18+00:00 DEBUG Tt4b_Pixel_Class::inject_view_content_event: hit ViewContent
2024-01-27T13:56:18+00:00 DEBUG Tt4b_Pixel_Class::inject_view_content_event: Missing option "access_token"
2024-01-27T13:56:21+00:00 DEBUG Tt4b_Pixel_Class::inject_view_content_event: hit ViewContent
2024-01-27T13:56:21+00:00 DEBUG Tt4b_Pixel_Class::inject_view_content_event: Missing option "access_token"
2024-01-27T13:56:23+00:00 DEBUG Tt4b_Pixel_Class::inject_view_content_event: hit ViewContent
2024-01-27T13:56:23+00:00 DEBUG Tt4b_Pixel_Class::inject_view_content_event: Missing option "access_token"
2024-01-27T13:56:24+00:00 DEBUG Tt4b_Pixel_Class::inject_view_content_event: hit ViewContent
2024-01-27T13:56:24+00:00 DEBUG Tt4b_Pixel_Class::inject_view_content_event: Missing option "access_token"
2024-01-27T13:56:28+00:00 DEBUG Tt4b_Pixel_Class::inject_view_content_event: hit ViewContent
2024-01-27T13:56:28+00:00 DEBUG Tt4b_Pixel_Class::inject_view_content_event: Missing option "access_token"
2024-01-27T13:56:30+00:00 DEBUG Tt4b_Pixel_Class::inject_view_content_event: hit ViewContent
2024-01-27T13:56:30+00:00 DEBUG Tt4b_Pixel_Class::inject_view_content_event: Missing option "access_token"
2024-01-27T13:56:32+00:00 DEBUG Tt4b_Pixel_Class::inject_view_content_event: hit ViewContent
2024-01-27T13:56:32+00:00 DEBUG Tt4b_Pixel_Class::inject_view_content_event: Missing option "access_token"
2024-01-27T13:56:33+00:00 DEBUG Tt4b_Pixel_Class::inject_add_to_cart_event: hit AddToCart
2024-01-27T13:56:33+00:00 DEBUG Tt4b_Pixel_Class::inject_add_to_cart_event: Missing option "access_token"
2024-01-27T13:56:37+00:00 DEBUG Tt4b_Pixel_Class::inject_view_content_event: hit ViewContent
2024-01-27T13:56:37+00:00 DEBUG Tt4b_Pixel_Class::inject_view_content_event: Missing option "access_token"
2024-01-27T13:56:39+00:00 DEBUG Tt4b_Pixel_Class::inject_view_content_event: hit ViewContent
2024-01-27T13:56:39+00:00 DEBUG Tt4b_Pixel_Class::inject_view_content_event: Missing option "access_token"
2024-01-27T13:56:39+00:00 DEBUG Tt4b_Pixel_Class::inject_add_to_cart_event: hit AddToCart
2024-01-27T13:56:39+00:00 DEBUG Tt4b_Pixel_Class::inject_add_to_cart_event: Missing option "access_token"
2024-01-27T13:56:41+00:00 DEBUG Tt4b_Pixel_Class::inject_view_content_event: hit ViewContent
2024-01-27T13:56:41+00:00 DEBUG Tt4b_Pixel_Class::inject_view_content_event: Missing option "access_token"
2024-01-27T13:56:43+00:00 DEBUG Tt4b_Pixel_Class::inject_view_content_event: hit ViewContent
2024-01-27T13:56:43+00:00 DEBUG Tt4b_Pixel_Class::inject_view_content_event: Missing option "access_token"
2024-01-27T13:56:44+00:00 DEBUG Tt4b_Pixel_Class::inject_view_content_event: hit ViewContent
2024-01-27T13:56:44+00:00 DEBUG Tt4b_Pixel_Class::inject_view_content_event: Missing option "access_token"
2024-01-27T13:56:45+00:00 DEBUG Tt4b_Pixel_Class::inject_view_content_event: hit ViewContent
2024-01-27T13:56:45+00:00 DEBUG Tt4b_Pixel_Class::inject_view_content_event: Missing option "access_token"
2024-01-27T13:56:46+00:00 DEBUG Tt4b_Pixel_Class::inject_view_content_event: hit ViewContent
2024-01-27T13:56:46+00:00 DEBUG Tt4b_Pixel_Class::inject_view_content_event: Missing option "access_token"
2024-01-27T13:56:47+00:00 DEBUG Tt4b_Pixel_Class::inject_view_content_event: hit ViewContent
2024-01-27T13:56:47+00:00 DEBUG Tt4b_Pixel_Class::inject_view_content_event: Missing option "access_token"
2024-01-27T13:56:47+00:00 DEBUG Tt4b_Pixel_Class::inject_view_content_event: hit ViewContent
2024-01-27T13:56:47+00:00 DEBUG Tt4b_Pixel_Class::inject_view_content_event: Missing option "access_token"
2024-01-27T13:56:50+00:00 DEBUG Tt4b_Pixel_Class::inject_view_content_event: hit ViewContent
2024-01-27T13:56:50+00:00 DEBUG Tt4b_Pixel_Class::inject_view_content_event: Missing option "access_token"
2024-01-27T13:56:54+00:00 DEBUG Tt4b_Pixel_Class::inject_add_to_cart_event: hit AddToCart
2024-01-27T13:56:54+00:00 DEBUG Tt4b_Pixel_Class::inject_add_to_cart_event: Missing option "access_token"
2024-01-27T13:57:01+00:00 DEBUG Tt4b_Pixel_Class::inject_view_content_event: hit ViewContent
2024-01-27T13:57:01+00:00 DEBUG Tt4b_Pixel_Class::inject_view_content_event: Missing option "access_token"
2024-01-27T13:57:20+00:00 DEBUG Tt4b_Pixel_Class::inject_add_to_cart_event: hit AddToCart
2024-01-27T13:57:20+00:00 DEBUG Tt4b_Pixel_Class::inject_add_to_cart_event: Missing option "access_token"
2024-01-27T13:57:28+00:00 DEBUG Tt4b_Pixel_Class::inject_add_to_cart_event: hit AddToCart
2024-01-27T13:57:28+00:00 DEBUG Tt4b_Pixel_Class::inject_add_to_cart_event: Missing option "access_token"
2024-01-27T13:57:31+00:00 DEBUG Tt4b_Pixel_Class::inject_view_content_event: hit ViewContent
2024-01-27T13:57:31+00:00 DEBUG Tt4b_Pixel_Class::inject_view_content_event: Missing option "access_token"
2024-01-27T13:57:33+00:00 DEBUG Tt4b_Pixel_Class::inject_view_content_event: hit ViewContent
2024-01-27T13:57:33+00:00 DEBUG Tt4b_Pixel_Class::inject_view_content_event: Missing option "access_token"
2024-01-27T13:57:55+00:00 DEBUG Tt4b_Pixel_Class::inject_view_content_event: hit ViewContent
2024-01-27T13:57:55+00:00 DEBUG Tt4b_Pixel_Class::inject_view_content_event: Missing option "access_token"
2024-01-27T13:58:02+00:00 DEBUG Tt4b_Pixel_Class::inject_add_to_cart_event: hit AddToCart
2024-01-27T13:58:02+00:00 DEBUG Tt4b_Pixel_Class::inject_add_to_cart_event: Missing option "access_token"
2024-01-27T13:58:06+00:00 DEBUG Tt4b_Pixel_Class::inject_view_content_event: hit ViewContent
2024-01-27T13:58:06+00:00 DEBUG Tt4b_Pixel_Class::inject_view_content_event: Missing option "access_token"
2024-01-27T13:58:09+00:00 DEBUG Tt4b_Pixel_Class::inject_view_content_event: hit ViewContent
2024-01-27T13:58:09+00:00 DEBUG Tt4b_Pixel_Class::inject_view_content_event: Missing option "access_token"
2024-01-27T13:58:10+00:00 DEBUG Tt4b_Pixel_Class::inject_view_content_event: hit ViewContent
2024-01-27T13:58:10+00:00 DEBUG Tt4b_Pixel_Class::inject_view_content_event: Missing option "access_token"
2024-01-27T13:58:13+00:00 DEBUG Tt4b_Pixel_Class::inject_view_content_event: hit ViewContent
2024-01-27T13:58:13+00:00 DEBUG Tt4b_Pixel_Class::inject_view_content_event: Missing option "access_token"
2024-01-27T13:58:39+00:00 DEBUG Tt4b_Pixel_Class::inject_add_to_cart_event: hit AddToCart
2024-01-27T13:58:39+00:00 DEBUG Tt4b_Pixel_Class::inject_add_to_cart_event: Missing option "access_token"
2024-01-27T13:58:42+00:00 DEBUG Tt4b_Pixel_Class::inject_add_to_cart_event: hit AddToCart
2024-01-27T13:58:42+00:00 DEBUG Tt4b_Pixel_Class::inject_add_to_cart_event: Missing option "access_token"
2024-01-27T13:58:51+00:00 DEBUG Tt4b_Pixel_Class::inject_view_content_event: hit ViewContent
2024-01-27T13:58:51+00:00 DEBUG Tt4b_Pixel_Class::inject_view_content_event: Missing option "access_token"
2024-01-27T13:58:59+00:00 DEBUG Tt4b_Pixel_Class::inject_view_content_event: hit ViewContent
2024-01-27T13:58:59+00:00 DEBUG Tt4b_Pixel_Class::inject_view_content_event: Missing option "access_token"
2024-01-27T13:59:07+00:00 DEBUG Tt4b_Pixel_Class::inject_view_content_event: hit ViewContent
2024-01-27T13:59:07+00:00 DEBUG Tt4b_Pixel_Class::inject_view_content_event: Missing option "access_token"
2024-01-27T13:59:17+00:00 DEBUG Tt4b_Pixel_Class::inject_view_content_event: hit ViewContent
2024-01-27T13:59:17+00:00 DEBUG Tt4b_Pixel_Class::inject_view_content_event: Missing option "access_token"
2024-01-27T13:59:20+00:00 DEBUG Tt4b_Pixel_Class::inject_view_content_event: hit ViewContent
2024-01-27T13:59:20+00:00 DEBUG Tt4b_Pixel_Class::inject_view_content_event: Missing option "access_token"
2024-01-27T13:59:30+00:00 DEBUG Tt4b_Pixel_Class::inject_add_to_cart_event: hit AddToCart
2024-01-27T13:59:30+00:00 DEBUG Tt4b_Pixel_Class::inject_add_to_cart_event: Missing option "access_token"
2024-01-27T13:59:35+00:00 DEBUG Tt4b_Pixel_Class::inject_add_to_cart_event: hit AddToCart
2024-01-27T13:59:35+00:00 DEBUG Tt4b_Pixel_Class::inject_add_to_cart_event: Missing option "access_token"
2024-01-27T13:59:39+00:00 DEBUG Tt4b_Pixel_Class::inject_view_content_event: hit ViewContent
2024-01-27T13:59:39+00:00 DEBUG Tt4b_Pixel_Class::inject_view_content_event: Missing option "access_token"
2024-01-27T13:59:39+00:00 DEBUG Tt4b_Pixel_Class::inject_add_to_cart_event: hit AddToCart
2024-01-27T13:59:39+00:00 DEBUG Tt4b_Pixel_Class::inject_add_to_cart_event: Missing option "access_token"
2024-01-27T13:59:47+00:00 DEBUG Tt4b_Pixel_Class::inject_view_content_event: hit ViewContent
2024-01-27T13:59:47+00:00 DEBUG Tt4b_Pixel_Class::inject_view_content_event: Missing option "access_token"
2024-01-27T14:00:11+00:00 DEBUG Tt4b_Pixel_Class::inject_view_content_event: hit ViewContent
2024-01-27T14:00:11+00:00 DEBUG Tt4b_Pixel_Class::inject_view_content_event: Missing option "access_token"
2024-01-27T14:00:15+00:00 DEBUG Tt4b_Pixel_Class::inject_view_content_event: hit ViewContent
2024-01-27T14:00:15+00:00 DEBUG Tt4b_Pixel_Class::inject_view_content_event: Missing option "access_token"
2024-01-27T14:00:18+00:00 DEBUG Tt4b_Pixel_Class::inject_view_content_event: hit ViewContent
2024-01-27T14:00:18+00:00 DEBUG Tt4b_Pixel_Class::inject_view_content_event: Missing option "access_token"
2024-01-27T14:00:21+00:00 DEBUG Tt4b_Pixel_Class::inject_view_content_event: hit ViewContent
2024-01-27T14:00:21+00:00 DEBUG Tt4b_Pixel_Class::inject_view_content_event: Missing option "access_token"
2024-01-27T14:00:25+00:00 DEBUG Tt4b_Pixel_Class::inject_view_content_event: hit ViewContent
2024-01-27T14:00:25+00:00 DEBUG Tt4b_Pixel_Class::inject_view_content_event: Missing option "access_token"
2024-01-27T14:00:27+00:00 DEBUG Tt4b_Pixel_Class::inject_add_to_cart_event: hit AddToCart
2024-01-27T14:00:27+00:00 DEBUG Tt4b_Pixel_Class::inject_add_to_cart_event: Missing option "access_token"
2024-01-27T14:00:29+00:00 DEBUG Tt4b_Pixel_Class::inject_view_content_event: hit ViewContent
2024-01-27T14:00:29+00:00 DEBUG Tt4b_Pixel_Class::inject_view_content_event: Missing option "access_token"
2024-01-27T14:00:32+00:00 DEBUG Tt4b_Pixel_Class::inject_add_to_cart_event: hit AddToCart
2024-01-27T14:00:32+00:00 DEBUG Tt4b_Pixel_Class::inject_add_to_cart_event: Missing option "access_token"
2024-01-27T14:00:36+00:00 DEBUG Tt4b_Pixel_Class::inject_view_content_event: hit ViewContent
2024-01-27T14:00:36+00:00 DEBUG Tt4b_Pixel_Class::inject_view_content_event: Missing option "access_token"
2024-01-27T14:00:38+00:00 DEBUG Tt4b_Pixel_Class::inject_add_to_cart_event: hit AddToCart
2024-01-27T14:00:38+00:00 DEBUG Tt4b_Pixel_Class::inject_add_to_cart_event: Missing option "access_token"
2024-01-27T14:00:56+00:00 DEBUG Tt4b_Pixel_Class::inject_view_content_event: hit ViewContent
2024-01-27T14:00:56+00:00 DEBUG Tt4b_Pixel_Class::inject_view_content_event: Missing option "access_token"
2024-01-27T14:00:58+00:00 DEBUG Tt4b_Pixel_Class::inject_view_content_event: hit ViewContent
2024-01-27T14:00:58+00:00 DEBUG Tt4b_Pixel_Class::inject_view_content_event: Missing option "access_token"
2024-01-27T14:01:02+00:00 DEBUG Tt4b_Pixel_Class::inject_view_content_event: hit ViewContent
2024-01-27T14:01:02+00:00 DEBUG Tt4b_Pixel_Class::inject_view_content_event: Missing option "access_token"
2024-01-27T14:01:22+00:00 DEBUG Tt4b_Pixel_Class::inject_add_to_cart_event: hit AddToCart
2024-01-27T14:01:22+00:00 DEBUG Tt4b_Pixel_Class::inject_add_to_cart_event: Missing option "access_token"
2024-01-27T14:01:24+00:00 DEBUG Tt4b_Pixel_Class::inject_add_to_cart_event: hit AddToCart
2024-01-27T14:01:24+00:00 DEBUG Tt4b_Pixel_Class::inject_add_to_cart_event: Missing option "access_token"
2024-01-27T14:01:24+00:00 DEBUG Tt4b_Pixel_Class::inject_view_content_event: hit ViewContent
2024-01-27T14:01:24+00:00 DEBUG Tt4b_Pixel_Class::inject_view_content_event: Missing option "access_token"
2024-01-27T14:01:26+00:00 DEBUG Tt4b_Pixel_Class::inject_add_to_cart_event: hit AddToCart
2024-01-27T14:01:26+00:00 DEBUG Tt4b_Pixel_Class::inject_add_to_cart_event: Missing option "access_token"
2024-01-27T14:01:28+00:00 DEBUG Tt4b_Pixel_Class::inject_add_to_cart_event: hit AddToCart
2024-01-27T14:01:28+00:00 DEBUG Tt4b_Pixel_Class::inject_add_to_cart_event: Missing option "access_token"
2024-01-27T14:01:40+00:00 DEBUG Tt4b_Pixel_Class::inject_add_to_cart_event: hit AddToCart
2024-01-27T14:01:40+00:00 DEBUG Tt4b_Pixel_Class::inject_add_to_cart_event: Missing option "access_token"
2024-01-27T14:01:49+00:00 DEBUG Tt4b_Pixel_Class::inject_view_content_event: hit ViewContent
2024-01-27T14:01:49+00:00 DEBUG Tt4b_Pixel_Class::inject_view_content_event: Missing option "access_token"
2024-01-27T14:01:55+00:00 DEBUG Tt4b_Pixel_Class::inject_view_content_event: hit ViewContent
2024-01-27T14:01:55+00:00 DEBUG Tt4b_Pixel_Class::inject_view_content_event: Missing option "access_token"
2024-01-27T14:01:58+00:00 DEBUG Tt4b_Pixel_Class::inject_view_content_event: hit ViewContent
2024-01-27T14:01:58+00:00 DEBUG Tt4b_Pixel_Class::inject_view_content_event: Missing option "access_token"
2024-01-27T14:02:00+00:00 DEBUG Tt4b_Pixel_Class::inject_view_content_event: hit ViewContent
2024-01-27T14:02:00+00:00 DEBUG Tt4b_Pixel_Class::inject_view_content_event: Missing option "access_token"
2024-01-27T14:02:21+00:00 DEBUG Tt4b_Pixel_Class::inject_view_content_event: hit ViewContent
2024-01-27T14:02:21+00:00 DEBUG Tt4b_Pixel_Class::inject_view_content_event: Missing option "access_token"
2024-01-27T14:02:23+00:00 DEBUG Tt4b_Pixel_Class::inject_view_content_event: hit ViewContent
2024-01-27T14:02:23+00:00 DEBUG Tt4b_Pixel_Class::inject_view_content_event: Missing option "access_token"
2024-01-27T14:02:24+00:00 DEBUG Tt4b_Pixel_Class::inject_add_to_cart_event: hit AddToCart
2024-01-27T14:02:24+00:00 DEBUG Tt4b_Pixel_Class::inject_add_to_cart_event: Missing option "access_token"
2024-01-27T14:02:25+00:00 DEBUG Tt4b_Pixel_Class::inject_view_content_event: hit ViewContent
2024-01-27T14:02:25+00:00 DEBUG Tt4b_Pixel_Class::inject_view_content_event: Missing option "access_token"
2024-01-27T14:02:26+00:00 DEBUG Tt4b_Pixel_Class::inject_add_to_cart_event: hit AddToCart
2024-01-27T14:02:26+00:00 DEBUG Tt4b_Pixel_Class::inject_add_to_cart_event: Missing option "access_token"
2024-01-27T14:02:28+00:00 DEBUG Tt4b_Pixel_Class::inject_view_content_event: hit ViewContent
2024-01-27T14:02:28+00:00 DEBUG Tt4b_Pixel_Class::inject_view_content_event: Missing option "access_token"
2024-01-27T14:02:28+00:00 DEBUG Tt4b_Pixel_Class::inject_add_to_cart_event: hit AddToCart
2024-01-27T14:02:28+00:00 DEBUG Tt4b_Pixel_Class::inject_add_to_cart_event: Missing option "access_token"
2024-01-27T14:02:30+00:00 DEBUG Tt4b_Pixel_Class::inject_view_content_event: hit ViewContent
2024-01-27T14:02:30+00:00 DEBUG Tt4b_Pixel_Class::inject_view_content_event: Missing option "access_token"
2024-01-27T14:02:32+00:00 DEBUG Tt4b_Pixel_Class::inject_view_content_event: hit ViewContent
2024-01-27T14:02:32+00:00 DEBUG Tt4b_Pixel_Class::inject_view_content_event: Missing option "access_token"
2024-01-27T14:02:34+00:00 DEBUG Tt4b_Pixel_Class::inject_view_content_event: hit ViewContent
2024-01-27T14:02:34+00:00 DEBUG Tt4b_Pixel_Class::inject_view_content_event: Missing option "access_token"
2024-01-27T14:02:34+00:00 DEBUG Tt4b_Pixel_Class::inject_view_content_event: hit ViewContent
2024-01-27T14:02:34+00:00 DEBUG Tt4b_Pixel_Class::inject_view_content_event: Missing option "access_token"
2024-01-27T14:02:37+00:00 DEBUG Tt4b_Pixel_Class::inject_view_content_event: hit ViewContent
2024-01-27T14:02:37+00:00 DEBUG Tt4b_Pixel_Class::inject_view_content_event: Missing option "access_token"
2024-01-27T14:02:37+00:00 DEBUG Tt4b_Pixel_Class::inject_view_content_event: hit ViewContent
2024-01-27T14:02:37+00:00 DEBUG Tt4b_Pixel_Class::inject_view_content_event: Missing option "access_token"
2024-01-27T14:02:39+00:00 DEBUG Tt4b_Pixel_Class::inject_view_content_event: hit ViewContent
2024-01-27T14:02:39+00:00 DEBUG Tt4b_Pixel_Class::inject_view_content_event: Missing option "access_token"
2024-01-27T14:02:40+00:00 DEBUG Tt4b_Pixel_Class::inject_view_content_event: hit ViewContent
2024-01-27T14:02:40+00:00 DEBUG Tt4b_Pixel_Class::inject_view_content_event: Missing option "access_token"
2024-01-27T14:02:42+00:00 DEBUG Tt4b_Pixel_Class::inject_view_content_event: hit ViewContent
2024-01-27T14:02:42+00:00 DEBUG Tt4b_Pixel_Class::inject_view_content_event: Missing option "access_token"
2024-01-27T14:02:44+00:00 DEBUG Tt4b_Pixel_Class::inject_view_content_event: hit ViewContent
2024-01-27T14:02:44+00:00 DEBUG Tt4b_Pixel_Class::inject_view_content_event: Missing option "access_token"
2024-01-27T14:02:47+00:00 DEBUG Tt4b_Pixel_Class::inject_view_content_event: hit ViewContent
2024-01-27T14:02:47+00:00 DEBUG Tt4b_Pixel_Class::inject_view_content_event: Missing option "access_token"
2024-01-27T14:02:49+00:00 DEBUG Tt4b_Pixel_Class::inject_view_content_event: hit ViewContent
2024-01-27T14:02:49+00:00 DEBUG Tt4b_Pixel_Class::inject_view_content_event: Missing option "access_token"
2024-01-27T14:02:53+00:00 DEBUG Tt4b_Pixel_Class::inject_view_content_event: hit ViewContent
2024-01-27T14:02:53+00:00 DEBUG Tt4b_Pixel_Class::inject_view_content_event: Missing option "access_token"
2024-01-27T14:02:56+00:00 DEBUG Tt4b_Pixel_Class::inject_view_content_event: hit ViewContent
2024-01-27T14:02:56+00:00 DEBUG Tt4b_Pixel_Class::inject_view_content_event: Missing option "access_token"
2024-01-27T14:03:00+00:00 DEBUG Tt4b_Pixel_Class::inject_view_content_event: hit ViewContent
2024-01-27T14:03:00+00:00 DEBUG Tt4b_Pixel_Class::inject_view_content_event: Missing option "access_token"
2024-01-27T14:03:10+00:00 DEBUG Tt4b_Pixel_Class::inject_add_to_cart_event: hit AddToCart
2024-01-27T14:03:10+00:00 DEBUG Tt4b_Pixel_Class::inject_add_to_cart_event: Missing option "access_token"
2024-01-27T14:03:11+00:00 DEBUG Tt4b_Pixel_Class::inject_add_to_cart_event: hit AddToCart
2024-01-27T14:03:11+00:00 DEBUG Tt4b_Pixel_Class::inject_add_to_cart_event: Missing option "access_token"
2024-01-27T14:03:14+00:00 DEBUG Tt4b_Pixel_Class::inject_add_to_cart_event: hit AddToCart
2024-01-27T14:03:14+00:00 DEBUG Tt4b_Pixel_Class::inject_add_to_cart_event: Missing option "access_token"
2024-01-27T14:03:15+00:00 DEBUG Tt4b_Pixel_Class::inject_add_to_cart_event: hit AddToCart
2024-01-27T14:03:15+00:00 DEBUG Tt4b_Pixel_Class::inject_add_to_cart_event: Missing option "access_token"
2024-01-27T14:03:15+00:00 DEBUG Tt4b_Pixel_Class::inject_add_to_cart_event: hit AddToCart
2024-01-27T14:03:15+00:00 DEBUG Tt4b_Pixel_Class::inject_add_to_cart_event: Missing option "access_token"
2024-01-27T14:03:18+00:00 DEBUG Tt4b_Pixel_Class::inject_add_to_cart_event: hit AddToCart
2024-01-27T14:03:18+00:00 DEBUG Tt4b_Pixel_Class::inject_add_to_cart_event: Missing option "access_token"
2024-01-27T14:03:19+00:00 DEBUG Tt4b_Pixel_Class::inject_add_to_cart_event: hit AddToCart
2024-01-27T14:03:19+00:00 DEBUG Tt4b_Pixel_Class::inject_add_to_cart_event: Missing option "access_token"
2024-01-27T14:03:19+00:00 DEBUG Tt4b_Pixel_Class::inject_add_to_cart_event: hit AddToCart
2024-01-27T14:03:19+00:00 DEBUG Tt4b_Pixel_Class::inject_add_to_cart_event: Missing option "access_token"
2024-01-27T14:03:20+00:00 DEBUG Tt4b_Pixel_Class::inject_view_content_event: hit ViewContent
2024-01-27T14:03:20+00:00 DEBUG Tt4b_Pixel_Class::inject_view_content_event: Missing option "access_token"
2024-01-27T14:03:20+00:00 DEBUG Tt4b_Pixel_Class::inject_add_to_cart_event: hit AddToCart
2024-01-27T14:03:20+00:00 DEBUG Tt4b_Pixel_Class::inject_add_to_cart_event: Missing option "access_token"
2024-01-27T14:03:23+00:00 DEBUG Tt4b_Pixel_Class::inject_add_to_cart_event: hit AddToCart
2024-01-27T14:03:23+00:00 DEBUG Tt4b_Pixel_Class::inject_add_to_cart_event: Missing option "access_token"
2024-01-27T14:03:25+00:00 DEBUG Tt4b_Pixel_Class::inject_add_to_cart_event: hit AddToCart
2024-01-27T14:03:25+00:00 DEBUG Tt4b_Pixel_Class::inject_add_to_cart_event: Missing option "access_token"
2024-01-27T14:03:26+00:00 DEBUG Tt4b_Pixel_Class::inject_add_to_cart_event: hit AddToCart
2024-01-27T14:03:26+00:00 DEBUG Tt4b_Pixel_Class::inject_add_to_cart_event: Missing option "access_token"
2024-01-27T14:03:27+00:00 DEBUG Tt4b_Pixel_Class::inject_view_content_event: hit ViewContent
2024-01-27T14:03:27+00:00 DEBUG Tt4b_Pixel_Class::inject_view_content_event: Missing option "access_token"
2024-01-27T14:03:30+00:00 DEBUG Tt4b_Pixel_Class::inject_view_content_event: hit ViewContent
2024-01-27T14:03:30+00:00 DEBUG Tt4b_Pixel_Class::inject_view_content_event: Missing option "access_token"
2024-01-27T14:03:40+00:00 DEBUG Tt4b_Pixel_Class::inject_view_content_event: hit ViewContent
2024-01-27T14:03:40+00:00 DEBUG Tt4b_Pixel_Class::inject_view_content_event: Missing option "access_token"
2024-01-27T14:03:41+00:00 DEBUG Tt4b_Pixel_Class::inject_view_content_event: hit ViewContent
2024-01-27T14:03:41+00:00 DEBUG Tt4b_Pixel_Class::inject_view_content_event: Missing option "access_token"
2024-01-27T14:04:08+00:00 DEBUG Tt4b_Pixel_Class::inject_add_to_cart_event: hit AddToCart
2024-01-27T14:04:08+00:00 DEBUG Tt4b_Pixel_Class::inject_add_to_cart_event: Missing option "access_token"
2024-01-27T14:04:10+00:00 DEBUG Tt4b_Pixel_Class::inject_view_content_event: hit ViewContent
2024-01-27T14:04:10+00:00 DEBUG Tt4b_Pixel_Class::inject_view_content_event: Missing option "access_token"
2024-01-27T14:04:14+00:00 DEBUG Tt4b_Pixel_Class::inject_view_content_event: hit ViewContent
2024-01-27T14:04:14+00:00 DEBUG Tt4b_Pixel_Class::inject_view_content_event: Missing option "access_token"
2024-01-27T14:04:24+00:00 DEBUG Tt4b_Pixel_Class::inject_view_content_event: hit ViewContent
2024-01-27T14:04:24+00:00 DEBUG Tt4b_Pixel_Class::inject_view_content_event: Missing option "access_token"
2024-01-27T14:04:29+00:00 DEBUG Tt4b_Pixel_Class::inject_view_content_event: hit ViewContent
2024-01-27T14:04:29+00:00 DEBUG Tt4b_Pixel_Class::inject_view_content_event: Missing option "access_token"
2024-01-27T14:04:47+00:00 DEBUG Tt4b_Pixel_Class::inject_add_to_cart_event: hit AddToCart
2024-01-27T14:04:47+00:00 DEBUG Tt4b_Pixel_Class::inject_add_to_cart_event: Missing option "access_token"
2024-01-27T14:04:51+00:00 DEBUG Tt4b_Pixel_Class::inject_view_content_event: hit ViewContent
2024-01-27T14:04:51+00:00 DEBUG Tt4b_Pixel_Class::inject_view_content_event: Missing option "access_token"
2024-01-27T14:05:02+00:00 DEBUG Tt4b_Pixel_Class::inject_view_content_event: hit ViewContent
2024-01-27T14:05:02+00:00 DEBUG Tt4b_Pixel_Class::inject_view_content_event: Missing option "access_token"
2024-01-27T14:05:11+00:00 DEBUG Tt4b_Pixel_Class::inject_view_content_event: hit ViewContent
2024-01-27T14:05:11+00:00 DEBUG Tt4b_Pixel_Class::inject_view_content_event: Missing option "access_token"
2024-01-27T14:05:19+00:00 DEBUG Tt4b_Pixel_Class::inject_view_content_event: hit ViewContent
2024-01-27T14:05:19+00:00 DEBUG Tt4b_Pixel_Class::inject_view_content_event: Missing option "access_token"
2024-01-27T14:05:22+00:00 DEBUG Tt4b_Pixel_Class::inject_view_content_event: hit ViewContent
2024-01-27T14:05:22+00:00 DEBUG Tt4b_Pixel_Class::inject_view_content_event: Missing option "access_token"
2024-01-27T14:05:25+00:00 DEBUG Tt4b_Pixel_Class::inject_view_content_event: hit ViewContent
2024-01-27T14:05:25+00:00 DEBUG Tt4b_Pixel_Class::inject_view_content_event: Missing option "access_token"
2024-01-27T14:05:30+00:00 DEBUG Tt4b_Pixel_Class::inject_view_content_event: hit ViewContent
2024-01-27T14:05:30+00:00 DEBUG Tt4b_Pixel_Class::inject_view_content_event: Missing option "access_token"
2024-01-27T14:05:37+00:00 DEBUG Tt4b_Pixel_Class::inject_add_to_cart_event: hit AddToCart
2024-01-27T14:05:37+00:00 DEBUG Tt4b_Pixel_Class::inject_add_to_cart_event: Missing option "access_token"
2024-01-27T14:05:41+00:00 DEBUG Tt4b_Pixel_Class::inject_view_content_event: hit ViewContent
2024-01-27T14:05:41+00:00 DEBUG Tt4b_Pixel_Class::inject_view_content_event: Missing option "access_token"
2024-01-27T14:05:44+00:00 DEBUG Tt4b_Pixel_Class::inject_view_content_event: hit ViewContent
2024-01-27T14:05:44+00:00 DEBUG Tt4b_Pixel_Class::inject_view_content_event: Missing option "access_token"
2024-01-27T14:05:47+00:00 DEBUG Tt4b_Pixel_Class::inject_view_content_event: hit ViewContent
2024-01-27T14:05:47+00:00 DEBUG Tt4b_Pixel_Class::inject_view_content_event: Missing option "access_token"
2024-01-27T14:05:48+00:00 DEBUG Tt4b_Pixel_Class::inject_view_content_event: hit ViewContent
2024-01-27T14:05:48+00:00 DEBUG Tt4b_Pixel_Class::inject_view_content_event: Missing option "access_token"
2024-01-27T14:05:51+00:00 DEBUG Tt4b_Pixel_Class::inject_view_content_event: hit ViewContent
2024-01-27T14:05:51+00:00 DEBUG Tt4b_Pixel_Class::inject_view_content_event: Missing option "access_token"
2024-01-27T14:06:10+00:00 DEBUG Tt4b_Pixel_Class::inject_view_content_event: hit ViewContent
2024-01-27T14:06:10+00:00 DEBUG Tt4b_Pixel_Class::inject_view_content_event: Missing option "access_token"
2024-01-27T14:06:28+00:00 DEBUG Tt4b_Pixel_Class::inject_add_to_cart_event: hit AddToCart
2024-01-27T14:06:28+00:00 DEBUG Tt4b_Pixel_Class::inject_add_to_cart_event: Missing option "access_token"
2024-01-27T14:06:29+00:00 DEBUG Tt4b_Pixel_Class::inject_view_content_event: hit ViewContent
2024-01-27T14:06:29+00:00 DEBUG Tt4b_Pixel_Class::inject_view_content_event: Missing option "access_token"
2024-01-27T14:06:31+00:00 DEBUG Tt4b_Pixel_Class::inject_view_content_event: hit ViewContent
2024-01-27T14:06:31+00:00 DEBUG Tt4b_Pixel_Class::inject_view_content_event: Missing option "access_token"
2024-01-27T14:06:50+00:00 DEBUG Tt4b_Pixel_Class::inject_add_to_cart_event: hit AddToCart
2024-01-27T14:06:50+00:00 DEBUG Tt4b_Pixel_Class::inject_add_to_cart_event: Missing option "access_token"
2024-01-27T14:06:58+00:00 DEBUG Tt4b_Pixel_Class::inject_view_content_event: hit ViewContent
2024-01-27T14:06:58+00:00 DEBUG Tt4b_Pixel_Class::inject_view_content_event: Missing option "access_token"
2024-01-27T14:07:12+00:00 DEBUG Tt4b_Pixel_Class::inject_view_content_event: hit ViewContent
2024-01-27T14:07:12+00:00 DEBUG Tt4b_Pixel_Class::inject_view_content_event: Missing option "access_token"
2024-01-27T14:07:16+00:00 DEBUG Tt4b_Pixel_Class::inject_view_content_event: hit ViewContent
2024-01-27T14:07:16+00:00 DEBUG Tt4b_Pixel_Class::inject_view_content_event: Missing option "access_token"
2024-01-27T14:07:20+00:00 DEBUG Tt4b_Pixel_Class::inject_view_content_event: hit ViewContent
2024-01-27T14:07:20+00:00 DEBUG Tt4b_Pixel_Class::inject_view_content_event: Missing option "access_token"
2024-01-27T14:07:24+00:00 DEBUG Tt4b_Pixel_Class::inject_view_content_event: hit ViewContent
2024-01-27T14:07:24+00:00 DEBUG Tt4b_Pixel_Class::inject_view_content_event: Missing option "access_token"
2024-01-27T14:07:27+00:00 DEBUG Tt4b_Pixel_Class::inject_view_content_event: hit ViewContent
2024-01-27T14:07:27+00:00 DEBUG Tt4b_Pixel_Class::inject_view_content_event: Missing option "access_token"
2024-01-27T14:07:29+00:00 DEBUG Tt4b_Pixel_Class::inject_add_to_cart_event: hit AddToCart
2024-01-27T14:07:29+00:00 DEBUG Tt4b_Pixel_Class::inject_add_to_cart_event: Missing option "access_token"
2024-01-27T14:07:30+00:00 DEBUG Tt4b_Pixel_Class::inject_view_content_event: hit ViewContent
2024-01-27T14:07:30+00:00 DEBUG Tt4b_Pixel_Class::inject_view_content_event: Missing option "access_token"
2024-01-27T14:07:32+00:00 DEBUG Tt4b_Pixel_Class::inject_view_content_event: hit ViewContent
2024-01-27T14:07:32+00:00 DEBUG Tt4b_Pixel_Class::inject_view_content_event: Missing option "access_token"
2024-01-27T14:07:35+00:00 DEBUG Tt4b_Pixel_Class::inject_view_content_event: hit ViewContent
2024-01-27T14:07:35+00:00 DEBUG Tt4b_Pixel_Class::inject_view_content_event: Missing option "access_token"
2024-01-27T14:07:38+00:00 DEBUG Tt4b_Pixel_Class::inject_view_content_event: hit ViewContent
2024-01-27T14:07:38+00:00 DEBUG Tt4b_Pixel_Class::inject_view_content_event: Missing option "access_token"
2024-01-27T14:07:40+00:00 DEBUG Tt4b_Pixel_Class::inject_view_content_event: hit ViewContent
2024-01-27T14:07:40+00:00 DEBUG Tt4b_Pixel_Class::inject_view_content_event: Missing option "access_token"
2024-01-27T14:07:45+00:00 DEBUG Tt4b_Pixel_Class::inject_view_content_event: hit ViewContent
2024-01-27T14:07:45+00:00 DEBUG Tt4b_Pixel_Class::inject_view_content_event: Missing option "access_token"
2024-01-27T14:07:48+00:00 DEBUG Tt4b_Pixel_Class::inject_add_to_cart_event: hit AddToCart
2024-01-27T14:07:48+00:00 DEBUG Tt4b_Pixel_Class::inject_add_to_cart_event: Missing option "access_token"
2024-01-27T14:07:48+00:00 DEBUG Tt4b_Pixel_Class::inject_view_content_event: hit ViewContent
2024-01-27T14:07:48+00:00 DEBUG Tt4b_Pixel_Class::inject_view_content_event: Missing option "access_token"
2024-01-27T14:07:49+00:00 DEBUG Tt4b_Pixel_Class::inject_view_content_event: hit ViewContent
2024-01-27T14:07:49+00:00 DEBUG Tt4b_Pixel_Class::inject_view_content_event: Missing option "access_token"
2024-01-27T14:07:52+00:00 DEBUG Tt4b_Pixel_Class::inject_view_content_event: hit ViewContent
2024-01-27T14:07:52+00:00 DEBUG Tt4b_Pixel_Class::inject_view_content_event: Missing option "access_token"
2024-01-27T14:07:55+00:00 DEBUG Tt4b_Pixel_Class::inject_view_content_event: hit ViewContent
2024-01-27T14:07:55+00:00 DEBUG Tt4b_Pixel_Class::inject_view_content_event: Missing option "access_token"
2024-01-27T14:07:57+00:00 DEBUG Tt4b_Pixel_Class::inject_view_content_event: hit ViewContent
2024-01-27T14:07:57+00:00 DEBUG Tt4b_Pixel_Class::inject_view_content_event: Missing option "access_token"
2024-01-27T14:08:00+00:00 DEBUG Tt4b_Pixel_Class::inject_view_content_event: hit ViewContent
2024-01-27T14:08:00+00:00 DEBUG Tt4b_Pixel_Class::inject_view_content_event: Missing option "access_token"
2024-01-27T14:08:12+00:00 DEBUG Tt4b_Pixel_Class::inject_add_to_cart_event: hit AddToCart
2024-01-27T14:08:12+00:00 DEBUG Tt4b_Pixel_Class::inject_add_to_cart_event: Missing option "access_token"
2024-01-27T14:08:14+00:00 DEBUG Tt4b_Pixel_Class::inject_view_content_event: hit ViewContent
2024-01-27T14:08:14+00:00 DEBUG Tt4b_Pixel_Class::inject_view_content_event: Missing option "access_token"
2024-01-27T14:08:26+00:00 DEBUG Tt4b_Pixel_Class::inject_view_content_event: hit ViewContent
2024-01-27T14:08:26+00:00 DEBUG Tt4b_Pixel_Class::inject_view_content_event: Missing option "access_token"
2024-01-27T14:08:38+00:00 DEBUG Tt4b_Pixel_Class::inject_view_content_event: hit ViewContent
2024-01-27T14:08:38+00:00 DEBUG Tt4b_Pixel_Class::inject_view_content_event: Missing option "access_token"
2024-01-27T14:09:01+00:00 DEBUG Tt4b_Pixel_Class::inject_add_to_cart_event: hit AddToCart
2024-01-27T14:09:01+00:00 DEBUG Tt4b_Pixel_Class::inject_add_to_cart_event: Missing option "access_token"
2024-01-27T14:09:07+00:00 DEBUG Tt4b_Pixel_Class::inject_view_content_event: hit ViewContent
2024-01-27T14:09:07+00:00 DEBUG Tt4b_Pixel_Class::inject_view_content_event: Missing option "access_token"
2024-01-27T14:09:25+00:00 DEBUG Tt4b_Pixel_Class::inject_view_content_event: hit ViewContent
2024-01-27T14:09:25+00:00 DEBUG Tt4b_Pixel_Class::inject_view_content_event: Missing option "access_token"
2024-01-27T14:09:51+00:00 DEBUG Tt4b_Pixel_Class::inject_add_to_cart_event: hit AddToCart
2024-01-27T14:09:51+00:00 DEBUG Tt4b_Pixel_Class::inject_add_to_cart_event: Missing option "access_token"
2024-01-27T14:09:52+00:00 DEBUG Tt4b_Pixel_Class::inject_view_content_event: hit ViewContent
2024-01-27T14:09:52+00:00 DEBUG Tt4b_Pixel_Class::inject_view_content_event: Missing option "access_token"
2024-01-27T14:10:07+00:00 DEBUG Tt4b_Pixel_Class::inject_view_content_event: hit ViewContent
2024-01-27T14:10:07+00:00 DEBUG Tt4b_Pixel_Class::inject_view_content_event: Missing option "access_token"
2024-01-27T14:10:09+00:00 DEBUG Tt4b_Pixel_Class::inject_view_content_event: hit ViewContent
2024-01-27T14:10:09+00:00 DEBUG Tt4b_Pixel_Class::inject_view_content_event: Missing option "access_token"
2024-01-27T14:10:41+00:00 DEBUG Tt4b_Pixel_Class::inject_add_to_cart_event: hit AddToCart
2024-01-27T14:10:41+00:00 DEBUG Tt4b_Pixel_Class::inject_add_to_cart_event: Missing option "access_token"
2024-01-27T14:10:44+00:00 DEBUG Tt4b_Pixel_Class::inject_view_content_event: hit ViewContent
2024-01-27T14:10:44+00:00 DEBUG Tt4b_Pixel_Class::inject_view_content_event: Missing option "access_token"
2024-01-27T14:10:48+00:00 DEBUG Tt4b_Pixel_Class::inject_view_content_event: hit ViewContent
2024-01-27T14:10:48+00:00 DEBUG Tt4b_Pixel_Class::inject_view_content_event: Missing option "access_token"
2024-01-27T14:10:52+00:00 DEBUG Tt4b_Pixel_Class::inject_view_content_event: hit ViewContent
2024-01-27T14:10:52+00:00 DEBUG Tt4b_Pixel_Class::inject_view_content_event: Missing option "access_token"
2024-01-27T14:10:56+00:00 DEBUG Tt4b_Pixel_Class::inject_view_content_event: hit ViewContent
2024-01-27T14:10:56+00:00 DEBUG Tt4b_Pixel_Class::inject_view_content_event: Missing option "access_token"
2024-01-27T14:11:01+00:00 DEBUG Tt4b_Pixel_Class::inject_view_content_event: hit ViewContent
2024-01-27T14:11:01+00:00 DEBUG Tt4b_Pixel_Class::inject_view_content_event: Missing option "access_token"
2024-01-27T14:11:06+00:00 DEBUG Tt4b_Pixel_Class::inject_view_content_event: hit ViewContent
2024-01-27T14:11:06+00:00 DEBUG Tt4b_Pixel_Class::inject_view_content_event: Missing option "access_token"
2024-01-27T14:11:34+00:00 DEBUG Tt4b_Pixel_Class::inject_add_to_cart_event: hit AddToCart
2024-01-27T14:11:34+00:00 DEBUG Tt4b_Pixel_Class::inject_add_to_cart_event: Missing option "access_token"
2024-01-27T14:11:42+00:00 DEBUG Tt4b_Pixel_Class::inject_view_content_event: hit ViewContent
2024-01-27T14:11:42+00:00 DEBUG Tt4b_Pixel_Class::inject_view_content_event: Missing option "access_token"
2024-01-27T14:11:44+00:00 DEBUG Tt4b_Pixel_Class::inject_view_content_event: hit ViewContent
2024-01-27T14:11:44+00:00 DEBUG Tt4b_Pixel_Class::inject_view_content_event: Missing option "access_token"
2024-01-27T14:11:46+00:00 DEBUG Tt4b_Pixel_Class::inject_add_to_cart_event: hit AddToCart
2024-01-27T14:11:46+00:00 DEBUG Tt4b_Pixel_Class::inject_add_to_cart_event: Missing option "access_token"
2024-01-27T14:11:49+00:00 DEBUG Tt4b_Pixel_Class::inject_view_content_event: hit ViewContent
2024-01-27T14:11:49+00:00 DEBUG Tt4b_Pixel_Class::inject_view_content_event: Missing option "access_token"
2024-01-27T14:11:51+00:00 DEBUG Tt4b_Pixel_Class::inject_view_content_event: hit ViewContent
2024-01-27T14:11:51+00:00 DEBUG Tt4b_Pixel_Class::inject_view_content_event: Missing option "access_token"
2024-01-27T14:11:53+00:00 DEBUG Tt4b_Pixel_Class::inject_view_content_event: hit ViewContent
2024-01-27T14:11:53+00:00 DEBUG Tt4b_Pixel_Class::inject_view_content_event: Missing option "access_token"
2024-01-27T14:11:54+00:00 DEBUG Tt4b_Pixel_Class::inject_add_to_cart_event: hit AddToCart
2024-01-27T14:11:54+00:00 DEBUG Tt4b_Pixel_Class::inject_add_to_cart_event: Missing option "access_token"
2024-01-27T14:11:55+00:00 DEBUG Tt4b_Pixel_Class::inject_view_content_event: hit ViewContent
2024-01-27T14:11:55+00:00 DEBUG Tt4b_Pixel_Class::inject_view_content_event: Missing option "access_token"
2024-01-27T14:11:57+00:00 DEBUG Tt4b_Pixel_Class::inject_view_content_event: hit ViewContent
2024-01-27T14:11:57+00:00 DEBUG Tt4b_Pixel_Class::inject_view_content_event: Missing option "access_token"
2024-01-27T14:12:00+00:00 DEBUG Tt4b_Pixel_Class::inject_view_content_event: hit ViewContent
2024-01-27T14:12:00+00:00 DEBUG Tt4b_Pixel_Class::inject_view_content_event: Missing option "access_token"
2024-01-27T14:12:01+00:00 DEBUG Tt4b_Pixel_Class::inject_view_content_event: hit ViewContent
2024-01-27T14:12:01+00:00 DEBUG Tt4b_Pixel_Class::inject_view_content_event: Missing option "access_token"
2024-01-27T14:12:21+00:00 DEBUG Tt4b_Pixel_Class::inject_add_to_cart_event: hit AddToCart
2024-01-27T14:12:21+00:00 DEBUG Tt4b_Pixel_Class::inject_add_to_cart_event: Missing option "access_token"
2024-01-27T14:12:30+00:00 DEBUG Tt4b_Pixel_Class::inject_view_content_event: hit ViewContent
2024-01-27T14:12:30+00:00 DEBUG Tt4b_Pixel_Class::inject_view_content_event: Missing option "access_token"
2024-01-27T14:12:35+00:00 DEBUG Tt4b_Pixel_Class::inject_add_to_cart_event: hit AddToCart
2024-01-27T14:12:35+00:00 DEBUG Tt4b_Pixel_Class::inject_add_to_cart_event: Missing option "access_token"
2024-01-27T14:12:44+00:00 DEBUG Tt4b_Pixel_Class::inject_view_content_event: hit ViewContent
2024-01-27T14:12:44+00:00 DEBUG Tt4b_Pixel_Class::inject_view_content_event: Missing option "access_token"
2024-01-27T14:12:48+00:00 DEBUG Tt4b_Pixel_Class::inject_view_content_event: hit ViewContent
2024-01-27T14:12:48+00:00 DEBUG Tt4b_Pixel_Class::inject_view_content_event: Missing option "access_token"
2024-01-27T14:13:04+00:00 DEBUG Tt4b_Pixel_Class::inject_view_content_event: hit ViewContent
2024-01-27T14:13:04+00:00 DEBUG Tt4b_Pixel_Class::inject_view_content_event: Missing option "access_token"
2024-01-27T14:13:08+00:00 DEBUG Tt4b_Pixel_Class::inject_view_content_event: hit ViewContent
2024-01-27T14:13:08+00:00 DEBUG Tt4b_Pixel_Class::inject_view_content_event: Missing option "access_token"
2024-01-27T14:13:09+00:00 DEBUG Tt4b_Pixel_Class::inject_add_to_cart_event: hit AddToCart
2024-01-27T14:13:09+00:00 DEBUG Tt4b_Pixel_Class::inject_add_to_cart_event: Missing option "access_token"
2024-01-27T14:13:14+00:00 DEBUG Tt4b_Pixel_Class::inject_view_content_event: hit ViewContent
2024-01-27T14:13:14+00:00 DEBUG Tt4b_Pixel_Class::inject_view_content_event: Missing option "access_token"
2024-01-27T14:13:19+00:00 DEBUG Tt4b_Pixel_Class::inject_view_content_event: hit ViewContent
2024-01-27T14:13:19+00:00 DEBUG Tt4b_Pixel_Class::inject_view_content_event: Missing option "access_token"
2024-01-27T14:13:24+00:00 DEBUG Tt4b_Pixel_Class::inject_add_to_cart_event: hit AddToCart
2024-01-27T14:13:24+00:00 DEBUG Tt4b_Pixel_Class::inject_add_to_cart_event: Missing option "access_token"
2024-01-27T14:13:24+00:00 DEBUG Tt4b_Pixel_Class::inject_view_content_event: hit ViewContent
2024-01-27T14:13:24+00:00 DEBUG Tt4b_Pixel_Class::inject_view_content_event: Missing option "access_token"
2024-01-27T14:13:27+00:00 DEBUG Tt4b_Pixel_Class::inject_view_content_event: hit ViewContent
2024-01-27T14:13:27+00:00 DEBUG Tt4b_Pixel_Class::inject_view_content_event: Missing option "access_token"
2024-01-27T14:13:29+00:00 DEBUG Tt4b_Pixel_Class::inject_view_content_event: hit ViewContent
2024-01-27T14:13:29+00:00 DEBUG Tt4b_Pixel_Class::inject_view_content_event: Missing option "access_token"
2024-01-27T14:13:31+00:00 DEBUG Tt4b_Pixel_Class::inject_view_content_event: hit ViewContent
2024-01-27T14:13:31+00:00 DEBUG Tt4b_Pixel_Class::inject_view_content_event: Missing option "access_token"
2024-01-27T14:13:34+00:00 DEBUG Tt4b_Pixel_Class::inject_view_content_event: hit ViewContent
2024-01-27T14:13:34+00:00 DEBUG Tt4b_Pixel_Class::inject_view_content_event: Missing option "access_token"
2024-01-27T14:13:37+00:00 DEBUG Tt4b_Pixel_Class::inject_view_content_event: hit ViewContent
2024-01-27T14:13:37+00:00 DEBUG Tt4b_Pixel_Class::inject_view_content_event: Missing option "access_token"
2024-01-27T14:13:40+00:00 DEBUG Tt4b_Pixel_Class::inject_view_content_event: hit ViewContent
2024-01-27T14:13:40+00:00 DEBUG Tt4b_Pixel_Class::inject_view_content_event: Missing option "access_token"
2024-01-27T14:13:43+00:00 DEBUG Tt4b_Pixel_Class::inject_view_content_event: hit ViewContent
2024-01-27T14:13:43+00:00 DEBUG Tt4b_Pixel_Class::inject_view_content_event: Missing option "access_token"
2024-01-27T14:13:47+00:00 DEBUG Tt4b_Pixel_Class::inject_view_content_event: hit ViewContent
2024-01-27T14:13:47+00:00 DEBUG Tt4b_Pixel_Class::inject_view_content_event: Missing option "access_token"
2024-01-27T14:13:52+00:00 DEBUG Tt4b_Pixel_Class::inject_view_content_event: hit ViewContent
2024-01-27T14:13:52+00:00 DEBUG Tt4b_Pixel_Class::inject_view_content_event: Missing option "access_token"
2024-01-27T14:13:58+00:00 DEBUG Tt4b_Pixel_Class::inject_view_content_event: hit ViewContent
2024-01-27T14:13:58+00:00 DEBUG Tt4b_Pixel_Class::inject_view_content_event: Missing option "access_token"
2024-01-27T14:14:03+00:00 DEBUG Tt4b_Pixel_Class::inject_view_content_event: hit ViewContent
2024-01-27T14:14:03+00:00 DEBUG Tt4b_Pixel_Class::inject_view_content_event: Missing option "access_token"
2024-01-27T14:14:04+00:00 DEBUG Tt4b_Pixel_Class::inject_add_to_cart_event: hit AddToCart
2024-01-27T14:14:04+00:00 DEBUG Tt4b_Pixel_Class::inject_add_to_cart_event: Missing option "access_token"
2024-01-27T14:14:09+00:00 DEBUG Tt4b_Pixel_Class::inject_view_content_event: hit ViewContent
2024-01-27T14:14:09+00:00 DEBUG Tt4b_Pixel_Class::inject_view_content_event: Missing option "access_token"
2024-01-27T14:14:13+00:00 DEBUG Tt4b_Pixel_Class::inject_view_content_event: hit ViewContent
2024-01-27T14:14:13+00:00 DEBUG Tt4b_Pixel_Class::inject_view_content_event: Missing option "access_token"
2024-01-27T14:14:19+00:00 DEBUG Tt4b_Pixel_Class::inject_add_to_cart_event: hit AddToCart
2024-01-27T14:14:19+00:00 DEBUG Tt4b_Pixel_Class::inject_add_to_cart_event: Missing option "access_token"
2024-01-27T14:14:21+00:00 DEBUG Tt4b_Pixel_Class::inject_add_to_cart_event: hit AddToCart
2024-01-27T14:14:21+00:00 DEBUG Tt4b_Pixel_Class::inject_add_to_cart_event: Missing option "access_token"
2024-01-27T14:14:24+00:00 DEBUG Tt4b_Pixel_Class::inject_add_to_cart_event: hit AddToCart
2024-01-27T14:14:24+00:00 DEBUG Tt4b_Pixel_Class::inject_add_to_cart_event: Missing option "access_token"
2024-01-27T14:14:30+00:00 DEBUG Tt4b_Pixel_Class::inject_add_to_cart_event: hit AddToCart
2024-01-27T14:14:30+00:00 DEBUG Tt4b_Pixel_Class::inject_add_to_cart_event: Missing option "access_token"
2024-01-27T14:14:31+00:00 DEBUG Tt4b_Pixel_Class::inject_view_content_event: hit ViewContent
2024-01-27T14:14:31+00:00 DEBUG Tt4b_Pixel_Class::inject_view_content_event: Missing option "access_token"
2024-01-27T14:14:31+00:00 DEBUG Tt4b_Pixel_Class::inject_view_content_event: hit ViewContent
2024-01-27T14:14:31+00:00 DEBUG Tt4b_Pixel_Class::inject_view_content_event: Missing option "access_token"
2024-01-27T14:14:35+00:00 DEBUG Tt4b_Pixel_Class::inject_add_to_cart_event: hit AddToCart
2024-01-27T14:14:35+00:00 DEBUG Tt4b_Pixel_Class::inject_add_to_cart_event: Missing option "access_token"
2024-01-27T14:14:37+00:00 DEBUG Tt4b_Pixel_Class::inject_add_to_cart_event: hit AddToCart
2024-01-27T14:14:37+00:00 DEBUG Tt4b_Pixel_Class::inject_add_to_cart_event: Missing option "access_token"
2024-01-27T14:14:55+00:00 DEBUG Tt4b_Pixel_Class::inject_view_content_event: hit ViewContent
2024-01-27T14:14:55+00:00 DEBUG Tt4b_Pixel_Class::inject_view_content_event: Missing option "access_token"
2024-01-27T14:14:56+00:00 DEBUG Tt4b_Pixel_Class::inject_add_to_cart_event: hit AddToCart
2024-01-27T14:14:56+00:00 DEBUG Tt4b_Pixel_Class::inject_add_to_cart_event: Missing option "access_token"
2024-01-27T14:15:20+00:00 DEBUG Tt4b_Pixel_Class::inject_view_content_event: hit ViewContent
2024-01-27T14:15:20+00:00 DEBUG Tt4b_Pixel_Class::inject_view_content_event: Missing option "access_token"
2024-01-27T14:15:24+00:00 DEBUG Tt4b_Pixel_Class::inject_view_content_event: hit ViewContent
2024-01-27T14:15:24+00:00 DEBUG Tt4b_Pixel_Class::inject_view_content_event: Missing option "access_token"
2024-01-27T14:15:27+00:00 DEBUG Tt4b_Pixel_Class::inject_add_to_cart_event: hit AddToCart
2024-01-27T14:15:27+00:00 DEBUG Tt4b_Pixel_Class::inject_add_to_cart_event: Missing option "access_token"
2024-01-27T14:15:27+00:00 DEBUG Tt4b_Pixel_Class::inject_view_content_event: hit ViewContent
2024-01-27T14:15:27+00:00 DEBUG Tt4b_Pixel_Class::inject_view_content_event: Missing option "access_token"
2024-01-27T14:15:41+00:00 DEBUG Tt4b_Pixel_Class::inject_view_content_event: hit ViewContent
2024-01-27T14:15:41+00:00 DEBUG Tt4b_Pixel_Class::inject_view_content_event: Missing option "access_token"
2024-01-27T14:15:44+00:00 DEBUG Tt4b_Pixel_Class::inject_view_content_event: hit ViewContent
2024-01-27T14:15:44+00:00 DEBUG Tt4b_Pixel_Class::inject_view_content_event: Missing option "access_token"
2024-01-27T14:15:45+00:00 DEBUG Tt4b_Pixel_Class::inject_add_to_cart_event: hit AddToCart
2024-01-27T14:15:45+00:00 DEBUG Tt4b_Pixel_Class::inject_add_to_cart_event: Missing option "access_token"
2024-01-27T14:15:47+00:00 DEBUG Tt4b_Pixel_Class::inject_view_content_event: hit ViewContent
2024-01-27T14:15:47+00:00 DEBUG Tt4b_Pixel_Class::inject_view_content_event: Missing option "access_token"
2024-01-27T14:15:52+00:00 DEBUG Tt4b_Pixel_Class::inject_view_content_event: hit ViewContent
2024-01-27T14:15:52+00:00 DEBUG Tt4b_Pixel_Class::inject_view_content_event: Missing option "access_token"
2024-01-27T14:15:57+00:00 DEBUG Tt4b_Pixel_Class::inject_view_content_event: hit ViewContent
2024-01-27T14:15:57+00:00 DEBUG Tt4b_Pixel_Class::inject_view_content_event: Missing option "access_token"
2024-01-27T14:16:07+00:00 DEBUG Tt4b_Pixel_Class::inject_add_to_cart_event: hit AddToCart
2024-01-27T14:16:07+00:00 DEBUG Tt4b_Pixel_Class::inject_add_to_cart_event: Missing option "access_token"
2024-01-27T14:16:14+00:00 DEBUG Tt4b_Pixel_Class::inject_add_to_cart_event: hit AddToCart
2024-01-27T14:16:14+00:00 DEBUG Tt4b_Pixel_Class::inject_add_to_cart_event: Missing option "access_token"
2024-01-27T14:16:18+00:00 DEBUG Tt4b_Pixel_Class::inject_add_to_cart_event: hit AddToCart
2024-01-27T14:16:18+00:00 DEBUG Tt4b_Pixel_Class::inject_add_to_cart_event: Missing option "access_token"
2024-01-27T14:16:19+00:00 DEBUG Tt4b_Pixel_Class::inject_add_to_cart_event: hit AddToCart
2024-01-27T14:16:19+00:00 DEBUG Tt4b_Pixel_Class::inject_add_to_cart_event: Missing option "access_token"
2024-01-27T14:16:20+00:00 DEBUG Tt4b_Pixel_Class::inject_view_content_event: hit ViewContent
2024-01-27T14:16:20+00:00 DEBUG Tt4b_Pixel_Class::inject_view_content_event: Missing option "access_token"
2024-01-27T14:16:21+00:00 DEBUG Tt4b_Pixel_Class::inject_add_to_cart_event: hit AddToCart
2024-01-27T14:16:21+00:00 DEBUG Tt4b_Pixel_Class::inject_add_to_cart_event: Missing option "access_token"
2024-01-27T14:16:21+00:00 DEBUG Tt4b_Pixel_Class::inject_view_content_event: hit ViewContent
2024-01-27T14:16:21+00:00 DEBUG Tt4b_Pixel_Class::inject_view_content_event: Missing option "access_token"
2024-01-27T14:16:43+00:00 DEBUG Tt4b_Pixel_Class::inject_view_content_event: hit ViewContent
2024-01-27T14:16:43+00:00 DEBUG Tt4b_Pixel_Class::inject_view_content_event: Missing option "access_token"
2024-01-27T14:16:49+00:00 DEBUG Tt4b_Pixel_Class::inject_view_content_event: hit ViewContent
2024-01-27T14:16:49+00:00 DEBUG Tt4b_Pixel_Class::inject_view_content_event: Missing option "access_token"
2024-01-27T14:16:56+00:00 DEBUG Tt4b_Pixel_Class::inject_add_to_cart_event: hit AddToCart
2024-01-27T14:16:56+00:00 DEBUG Tt4b_Pixel_Class::inject_add_to_cart_event: Missing option "access_token"
2024-01-27T14:17:13+00:00 DEBUG Tt4b_Pixel_Class::inject_view_content_event: hit ViewContent
2024-01-27T14:17:13+00:00 DEBUG Tt4b_Pixel_Class::inject_view_content_event: Missing option "access_token"
2024-01-27T14:17:22+00:00 DEBUG Tt4b_Pixel_Class::inject_view_content_event: hit ViewContent
2024-01-27T14:17:22+00:00 DEBUG Tt4b_Pixel_Class::inject_view_content_event: Missing option "access_token"
2024-01-27T14:17:38+00:00 DEBUG Tt4b_Pixel_Class::inject_add_to_cart_event: hit AddToCart
2024-01-27T14:17:38+00:00 DEBUG Tt4b_Pixel_Class::inject_add_to_cart_event: Missing option "access_token"
2024-01-27T14:17:38+00:00 DEBUG Tt4b_Pixel_Class::inject_view_content_event: hit ViewContent
2024-01-27T14:17:38+00:00 DEBUG Tt4b_Pixel_Class::inject_view_content_event: Missing option "access_token"
2024-01-27T14:17:45+00:00 DEBUG Tt4b_Pixel_Class::inject_add_to_cart_event: hit AddToCart
2024-01-27T14:17:45+00:00 DEBUG Tt4b_Pixel_Class::inject_add_to_cart_event: Missing option "access_token"
2024-01-27T14:17:48+00:00 DEBUG Tt4b_Pixel_Class::inject_view_content_event: hit ViewContent
2024-01-27T14:17:48+00:00 DEBUG Tt4b_Pixel_Class::inject_view_content_event: Missing option "access_token"
2024-01-27T14:18:04+00:00 DEBUG Tt4b_Pixel_Class::inject_view_content_event: hit ViewContent
2024-01-27T14:18:04+00:00 DEBUG Tt4b_Pixel_Class::inject_view_content_event: Missing option "access_token"
2024-01-27T14:18:07+00:00 DEBUG Tt4b_Pixel_Class::inject_add_to_cart_event: hit AddToCart
2024-01-27T14:18:07+00:00 DEBUG Tt4b_Pixel_Class::inject_add_to_cart_event: Missing option "access_token"
2024-01-27T14:18:08+00:00 DEBUG Tt4b_Pixel_Class::inject_view_content_event: hit ViewContent
2024-01-27T14:18:08+00:00 DEBUG Tt4b_Pixel_Class::inject_view_content_event: Missing option "access_token"
2024-01-27T14:18:25+00:00 DEBUG Tt4b_Pixel_Class::inject_add_to_cart_event: hit AddToCart
2024-01-27T14:18:25+00:00 DEBUG Tt4b_Pixel_Class::inject_add_to_cart_event: Missing option "access_token"
2024-01-27T14:18:25+00:00 DEBUG Tt4b_Pixel_Class::inject_view_content_event: hit ViewContent
2024-01-27T14:18:25+00:00 DEBUG Tt4b_Pixel_Class::inject_view_content_event: Missing option "access_token"
2024-01-27T14:18:37+00:00 DEBUG Tt4b_Pixel_Class::inject_view_content_event: hit ViewContent
2024-01-27T14:18:37+00:00 DEBUG Tt4b_Pixel_Class::inject_view_content_event: Missing option "access_token"
2024-01-27T14:18:38+00:00 DEBUG Tt4b_Pixel_Class::inject_add_to_cart_event: hit AddToCart
2024-01-27T14:18:38+00:00 DEBUG Tt4b_Pixel_Class::inject_add_to_cart_event: Missing option "access_token"
2024-01-27T14:18:55+00:00 DEBUG Tt4b_Pixel_Class::inject_view_content_event: hit ViewContent
2024-01-27T14:18:55+00:00 DEBUG Tt4b_Pixel_Class::inject_view_content_event: Missing option "access_token"
2024-01-27T14:19:02+00:00 DEBUG Tt4b_Pixel_Class::inject_view_content_event: hit ViewContent
2024-01-27T14:19:02+00:00 DEBUG Tt4b_Pixel_Class::inject_view_content_event: Missing option "access_token"
2024-01-27T14:19:04+00:00 DEBUG Tt4b_Pixel_Class::inject_view_content_event: hit ViewContent
2024-01-27T14:19:04+00:00 DEBUG Tt4b_Pixel_Class::inject_view_content_event: Missing option "access_token"
2024-01-27T14:19:15+00:00 DEBUG Tt4b_Pixel_Class::inject_add_to_cart_event: hit AddToCart
2024-01-27T14:19:15+00:00 DEBUG Tt4b_Pixel_Class::inject_add_to_cart_event: Missing option "access_token"
2024-01-27T14:19:32+00:00 DEBUG Tt4b_Pixel_Class::inject_view_content_event: hit ViewContent
2024-01-27T14:19:32+00:00 DEBUG Tt4b_Pixel_Class::inject_view_content_event: Missing option "access_token"
2024-01-27T14:19:35+00:00 DEBUG Tt4b_Pixel_Class::inject_view_content_event: hit ViewContent
2024-01-27T14:19:35+00:00 DEBUG Tt4b_Pixel_Class::inject_view_content_event: Missing option "access_token"
2024-01-27T14:19:47+00:00 DEBUG Tt4b_Pixel_Class::inject_add_to_cart_event: hit AddToCart
2024-01-27T14:19:47+00:00 DEBUG Tt4b_Pixel_Class::inject_add_to_cart_event: Missing option "access_token"
2024-01-27T14:19:48+00:00 DEBUG Tt4b_Pixel_Class::inject_view_content_event: hit ViewContent
2024-01-27T14:19:48+00:00 DEBUG Tt4b_Pixel_Class::inject_view_content_event: Missing option "access_token"
2024-01-27T14:19:50+00:00 DEBUG Tt4b_Pixel_Class::inject_view_content_event: hit ViewContent
2024-01-27T14:19:50+00:00 DEBUG Tt4b_Pixel_Class::inject_view_content_event: Missing option "access_token"
2024-01-27T14:19:52+00:00 DEBUG Tt4b_Pixel_Class::inject_view_content_event: hit ViewContent
2024-01-27T14:19:52+00:00 DEBUG Tt4b_Pixel_Class::inject_view_content_event: Missing option "access_token"
2024-01-27T14:19:54+00:00 DEBUG Tt4b_Pixel_Class::inject_view_content_event: hit ViewContent
2024-01-27T14:19:54+00:00 DEBUG Tt4b_Pixel_Class::inject_view_content_event: Missing option "access_token"
2024-01-27T14:19:55+00:00 DEBUG Tt4b_Pixel_Class::inject_view_content_event: hit ViewContent
2024-01-27T14:19:55+00:00 DEBUG Tt4b_Pixel_Class::inject_view_content_event: Missing option "access_token"
2024-01-27T14:19:57+00:00 DEBUG Tt4b_Pixel_Class::inject_add_to_cart_event: hit AddToCart
2024-01-27T14:19:57+00:00 DEBUG Tt4b_Pixel_Class::inject_add_to_cart_event: Missing option "access_token"
2024-01-27T14:19:59+00:00 DEBUG Tt4b_Pixel_Class::inject_view_content_event: hit ViewContent
2024-01-27T14:19:59+00:00 DEBUG Tt4b_Pixel_Class::inject_view_content_event: Missing option "access_token"
2024-01-27T14:20:07+00:00 DEBUG Tt4b_Pixel_Class::inject_view_content_event: hit ViewContent
2024-01-27T14:20:07+00:00 DEBUG Tt4b_Pixel_Class::inject_view_content_event: Missing option "access_token"
2024-01-27T14:20:15+00:00 DEBUG Tt4b_Pixel_Class::inject_view_content_event: hit ViewContent
2024-01-27T14:20:15+00:00 DEBUG Tt4b_Pixel_Class::inject_view_content_event: Missing option "access_token"
2024-01-27T14:20:18+00:00 DEBUG Tt4b_Pixel_Class::inject_view_content_event: hit ViewContent
2024-01-27T14:20:18+00:00 DEBUG Tt4b_Pixel_Class::inject_view_content_event: Missing option "access_token"
2024-01-27T14:20:20+00:00 DEBUG Tt4b_Pixel_Class::inject_view_content_event: hit ViewContent
2024-01-27T14:20:20+00:00 DEBUG Tt4b_Pixel_Class::inject_view_content_event: Missing option "access_token"
2024-01-27T14:20:27+00:00 DEBUG Tt4b_Pixel_Class::inject_add_to_cart_event: hit AddToCart
2024-01-27T14:20:27+00:00 DEBUG Tt4b_Pixel_Class::inject_add_to_cart_event: Missing option "access_token"
2024-01-27T14:20:32+00:00 DEBUG Tt4b_Pixel_Class::inject_view_content_event: hit ViewContent
2024-01-27T14:20:32+00:00 DEBUG Tt4b_Pixel_Class::inject_view_content_event: Missing option "access_token"
2024-01-27T14:20:43+00:00 DEBUG Tt4b_Pixel_Class::inject_add_to_cart_event: hit AddToCart
2024-01-27T14:20:43+00:00 DEBUG Tt4b_Pixel_Class::inject_add_to_cart_event: Missing option "access_token"
2024-01-27T14:20:56+00:00 DEBUG Tt4b_Pixel_Class::inject_view_content_event: hit ViewContent
2024-01-27T14:20:56+00:00 DEBUG Tt4b_Pixel_Class::inject_view_content_event: Missing option "access_token"
2024-01-27T14:21:01+00:00 DEBUG Tt4b_Pixel_Class::inject_view_content_event: hit ViewContent
2024-01-27T14:21:01+00:00 DEBUG Tt4b_Pixel_Class::inject_view_content_event: Missing option "access_token"
2024-01-27T14:21:18+00:00 DEBUG Tt4b_Pixel_Class::inject_view_content_event: hit ViewContent
2024-01-27T14:21:18+00:00 DEBUG Tt4b_Pixel_Class::inject_view_content_event: Missing option "access_token"
2024-01-27T14:21:28+00:00 DEBUG Tt4b_Pixel_Class::inject_add_to_cart_event: hit AddToCart
2024-01-27T14:21:28+00:00 DEBUG Tt4b_Pixel_Class::inject_add_to_cart_event: Missing option "access_token"
2024-01-27T14:21:30+00:00 DEBUG Tt4b_Pixel_Class::inject_add_to_cart_event: hit AddToCart
2024-01-27T14:21:30+00:00 DEBUG Tt4b_Pixel_Class::inject_add_to_cart_event: Missing option "access_token"
2024-01-27T14:21:30+00:00 DEBUG Tt4b_Pixel_Class::inject_view_content_event: hit ViewContent
2024-01-27T14:21:30+00:00 DEBUG Tt4b_Pixel_Class::inject_view_content_event: Missing option "access_token"
2024-01-27T14:21:33+00:00 DEBUG Tt4b_Pixel_Class::inject_view_content_event: hit ViewContent
2024-01-27T14:21:33+00:00 DEBUG Tt4b_Pixel_Class::inject_view_content_event: Missing option "access_token"
2024-01-27T14:21:35+00:00 DEBUG Tt4b_Pixel_Class::inject_view_content_event: hit ViewContent
2024-01-27T14:21:35+00:00 DEBUG Tt4b_Pixel_Class::inject_view_content_event: Missing option "access_token"
2024-01-27T14:21:39+00:00 DEBUG Tt4b_Pixel_Class::inject_view_content_event: hit ViewContent
2024-01-27T14:21:39+00:00 DEBUG Tt4b_Pixel_Class::inject_view_content_event: Missing option "access_token"
2024-01-27T14:21:44+00:00 DEBUG Tt4b_Pixel_Class::inject_view_content_event: hit ViewContent
2024-01-27T14:21:44+00:00 DEBUG Tt4b_Pixel_Class::inject_view_content_event: Missing option "access_token"
2024-01-27T14:21:48+00:00 DEBUG Tt4b_Pixel_Class::inject_view_content_event: hit ViewContent
2024-01-27T14:21:48+00:00 DEBUG Tt4b_Pixel_Class::inject_view_content_event: Missing option "access_token"
2024-01-27T14:21:52+00:00 DEBUG Tt4b_Pixel_Class::inject_view_content_event: hit ViewContent
2024-01-27T14:21:52+00:00 DEBUG Tt4b_Pixel_Class::inject_view_content_event: Missing option "access_token"
2024-01-27T14:22:16+00:00 DEBUG Tt4b_Pixel_Class::inject_add_to_cart_event: hit AddToCart
2024-01-27T14:22:16+00:00 DEBUG Tt4b_Pixel_Class::inject_add_to_cart_event: Missing option "access_token"
2024-01-27T14:22:18+00:00 DEBUG Tt4b_Pixel_Class::inject_add_to_cart_event: hit AddToCart
2024-01-27T14:22:18+00:00 DEBUG Tt4b_Pixel_Class::inject_add_to_cart_event: Missing option "access_token"
2024-01-27T14:22:20+00:00 DEBUG Tt4b_Pixel_Class::inject_add_to_cart_event: hit AddToCart
2024-01-27T14:22:20+00:00 DEBUG Tt4b_Pixel_Class::inject_add_to_cart_event: Missing option "access_token"
2024-01-27T14:22:22+00:00 DEBUG Tt4b_Pixel_Class::inject_add_to_cart_event: hit AddToCart
2024-01-27T14:22:22+00:00 DEBUG Tt4b_Pixel_Class::inject_add_to_cart_event: Missing option "access_token"
2024-01-27T14:22:28+00:00 DEBUG Tt4b_Pixel_Class::inject_view_content_event: hit ViewContent
2024-01-27T14:22:28+00:00 DEBUG Tt4b_Pixel_Class::inject_view_content_event: Missing option "access_token"
2024-01-27T14:22:29+00:00 DEBUG Tt4b_Pixel_Class::inject_add_to_cart_event: hit AddToCart
2024-01-27T14:22:29+00:00 DEBUG Tt4b_Pixel_Class::inject_add_to_cart_event: Missing option "access_token"
2024-01-27T14:22:31+00:00 DEBUG Tt4b_Pixel_Class::inject_view_content_event: hit ViewContent
2024-01-27T14:22:31+00:00 DEBUG Tt4b_Pixel_Class::inject_view_content_event: Missing option "access_token"
2024-01-27T14:22:38+00:00 DEBUG Tt4b_Pixel_Class::inject_view_content_event: hit ViewContent
2024-01-27T14:22:38+00:00 DEBUG Tt4b_Pixel_Class::inject_view_content_event: Missing option "access_token"
2024-01-27T14:22:38+00:00 DEBUG Tt4b_Pixel_Class::inject_add_to_cart_event: hit AddToCart
2024-01-27T14:22:38+00:00 DEBUG Tt4b_Pixel_Class::inject_add_to_cart_event: Missing option "access_token"
2024-01-27T14:22:41+00:00 DEBUG Tt4b_Pixel_Class::inject_view_content_event: hit ViewContent
2024-01-27T14:22:41+00:00 DEBUG Tt4b_Pixel_Class::inject_view_content_event: Missing option "access_token"
2024-01-27T14:22:44+00:00 DEBUG Tt4b_Pixel_Class::inject_view_content_event: hit ViewContent
2024-01-27T14:22:44+00:00 DEBUG Tt4b_Pixel_Class::inject_view_content_event: Missing option "access_token"
2024-01-27T14:22:47+00:00 DEBUG Tt4b_Pixel_Class::inject_view_content_event: hit ViewContent
2024-01-27T14:22:47+00:00 DEBUG Tt4b_Pixel_Class::inject_view_content_event: Missing option "access_token"
2024-01-27T14:22:54+00:00 DEBUG Tt4b_Pixel_Class::inject_add_to_cart_event: hit AddToCart
2024-01-27T14:22:54+00:00 DEBUG Tt4b_Pixel_Class::inject_add_to_cart_event: Missing option "access_token"
2024-01-27T14:23:07+00:00 DEBUG Tt4b_Pixel_Class::inject_view_content_event: hit ViewContent
2024-01-27T14:23:07+00:00 DEBUG Tt4b_Pixel_Class::inject_view_content_event: Missing option "access_token"
2024-01-27T14:23:11+00:00 DEBUG Tt4b_Pixel_Class::inject_add_to_cart_event: hit AddToCart
2024-01-27T14:23:11+00:00 DEBUG Tt4b_Pixel_Class::inject_add_to_cart_event: Missing option "access_token"
2024-01-27T14:23:11+00:00 DEBUG Tt4b_Pixel_Class::inject_view_content_event: hit ViewContent
2024-01-27T14:23:11+00:00 DEBUG Tt4b_Pixel_Class::inject_view_content_event: Missing option "access_token"
2024-01-27T14:23:14+00:00 DEBUG Tt4b_Pixel_Class::inject_add_to_cart_event: hit AddToCart
2024-01-27T14:23:14+00:00 DEBUG Tt4b_Pixel_Class::inject_add_to_cart_event: Missing option "access_token"
2024-01-27T14:23:17+00:00 DEBUG Tt4b_Pixel_Class::inject_add_to_cart_event: hit AddToCart
2024-01-27T14:23:17+00:00 DEBUG Tt4b_Pixel_Class::inject_add_to_cart_event: Missing option "access_token"
2024-01-27T14:23:18+00:00 DEBUG Tt4b_Pixel_Class::inject_add_to_cart_event: hit AddToCart
2024-01-27T14:23:18+00:00 DEBUG Tt4b_Pixel_Class::inject_add_to_cart_event: Missing option "access_token"
2024-01-27T14:23:21+00:00 DEBUG Tt4b_Pixel_Class::inject_add_to_cart_event: hit AddToCart
2024-01-27T14:23:21+00:00 DEBUG Tt4b_Pixel_Class::inject_add_to_cart_event: Missing option "access_token"
2024-01-27T14:23:23+00:00 DEBUG Tt4b_Pixel_Class::inject_add_to_cart_event: hit AddToCart
2024-01-27T14:23:23+00:00 DEBUG Tt4b_Pixel_Class::inject_add_to_cart_event: Missing option "access_token"
2024-01-27T14:23:26+00:00 DEBUG Tt4b_Pixel_Class::inject_view_content_event: hit ViewContent
2024-01-27T14:23:26+00:00 DEBUG Tt4b_Pixel_Class::inject_view_content_event: Missing option "access_token"
2024-01-27T14:23:35+00:00 DEBUG Tt4b_Pixel_Class::inject_view_content_event: hit ViewContent
2024-01-27T14:23:35+00:00 DEBUG Tt4b_Pixel_Class::inject_view_content_event: Missing option "access_token"
2024-01-27T14:23:36+00:00 DEBUG Tt4b_Pixel_Class::inject_view_content_event: hit ViewContent
2024-01-27T14:23:36+00:00 DEBUG Tt4b_Pixel_Class::inject_view_content_event: Missing option "access_token"
2024-01-27T14:23:36+00:00 DEBUG Tt4b_Pixel_Class::inject_add_to_cart_event: hit AddToCart
2024-01-27T14:23:36+00:00 DEBUG Tt4b_Pixel_Class::inject_add_to_cart_event: Missing option "access_token"
2024-01-27T14:23:40+00:00 DEBUG Tt4b_Pixel_Class::inject_view_content_event: hit ViewContent
2024-01-27T14:23:40+00:00 DEBUG Tt4b_Pixel_Class::inject_view_content_event: Missing option "access_token"
2024-01-27T14:23:41+00:00 DEBUG Tt4b_Pixel_Class::inject_add_to_cart_event: hit AddToCart
2024-01-27T14:23:41+00:00 DEBUG Tt4b_Pixel_Class::inject_add_to_cart_event: Missing option "access_token"
2024-01-27T14:23:41+00:00 DEBUG Tt4b_Pixel_Class::inject_view_content_event: hit ViewContent
2024-01-27T14:23:41+00:00 DEBUG Tt4b_Pixel_Class::inject_view_content_event: Missing option "access_token"
2024-01-27T14:23:50+00:00 DEBUG Tt4b_Pixel_Class::inject_view_content_event: hit ViewContent
2024-01-27T14:23:50+00:00 DEBUG Tt4b_Pixel_Class::inject_view_content_event: Missing option "access_token"
2024-01-27T14:23:52+00:00 DEBUG Tt4b_Pixel_Class::inject_view_content_event: hit ViewContent
2024-01-27T14:23:52+00:00 DEBUG Tt4b_Pixel_Class::inject_view_content_event: Missing option "access_token"
2024-01-27T14:24:03+00:00 DEBUG Tt4b_Pixel_Class::inject_add_to_cart_event: hit AddToCart
2024-01-27T14:24:03+00:00 DEBUG Tt4b_Pixel_Class::inject_add_to_cart_event: Missing option "access_token"
2024-01-27T14:24:05+00:00 DEBUG Tt4b_Pixel_Class::inject_view_content_event: hit ViewContent
2024-01-27T14:24:05+00:00 DEBUG Tt4b_Pixel_Class::inject_view_content_event: Missing option "access_token"
2024-01-27T14:24:11+00:00 DEBUG Tt4b_Pixel_Class::inject_view_content_event: hit ViewContent
2024-01-27T14:24:11+00:00 DEBUG Tt4b_Pixel_Class::inject_view_content_event: Missing option "access_token"
2024-01-27T14:24:16+00:00 DEBUG Tt4b_Pixel_Class::inject_view_content_event: hit ViewContent
2024-01-27T14:24:16+00:00 DEBUG Tt4b_Pixel_Class::inject_view_content_event: Missing option "access_token"
2024-01-27T14:24:16+00:00 DEBUG Tt4b_Pixel_Class::inject_view_content_event: hit ViewContent
2024-01-27T14:24:16+00:00 DEBUG Tt4b_Pixel_Class::inject_view_content_event: Missing option "access_token"
2024-01-27T14:24:18+00:00 DEBUG Tt4b_Pixel_Class::inject_view_content_event: hit ViewContent
2024-01-27T14:24:18+00:00 DEBUG Tt4b_Pixel_Class::inject_view_content_event: Missing option "access_token"
2024-01-27T14:24:19+00:00 DEBUG Tt4b_Pixel_Class::inject_view_content_event: hit ViewContent
2024-01-27T14:24:19+00:00 DEBUG Tt4b_Pixel_Class::inject_view_content_event: Missing option "access_token"
2024-01-27T14:24:24+00:00 DEBUG Tt4b_Pixel_Class::inject_view_content_event: hit ViewContent
2024-01-27T14:24:24+00:00 DEBUG Tt4b_Pixel_Class::inject_view_content_event: Missing option "access_token"
2024-01-27T14:24:29+00:00 DEBUG Tt4b_Pixel_Class::inject_view_content_event: hit ViewContent
2024-01-27T14:24:29+00:00 DEBUG Tt4b_Pixel_Class::inject_view_content_event: Missing option "access_token"
2024-01-27T14:24:33+00:00 DEBUG Tt4b_Pixel_Class::inject_view_content_event: hit ViewContent
2024-01-27T14:24:33+00:00 DEBUG Tt4b_Pixel_Class::inject_view_content_event: Missing option "access_token"
2024-01-27T14:24:38+00:00 DEBUG Tt4b_Pixel_Class::inject_view_content_event: hit ViewContent
2024-01-27T14:24:38+00:00 DEBUG Tt4b_Pixel_Class::inject_view_content_event: Missing option "access_token"
2024-01-27T14:24:41+00:00 DEBUG Tt4b_Pixel_Class::inject_view_content_event: hit ViewContent
2024-01-27T14:24:41+00:00 DEBUG Tt4b_Pixel_Class::inject_view_content_event: Missing option "access_token"
2024-01-27T14:24:44+00:00 DEBUG Tt4b_Pixel_Class::inject_view_content_event: hit ViewContent
2024-01-27T14:24:44+00:00 DEBUG Tt4b_Pixel_Class::inject_view_content_event: Missing option "access_token"
2024-01-27T14:24:45+00:00 DEBUG Tt4b_Pixel_Class::inject_view_content_event: hit ViewContent
2024-01-27T14:24:45+00:00 DEBUG Tt4b_Pixel_Class::inject_view_content_event: Missing option "access_token"
2024-01-27T14:24:47+00:00 DEBUG Tt4b_Pixel_Class::inject_view_content_event: hit ViewContent
2024-01-27T14:24:47+00:00 DEBUG Tt4b_Pixel_Class::inject_view_content_event: Missing option "access_token"
2024-01-27T14:24:47+00:00 DEBUG Tt4b_Pixel_Class::inject_view_content_event: hit ViewContent
2024-01-27T14:24:47+00:00 DEBUG Tt4b_Pixel_Class::inject_view_content_event: Missing option "access_token"
2024-01-27T14:24:51+00:00 DEBUG Tt4b_Pixel_Class::inject_view_content_event: hit ViewContent
2024-01-27T14:24:51+00:00 DEBUG Tt4b_Pixel_Class::inject_view_content_event: Missing option "access_token"
2024-01-27T14:24:54+00:00 DEBUG Tt4b_Pixel_Class::inject_view_content_event: hit ViewContent
2024-01-27T14:24:54+00:00 DEBUG Tt4b_Pixel_Class::inject_view_content_event: Missing option "access_token"
2024-01-27T14:24:58+00:00 DEBUG Tt4b_Pixel_Class::inject_view_content_event: hit ViewContent
2024-01-27T14:24:58+00:00 DEBUG Tt4b_Pixel_Class::inject_view_content_event: Missing option "access_token"
2024-01-27T14:25:00+00:00 DEBUG Tt4b_Pixel_Class::inject_view_content_event: hit ViewContent
2024-01-27T14:25:00+00:00 DEBUG Tt4b_Pixel_Class::inject_view_content_event: Missing option "access_token"
2024-01-27T14:25:02+00:00 DEBUG Tt4b_Pixel_Class::inject_view_content_event: hit ViewContent
2024-01-27T14:25:02+00:00 DEBUG Tt4b_Pixel_Class::inject_view_content_event: Missing option "access_token"
2024-01-27T14:25:04+00:00 DEBUG Tt4b_Pixel_Class::inject_view_content_event: hit ViewContent
2024-01-27T14:25:04+00:00 DEBUG Tt4b_Pixel_Class::inject_view_content_event: Missing option "access_token"
2024-01-27T14:25:05+00:00 DEBUG Tt4b_Pixel_Class::inject_add_to_cart_event: hit AddToCart
2024-01-27T14:25:05+00:00 DEBUG Tt4b_Pixel_Class::inject_add_to_cart_event: Missing option "access_token"
2024-01-27T14:25:07+00:00 DEBUG Tt4b_Pixel_Class::inject_view_content_event: hit ViewContent
2024-01-27T14:25:07+00:00 DEBUG Tt4b_Pixel_Class::inject_view_content_event: Missing option "access_token"
2024-01-27T14:25:10+00:00 DEBUG Tt4b_Pixel_Class::inject_add_to_cart_event: hit AddToCart
2024-01-27T14:25:10+00:00 DEBUG Tt4b_Pixel_Class::inject_add_to_cart_event: Missing option "access_token"
2024-01-27T14:25:20+00:00 DEBUG Tt4b_Pixel_Class::inject_view_content_event: hit ViewContent
2024-01-27T14:25:20+00:00 DEBUG Tt4b_Pixel_Class::inject_view_content_event: Missing option "access_token"
2024-01-27T14:25:25+00:00 DEBUG Tt4b_Pixel_Class::inject_view_content_event: hit ViewContent
2024-01-27T14:25:25+00:00 DEBUG Tt4b_Pixel_Class::inject_view_content_event: Missing option "access_token"
2024-01-27T14:25:48+00:00 DEBUG Tt4b_Pixel_Class::inject_add_to_cart_event: hit AddToCart
2024-01-27T14:25:48+00:00 DEBUG Tt4b_Pixel_Class::inject_add_to_cart_event: Missing option "access_token"
2024-01-27T14:25:55+00:00 DEBUG Tt4b_Pixel_Class::inject_view_content_event: hit ViewContent
2024-01-27T14:25:55+00:00 DEBUG Tt4b_Pixel_Class::inject_view_content_event: Missing option "access_token"
2024-01-27T14:25:59+00:00 DEBUG Tt4b_Pixel_Class::inject_view_content_event: hit ViewContent
2024-01-27T14:25:59+00:00 DEBUG Tt4b_Pixel_Class::inject_view_content_event: Missing option "access_token"
2024-01-27T14:25:59+00:00 DEBUG Tt4b_Pixel_Class::inject_view_content_event: hit ViewContent
2024-01-27T14:25:59+00:00 DEBUG Tt4b_Pixel_Class::inject_view_content_event: Missing option "access_token"
2024-01-27T14:26:05+00:00 DEBUG Tt4b_Pixel_Class::inject_add_to_cart_event: hit AddToCart
2024-01-27T14:26:05+00:00 DEBUG Tt4b_Pixel_Class::inject_add_to_cart_event: Missing option "access_token"
2024-01-27T14:26:34+00:00 DEBUG Tt4b_Pixel_Class::inject_view_content_event: hit ViewContent
2024-01-27T14:26:34+00:00 DEBUG Tt4b_Pixel_Class::inject_view_content_event: Missing option "access_token"
2024-01-27T14:26:45+00:00 DEBUG Tt4b_Pixel_Class::inject_view_content_event: hit ViewContent
2024-01-27T14:26:45+00:00 DEBUG Tt4b_Pixel_Class::inject_view_content_event: Missing option "access_token"
2024-01-27T14:26:47+00:00 DEBUG Tt4b_Pixel_Class::inject_view_content_event: hit ViewContent
2024-01-27T14:26:47+00:00 DEBUG Tt4b_Pixel_Class::inject_view_content_event: Missing option "access_token"
2024-01-27T14:26:51+00:00 DEBUG Tt4b_Pixel_Class::inject_view_content_event: hit ViewContent
2024-01-27T14:26:51+00:00 DEBUG Tt4b_Pixel_Class::inject_view_content_event: Missing option "access_token"
2024-01-27T14:26:56+00:00 DEBUG Tt4b_Pixel_Class::inject_view_content_event: hit ViewContent
2024-01-27T14:26:56+00:00 DEBUG Tt4b_Pixel_Class::inject_view_content_event: Missing option "access_token"
2024-01-27T14:26:56+00:00 DEBUG Tt4b_Pixel_Class::inject_view_content_event: hit ViewContent
2024-01-27T14:26:56+00:00 DEBUG Tt4b_Pixel_Class::inject_view_content_event: Missing option "access_token"
2024-01-27T14:26:58+00:00 DEBUG Tt4b_Pixel_Class::inject_add_to_cart_event: hit AddToCart
2024-01-27T14:26:58+00:00 DEBUG Tt4b_Pixel_Class::inject_add_to_cart_event: Missing option "access_token"
2024-01-27T14:27:21+00:00 DEBUG Tt4b_Pixel_Class::inject_view_content_event: hit ViewContent
2024-01-27T14:27:21+00:00 DEBUG Tt4b_Pixel_Class::inject_view_content_event: Missing option "access_token"
2024-01-27T14:27:36+00:00 DEBUG Tt4b_Pixel_Class::inject_view_content_event: hit ViewContent
2024-01-27T14:27:36+00:00 DEBUG Tt4b_Pixel_Class::inject_view_content_event: Missing option "access_token"
2024-01-27T14:27:39+00:00 DEBUG Tt4b_Pixel_Class::inject_add_to_cart_event: hit AddToCart
2024-01-27T14:27:39+00:00 DEBUG Tt4b_Pixel_Class::inject_add_to_cart_event: Missing option "access_token"
2024-01-27T14:27:51+00:00 DEBUG Tt4b_Pixel_Class::inject_view_content_event: hit ViewContent
2024-01-27T14:27:51+00:00 DEBUG Tt4b_Pixel_Class::inject_view_content_event: Missing option "access_token"
2024-01-27T14:28:04+00:00 DEBUG Tt4b_Pixel_Class::inject_view_content_event: hit ViewContent
2024-01-27T14:28:04+00:00 DEBUG Tt4b_Pixel_Class::inject_view_content_event: Missing option "access_token"
2024-01-27T14:28:25+00:00 DEBUG Tt4b_Pixel_Class::inject_view_content_event: hit ViewContent
2024-01-27T14:28:25+00:00 DEBUG Tt4b_Pixel_Class::inject_view_content_event: Missing option "access_token"
2024-01-27T14:28:28+00:00 DEBUG Tt4b_Pixel_Class::inject_add_to_cart_event: hit AddToCart
2024-01-27T14:28:28+00:00 DEBUG Tt4b_Pixel_Class::inject_add_to_cart_event: Missing option "access_token"
2024-01-27T14:28:56+00:00 DEBUG Tt4b_Pixel_Class::inject_view_content_event: hit ViewContent
2024-01-27T14:28:56+00:00 DEBUG Tt4b_Pixel_Class::inject_view_content_event: Missing option "access_token"
2024-01-27T14:29:11+00:00 DEBUG Tt4b_Pixel_Class::inject_view_content_event: hit ViewContent
2024-01-27T14:29:11+00:00 DEBUG Tt4b_Pixel_Class::inject_view_content_event: Missing option "access_token"
2024-01-27T14:29:14+00:00 DEBUG Tt4b_Pixel_Class::inject_add_to_cart_event: hit AddToCart
2024-01-27T14:29:14+00:00 DEBUG Tt4b_Pixel_Class::inject_add_to_cart_event: Missing option "access_token"
2024-01-27T14:29:17+00:00 DEBUG Tt4b_Pixel_Class::inject_add_to_cart_event: hit AddToCart
2024-01-27T14:29:17+00:00 DEBUG Tt4b_Pixel_Class::inject_add_to_cart_event: Missing option "access_token"
2024-01-27T14:29:17+00:00 DEBUG Tt4b_Pixel_Class::inject_add_to_cart_event: hit AddToCart
2024-01-27T14:29:17+00:00 DEBUG Tt4b_Pixel_Class::inject_add_to_cart_event: Missing option "access_token"
2024-01-27T14:29:18+00:00 DEBUG Tt4b_Pixel_Class::inject_view_content_event: hit ViewContent
2024-01-27T14:29:18+00:00 DEBUG Tt4b_Pixel_Class::inject_view_content_event: Missing option "access_token"
2024-01-27T14:29:39+00:00 DEBUG Tt4b_Pixel_Class::inject_view_content_event: hit ViewContent
2024-01-27T14:29:39+00:00 DEBUG Tt4b_Pixel_Class::inject_view_content_event: Missing option "access_token"
2024-01-27T14:29:47+00:00 DEBUG Tt4b_Pixel_Class::inject_view_content_event: hit ViewContent
2024-01-27T14:29:47+00:00 DEBUG Tt4b_Pixel_Class::inject_view_content_event: Missing option "access_token"
2024-01-27T14:29:50+00:00 DEBUG Tt4b_Pixel_Class::inject_add_to_cart_event: hit AddToCart
2024-01-27T14:29:50+00:00 DEBUG Tt4b_Pixel_Class::inject_add_to_cart_event: Missing option "access_token"
2024-01-27T14:30:03+00:00 DEBUG Tt4b_Pixel_Class::inject_add_to_cart_event: hit AddToCart
2024-01-27T14:30:03+00:00 DEBUG Tt4b_Pixel_Class::inject_add_to_cart_event: Missing option "access_token"
2024-01-27T14:30:04+00:00 DEBUG Tt4b_Pixel_Class::inject_view_content_event: hit ViewContent
2024-01-27T14:30:04+00:00 DEBUG Tt4b_Pixel_Class::inject_view_content_event: Missing option "access_token"
2024-01-27T14:30:07+00:00 DEBUG Tt4b_Pixel_Class::inject_view_content_event: hit ViewContent
2024-01-27T14:30:07+00:00 DEBUG Tt4b_Pixel_Class::inject_view_content_event: Missing option "access_token"
2024-01-27T14:30:08+00:00 DEBUG Tt4b_Pixel_Class::inject_view_content_event: hit ViewContent
2024-01-27T14:30:08+00:00 DEBUG Tt4b_Pixel_Class::inject_view_content_event: Missing option "access_token"
2024-01-27T14:30:11+00:00 DEBUG Tt4b_Pixel_Class::inject_add_to_cart_event: hit AddToCart
2024-01-27T14:30:11+00:00 DEBUG Tt4b_Pixel_Class::inject_add_to_cart_event: Missing option "access_token"
2024-01-27T14:30:14+00:00 DEBUG Tt4b_Pixel_Class::inject_view_content_event: hit ViewContent
2024-01-27T14:30:14+00:00 DEBUG Tt4b_Pixel_Class::inject_view_content_event: Missing option "access_token"
2024-01-27T14:30:21+00:00 DEBUG Tt4b_Pixel_Class::inject_add_to_cart_event: hit AddToCart
2024-01-27T14:30:21+00:00 DEBUG Tt4b_Pixel_Class::inject_add_to_cart_event: Missing option "access_token"
2024-01-27T14:30:21+00:00 DEBUG Tt4b_Pixel_Class::inject_view_content_event: hit ViewContent
2024-01-27T14:30:21+00:00 DEBUG Tt4b_Pixel_Class::inject_view_content_event: Missing option "access_token"
2024-01-27T14:30:26+00:00 DEBUG Tt4b_Pixel_Class::inject_view_content_event: hit ViewContent
2024-01-27T14:30:26+00:00 DEBUG Tt4b_Pixel_Class::inject_view_content_event: Missing option "access_token"
2024-01-27T14:30:37+00:00 DEBUG Tt4b_Pixel_Class::inject_view_content_event: hit ViewContent
2024-01-27T14:30:37+00:00 DEBUG Tt4b_Pixel_Class::inject_view_content_event: Missing option "access_token"
2024-01-27T14:30:42+00:00 DEBUG Tt4b_Pixel_Class::inject_add_to_cart_event: hit AddToCart
2024-01-27T14:30:42+00:00 DEBUG Tt4b_Pixel_Class::inject_add_to_cart_event: Missing option "access_token"
2024-01-27T14:30:49+00:00 DEBUG Tt4b_Pixel_Class::inject_add_to_cart_event: hit AddToCart
2024-01-27T14:30:49+00:00 DEBUG Tt4b_Pixel_Class::inject_add_to_cart_event: Missing option "access_token"
2024-01-27T14:31:11+00:00 DEBUG Tt4b_Pixel_Class::inject_add_to_cart_event: hit AddToCart
2024-01-27T14:31:11+00:00 DEBUG Tt4b_Pixel_Class::inject_add_to_cart_event: Missing option "access_token"
2024-01-27T14:31:12+00:00 DEBUG Tt4b_Pixel_Class::inject_view_content_event: hit ViewContent
2024-01-27T14:31:12+00:00 DEBUG Tt4b_Pixel_Class::inject_view_content_event: Missing option "access_token"
2024-01-27T14:31:21+00:00 DEBUG Tt4b_Pixel_Class::inject_view_content_event: hit ViewContent
2024-01-27T14:31:21+00:00 DEBUG Tt4b_Pixel_Class::inject_view_content_event: Missing option "access_token"
2024-01-27T14:31:25+00:00 DEBUG Tt4b_Pixel_Class::inject_view_content_event: hit ViewContent
2024-01-27T14:31:25+00:00 DEBUG Tt4b_Pixel_Class::inject_view_content_event: Missing option "access_token"
2024-01-27T14:31:27+00:00 DEBUG Tt4b_Pixel_Class::inject_view_content_event: hit ViewContent
2024-01-27T14:31:27+00:00 DEBUG Tt4b_Pixel_Class::inject_view_content_event: Missing option "access_token"
2024-01-27T14:31:30+00:00 DEBUG Tt4b_Pixel_Class::inject_view_content_event: hit ViewContent
2024-01-27T14:31:30+00:00 DEBUG Tt4b_Pixel_Class::inject_view_content_event: Missing option "access_token"
2024-01-27T14:31:33+00:00 DEBUG Tt4b_Pixel_Class::inject_view_content_event: hit ViewContent
2024-01-27T14:31:33+00:00 DEBUG Tt4b_Pixel_Class::inject_view_content_event: Missing option "access_token"
2024-01-27T14:31:36+00:00 DEBUG Tt4b_Pixel_Class::inject_add_to_cart_event: hit AddToCart
2024-01-27T14:31:36+00:00 DEBUG Tt4b_Pixel_Class::inject_add_to_cart_event: Missing option "access_token"
2024-01-27T14:31:38+00:00 DEBUG Tt4b_Pixel_Class::inject_add_to_cart_event: hit AddToCart
2024-01-27T14:31:38+00:00 DEBUG Tt4b_Pixel_Class::inject_add_to_cart_event: Missing option "access_token"
2024-01-27T14:31:40+00:00 DEBUG Tt4b_Pixel_Class::inject_add_to_cart_event: hit AddToCart
2024-01-27T14:31:40+00:00 DEBUG Tt4b_Pixel_Class::inject_add_to_cart_event: Missing option "access_token"
2024-01-27T14:31:42+00:00 DEBUG Tt4b_Pixel_Class::inject_add_to_cart_event: hit AddToCart
2024-01-27T14:31:42+00:00 DEBUG Tt4b_Pixel_Class::inject_add_to_cart_event: Missing option "access_token"
2024-01-27T14:32:11+00:00 DEBUG Tt4b_Pixel_Class::inject_view_content_event: hit ViewContent
2024-01-27T14:32:11+00:00 DEBUG Tt4b_Pixel_Class::inject_view_content_event: Missing option "access_token"
2024-01-27T14:32:13+00:00 DEBUG Tt4b_Pixel_Class::inject_view_content_event: hit ViewContent
2024-01-27T14:32:13+00:00 DEBUG Tt4b_Pixel_Class::inject_view_content_event: Missing option "access_token"
2024-01-27T14:32:17+00:00 DEBUG Tt4b_Pixel_Class::inject_add_to_cart_event: hit AddToCart
2024-01-27T14:32:17+00:00 DEBUG Tt4b_Pixel_Class::inject_add_to_cart_event: Missing option "access_token"
2024-01-27T14:32:27+00:00 DEBUG Tt4b_Pixel_Class::inject_add_to_cart_event: hit AddToCart
2024-01-27T14:32:27+00:00 DEBUG Tt4b_Pixel_Class::inject_add_to_cart_event: Missing option "access_token"
2024-01-27T14:32:27+00:00 DEBUG Tt4b_Pixel_Class::inject_view_content_event: hit ViewContent
2024-01-27T14:32:27+00:00 DEBUG Tt4b_Pixel_Class::inject_view_content_event: Missing option "access_token"
2024-01-27T14:32:50+00:00 DEBUG Tt4b_Pixel_Class::inject_add_to_cart_event: hit AddToCart
2024-01-27T14:32:50+00:00 DEBUG Tt4b_Pixel_Class::inject_add_to_cart_event: Missing option "access_token"
2024-01-27T14:32:59+00:00 DEBUG Tt4b_Pixel_Class::inject_add_to_cart_event: hit AddToCart
2024-01-27T14:32:59+00:00 DEBUG Tt4b_Pixel_Class::inject_add_to_cart_event: Missing option "access_token"
2024-01-27T14:32:59+00:00 DEBUG Tt4b_Pixel_Class::inject_view_content_event: hit ViewContent
2024-01-27T14:32:59+00:00 DEBUG Tt4b_Pixel_Class::inject_view_content_event: Missing option "access_token"
2024-01-27T14:33:01+00:00 DEBUG Tt4b_Pixel_Class::inject_view_content_event: hit ViewContent
2024-01-27T14:33:01+00:00 DEBUG Tt4b_Pixel_Class::inject_view_content_event: Missing option "access_token"
2024-01-27T14:33:02+00:00 DEBUG Tt4b_Pixel_Class::inject_view_content_event: hit ViewContent
2024-01-27T14:33:02+00:00 DEBUG Tt4b_Pixel_Class::inject_view_content_event: Missing option "access_token"
2024-01-27T14:33:05+00:00 DEBUG Tt4b_Pixel_Class::inject_view_content_event: hit ViewContent
2024-01-27T14:33:05+00:00 DEBUG Tt4b_Pixel_Class::inject_view_content_event: Missing option "access_token"
2024-01-27T14:33:06+00:00 DEBUG Tt4b_Pixel_Class::inject_add_to_cart_event: hit AddToCart
2024-01-27T14:33:06+00:00 DEBUG Tt4b_Pixel_Class::inject_add_to_cart_event: Missing option "access_token"
2024-01-27T14:33:06+00:00 DEBUG Tt4b_Pixel_Class::inject_view_content_event: hit ViewContent
2024-01-27T14:33:06+00:00 DEBUG Tt4b_Pixel_Class::inject_view_content_event: Missing option "access_token"
2024-01-27T14:33:07+00:00 DEBUG Tt4b_Pixel_Class::inject_view_content_event: hit ViewContent
2024-01-27T14:33:07+00:00 DEBUG Tt4b_Pixel_Class::inject_view_content_event: Missing option "access_token"
2024-01-27T14:33:08+00:00 DEBUG Tt4b_Pixel_Class::inject_view_content_event: hit ViewContent
2024-01-27T14:33:08+00:00 DEBUG Tt4b_Pixel_Class::inject_view_content_event: Missing option "access_token"
2024-01-27T14:33:08+00:00 DEBUG Tt4b_Pixel_Class::inject_add_to_cart_event: hit AddToCart
2024-01-27T14:33:08+00:00 DEBUG Tt4b_Pixel_Class::inject_add_to_cart_event: Missing option "access_token"
2024-01-27T14:33:10+00:00 DEBUG Tt4b_Pixel_Class::inject_view_content_event: hit ViewContent
2024-01-27T14:33:10+00:00 DEBUG Tt4b_Pixel_Class::inject_view_content_event: Missing option "access_token"
2024-01-27T14:33:11+00:00 DEBUG Tt4b_Pixel_Class::inject_add_to_cart_event: hit AddToCart
2024-01-27T14:33:11+00:00 DEBUG Tt4b_Pixel_Class::inject_add_to_cart_event: Missing option "access_token"
2024-01-27T14:33:12+00:00 DEBUG Tt4b_Pixel_Class::inject_view_content_event: hit ViewContent
2024-01-27T14:33:12+00:00 DEBUG Tt4b_Pixel_Class::inject_view_content_event: Missing option "access_token"
2024-01-27T14:33:13+00:00 DEBUG Tt4b_Pixel_Class::inject_view_content_event: hit ViewContent
2024-01-27T14:33:13+00:00 DEBUG Tt4b_Pixel_Class::inject_view_content_event: Missing option "access_token"
2024-01-27T14:33:15+00:00 DEBUG Tt4b_Pixel_Class::inject_add_to_cart_event: hit AddToCart
2024-01-27T14:33:15+00:00 DEBUG Tt4b_Pixel_Class::inject_add_to_cart_event: Missing option "access_token"
2024-01-27T14:33:16+00:00 DEBUG Tt4b_Pixel_Class::inject_view_content_event: hit ViewContent
2024-01-27T14:33:16+00:00 DEBUG Tt4b_Pixel_Class::inject_view_content_event: Missing option "access_token"
2024-01-27T14:33:17+00:00 DEBUG Tt4b_Pixel_Class::inject_add_to_cart_event: hit AddToCart
2024-01-27T14:33:17+00:00 DEBUG Tt4b_Pixel_Class::inject_add_to_cart_event: Missing option "access_token"
2024-01-27T14:33:17+00:00 DEBUG Tt4b_Pixel_Class::inject_view_content_event: hit ViewContent
2024-01-27T14:33:17+00:00 DEBUG Tt4b_Pixel_Class::inject_view_content_event: Missing option "access_token"
2024-01-27T14:33:19+00:00 DEBUG Tt4b_Pixel_Class::inject_add_to_cart_event: hit AddToCart
2024-01-27T14:33:19+00:00 DEBUG Tt4b_Pixel_Class::inject_add_to_cart_event: Missing option "access_token"
2024-01-27T14:33:19+00:00 DEBUG Tt4b_Pixel_Class::inject_view_content_event: hit ViewContent
2024-01-27T14:33:19+00:00 DEBUG Tt4b_Pixel_Class::inject_view_content_event: Missing option "access_token"
2024-01-27T14:33:19+00:00 DEBUG Tt4b_Pixel_Class::inject_view_content_event: hit ViewContent
2024-01-27T14:33:19+00:00 DEBUG Tt4b_Pixel_Class::inject_view_content_event: Missing option "access_token"
2024-01-27T14:33:21+00:00 DEBUG Tt4b_Pixel_Class::inject_add_to_cart_event: hit AddToCart
2024-01-27T14:33:21+00:00 DEBUG Tt4b_Pixel_Class::inject_add_to_cart_event: Missing option "access_token"
2024-01-27T14:33:21+00:00 DEBUG Tt4b_Pixel_Class::inject_view_content_event: hit ViewContent
2024-01-27T14:33:21+00:00 DEBUG Tt4b_Pixel_Class::inject_view_content_event: Missing option "access_token"
2024-01-27T14:33:23+00:00 DEBUG Tt4b_Pixel_Class::inject_view_content_event: hit ViewContent
2024-01-27T14:33:23+00:00 DEBUG Tt4b_Pixel_Class::inject_view_content_event: Missing option "access_token"
2024-01-27T14:33:24+00:00 DEBUG Tt4b_Pixel_Class::inject_view_content_event: hit ViewContent
2024-01-27T14:33:24+00:00 DEBUG Tt4b_Pixel_Class::inject_view_content_event: Missing option "access_token"
2024-01-27T14:33:27+00:00 DEBUG Tt4b_Pixel_Class::inject_view_content_event: hit ViewContent
2024-01-27T14:33:27+00:00 DEBUG Tt4b_Pixel_Class::inject_view_content_event: Missing option "access_token"
2024-01-27T14:33:29+00:00 DEBUG Tt4b_Pixel_Class::inject_view_content_event: hit ViewContent
2024-01-27T14:33:29+00:00 DEBUG Tt4b_Pixel_Class::inject_view_content_event: Missing option "access_token"
2024-01-27T14:33:32+00:00 DEBUG Tt4b_Pixel_Class::inject_view_content_event: hit ViewContent
2024-01-27T14:33:32+00:00 DEBUG Tt4b_Pixel_Class::inject_view_content_event: Missing option "access_token"
2024-01-27T14:33:32+00:00 DEBUG Tt4b_Pixel_Class::inject_view_content_event: hit ViewContent
2024-01-27T14:33:32+00:00 DEBUG Tt4b_Pixel_Class::inject_view_content_event: Missing option "access_token"
2024-01-27T14:33:35+00:00 DEBUG Tt4b_Pixel_Class::inject_view_content_event: hit ViewContent
2024-01-27T14:33:35+00:00 DEBUG Tt4b_Pixel_Class::inject_view_content_event: Missing option "access_token"
2024-01-27T14:33:38+00:00 DEBUG Tt4b_Pixel_Class::inject_view_content_event: hit ViewContent
2024-01-27T14:33:38+00:00 DEBUG Tt4b_Pixel_Class::inject_view_content_event: Missing option "access_token"
2024-01-27T14:33:42+00:00 DEBUG Tt4b_Pixel_Class::inject_view_content_event: hit ViewContent
2024-01-27T14:33:42+00:00 DEBUG Tt4b_Pixel_Class::inject_view_content_event: Missing option "access_token"
2024-01-27T14:33:43+00:00 DEBUG Tt4b_Pixel_Class::inject_view_content_event: hit ViewContent
2024-01-27T14:33:43+00:00 DEBUG Tt4b_Pixel_Class::inject_view_content_event: Missing option "access_token"
2024-01-27T14:33:47+00:00 DEBUG Tt4b_Pixel_Class::inject_view_content_event: hit ViewContent
2024-01-27T14:33:47+00:00 DEBUG Tt4b_Pixel_Class::inject_view_content_event: Missing option "access_token"
2024-01-27T14:33:53+00:00 DEBUG Tt4b_Pixel_Class::inject_view_content_event: hit ViewContent
2024-01-27T14:33:53+00:00 DEBUG Tt4b_Pixel_Class::inject_view_content_event: Missing option "access_token"
2024-01-27T14:33:57+00:00 DEBUG Tt4b_Pixel_Class::inject_view_content_event: hit ViewContent
2024-01-27T14:33:57+00:00 DEBUG Tt4b_Pixel_Class::inject_view_content_event: Missing option "access_token"
2024-01-27T14:33:59+00:00 DEBUG Tt4b_Pixel_Class::inject_add_to_cart_event: hit AddToCart
2024-01-27T14:33:59+00:00 DEBUG Tt4b_Pixel_Class::inject_add_to_cart_event: Missing option "access_token"
2024-01-27T14:34:01+00:00 DEBUG Tt4b_Pixel_Class::inject_view_content_event: hit ViewContent
2024-01-27T14:34:01+00:00 DEBUG Tt4b_Pixel_Class::inject_view_content_event: Missing option "access_token"
2024-01-27T14:34:05+00:00 DEBUG Tt4b_Pixel_Class::inject_view_content_event: hit ViewContent
2024-01-27T14:34:05+00:00 DEBUG Tt4b_Pixel_Class::inject_view_content_event: Missing option "access_token"
2024-01-27T14:34:16+00:00 DEBUG Tt4b_Pixel_Class::inject_view_content_event: hit ViewContent
2024-01-27T14:34:16+00:00 DEBUG Tt4b_Pixel_Class::inject_view_content_event: Missing option "access_token"
2024-01-27T14:34:34+00:00 DEBUG Tt4b_Pixel_Class::inject_add_to_cart_event: hit AddToCart
2024-01-27T14:34:34+00:00 DEBUG Tt4b_Pixel_Class::inject_add_to_cart_event: Missing option "access_token"
2024-01-27T14:34:50+00:00 DEBUG Tt4b_Pixel_Class::inject_view_content_event: hit ViewContent
2024-01-27T14:34:50+00:00 DEBUG Tt4b_Pixel_Class::inject_view_content_event: Missing option "access_token"
2024-01-27T14:35:00+00:00 DEBUG Tt4b_Pixel_Class::inject_view_content_event: hit ViewContent
2024-01-27T14:35:00+00:00 DEBUG Tt4b_Pixel_Class::inject_view_content_event: Missing option "access_token"
2024-01-27T14:35:12+00:00 DEBUG Tt4b_Pixel_Class::inject_add_to_cart_event: hit AddToCart
2024-01-27T14:35:12+00:00 DEBUG Tt4b_Pixel_Class::inject_add_to_cart_event: Missing option "access_token"
2024-01-27T14:35:29+00:00 DEBUG Tt4b_Pixel_Class::inject_view_content_event: hit ViewContent
2024-01-27T14:35:29+00:00 DEBUG Tt4b_Pixel_Class::inject_view_content_event: Missing option "access_token"
2024-01-27T14:35:40+00:00 DEBUG Tt4b_Pixel_Class::inject_view_content_event: hit ViewContent
2024-01-27T14:35:40+00:00 DEBUG Tt4b_Pixel_Class::inject_view_content_event: Missing option "access_token"
2024-01-27T14:35:55+00:00 DEBUG Tt4b_Pixel_Class::inject_add_to_cart_event: hit AddToCart
2024-01-27T14:35:55+00:00 DEBUG Tt4b_Pixel_Class::inject_add_to_cart_event: Missing option "access_token"
2024-01-27T14:36:13+00:00 DEBUG Tt4b_Pixel_Class::inject_view_content_event: hit ViewContent
2024-01-27T14:36:13+00:00 DEBUG Tt4b_Pixel_Class::inject_view_content_event: Missing option "access_token"
2024-01-27T14:36:23+00:00 DEBUG Tt4b_Pixel_Class::inject_add_to_cart_event: hit AddToCart
2024-01-27T14:36:23+00:00 DEBUG Tt4b_Pixel_Class::inject_add_to_cart_event: Missing option "access_token"
2024-01-27T14:36:23+00:00 DEBUG Tt4b_Pixel_Class::inject_view_content_event: hit ViewContent
2024-01-27T14:36:23+00:00 DEBUG Tt4b_Pixel_Class::inject_view_content_event: Missing option "access_token"
2024-01-27T14:36:43+00:00 DEBUG Tt4b_Pixel_Class::inject_add_to_cart_event: hit AddToCart
2024-01-27T14:36:43+00:00 DEBUG Tt4b_Pixel_Class::inject_add_to_cart_event: Missing option "access_token"
2024-01-27T14:36:57+00:00 DEBUG Tt4b_Pixel_Class::inject_view_content_event: hit ViewContent
2024-01-27T14:36:57+00:00 DEBUG Tt4b_Pixel_Class::inject_view_content_event: Missing option "access_token"
2024-01-27T14:36:58+00:00 DEBUG Tt4b_Pixel_Class::inject_view_content_event: hit ViewContent
2024-01-27T14:36:58+00:00 DEBUG Tt4b_Pixel_Class::inject_view_content_event: Missing option "access_token"
2024-01-27T14:36:59+00:00 DEBUG Tt4b_Pixel_Class::inject_add_to_cart_event: hit AddToCart
2024-01-27T14:36:59+00:00 DEBUG Tt4b_Pixel_Class::inject_add_to_cart_event: Missing option "access_token"
2024-01-27T14:36:59+00:00 DEBUG Tt4b_Pixel_Class::inject_view_content_event: hit ViewContent
2024-01-27T14:36:59+00:00 DEBUG Tt4b_Pixel_Class::inject_view_content_event: Missing option "access_token"
2024-01-27T14:37:03+00:00 DEBUG Tt4b_Pixel_Class::inject_view_content_event: hit ViewContent
2024-01-27T14:37:03+00:00 DEBUG Tt4b_Pixel_Class::inject_view_content_event: Missing option "access_token"
2024-01-27T14:37:07+00:00 DEBUG Tt4b_Pixel_Class::inject_view_content_event: hit ViewContent
2024-01-27T14:37:07+00:00 DEBUG Tt4b_Pixel_Class::inject_view_content_event: Missing option "access_token"
2024-01-27T14:37:09+00:00 DEBUG Tt4b_Pixel_Class::inject_view_content_event: hit ViewContent
2024-01-27T14:37:09+00:00 DEBUG Tt4b_Pixel_Class::inject_view_content_event: Missing option "access_token"
2024-01-27T14:37:10+00:00 DEBUG Tt4b_Pixel_Class::inject_add_to_cart_event: hit AddToCart
2024-01-27T14:37:10+00:00 DEBUG Tt4b_Pixel_Class::inject_add_to_cart_event: Missing option "access_token"
2024-01-27T14:37:16+00:00 DEBUG Tt4b_Pixel_Class::inject_add_to_cart_event: hit AddToCart
2024-01-27T14:37:16+00:00 DEBUG Tt4b_Pixel_Class::inject_add_to_cart_event: Missing option "access_token"
2024-01-27T14:37:18+00:00 DEBUG Tt4b_Pixel_Class::inject_view_content_event: hit ViewContent
2024-01-27T14:37:18+00:00 DEBUG Tt4b_Pixel_Class::inject_view_content_event: Missing option "access_token"
2024-01-27T14:37:49+00:00 DEBUG Tt4b_Pixel_Class::inject_view_content_event: hit ViewContent
2024-01-27T14:37:49+00:00 DEBUG Tt4b_Pixel_Class::inject_view_content_event: Missing option "access_token"
2024-01-27T14:37:50+00:00 DEBUG Tt4b_Pixel_Class::inject_add_to_cart_event: hit AddToCart
2024-01-27T14:37:50+00:00 DEBUG Tt4b_Pixel_Class::inject_add_to_cart_event: Missing option "access_token"
2024-01-27T14:37:56+00:00 DEBUG Tt4b_Pixel_Class::inject_view_content_event: hit ViewContent
2024-01-27T14:37:56+00:00 DEBUG Tt4b_Pixel_Class::inject_view_content_event: Missing option "access_token"
2024-01-27T14:38:18+00:00 DEBUG Tt4b_Pixel_Class::inject_add_to_cart_event: hit AddToCart
2024-01-27T14:38:18+00:00 DEBUG Tt4b_Pixel_Class::inject_add_to_cart_event: Missing option "access_token"
2024-01-27T14:38:22+00:00 DEBUG Tt4b_Pixel_Class::inject_add_to_cart_event: hit AddToCart
2024-01-27T14:38:22+00:00 DEBUG Tt4b_Pixel_Class::inject_add_to_cart_event: Missing option "access_token"
2024-01-27T14:38:28+00:00 DEBUG Tt4b_Pixel_Class::inject_view_content_event: hit ViewContent
2024-01-27T14:38:28+00:00 DEBUG Tt4b_Pixel_Class::inject_view_content_event: Missing option "access_token"
2024-01-27T14:38:41+00:00 DEBUG Tt4b_Pixel_Class::inject_add_to_cart_event: hit AddToCart
2024-01-27T14:38:41+00:00 DEBUG Tt4b_Pixel_Class::inject_add_to_cart_event: Missing option "access_token"
2024-01-27T14:38:52+00:00 DEBUG Tt4b_Pixel_Class::inject_add_to_cart_event: hit AddToCart
2024-01-27T14:38:52+00:00 DEBUG Tt4b_Pixel_Class::inject_add_to_cart_event: Missing option "access_token"
2024-01-27T14:39:01+00:00 DEBUG Tt4b_Pixel_Class::inject_view_content_event: hit ViewContent
2024-01-27T14:39:01+00:00 DEBUG Tt4b_Pixel_Class::inject_view_content_event: Missing option "access_token"
2024-01-27T14:39:18+00:00 DEBUG Tt4b_Pixel_Class::inject_add_to_cart_event: hit AddToCart
2024-01-27T14:39:18+00:00 DEBUG Tt4b_Pixel_Class::inject_add_to_cart_event: Missing option "access_token"
2024-01-27T14:39:20+00:00 DEBUG Tt4b_Pixel_Class::inject_add_to_cart_event: hit AddToCart
2024-01-27T14:39:20+00:00 DEBUG Tt4b_Pixel_Class::inject_add_to_cart_event: Missing option "access_token"
2024-01-27T14:39:22+00:00 DEBUG Tt4b_Pixel_Class::inject_add_to_cart_event: hit AddToCart
2024-01-27T14:39:22+00:00 DEBUG Tt4b_Pixel_Class::inject_add_to_cart_event: Missing option "access_token"
2024-01-27T14:39:23+00:00 DEBUG Tt4b_Pixel_Class::inject_add_to_cart_event: hit AddToCart
2024-01-27T14:39:23+00:00 DEBUG Tt4b_Pixel_Class::inject_add_to_cart_event: Missing option "access_token"
2024-01-27T14:39:25+00:00 DEBUG Tt4b_Pixel_Class::inject_add_to_cart_event: hit AddToCart
2024-01-27T14:39:25+00:00 DEBUG Tt4b_Pixel_Class::inject_add_to_cart_event: Missing option "access_token"
2024-01-27T14:39:27+00:00 DEBUG Tt4b_Pixel_Class::inject_add_to_cart_event: hit AddToCart
2024-01-27T14:39:27+00:00 DEBUG Tt4b_Pixel_Class::inject_add_to_cart_event: Missing option "access_token"
2024-01-27T14:39:34+00:00 DEBUG Tt4b_Pixel_Class::inject_add_to_cart_event: hit AddToCart
2024-01-27T14:39:34+00:00 DEBUG Tt4b_Pixel_Class::inject_add_to_cart_event: Missing option "access_token"
2024-01-27T14:39:38+00:00 DEBUG Tt4b_Pixel_Class::inject_view_content_event: hit ViewContent
2024-01-27T14:39:38+00:00 DEBUG Tt4b_Pixel_Class::inject_view_content_event: Missing option "access_token"
2024-01-27T14:39:53+00:00 DEBUG Tt4b_Pixel_Class::inject_add_to_cart_event: hit AddToCart
2024-01-27T14:39:53+00:00 DEBUG Tt4b_Pixel_Class::inject_add_to_cart_event: Missing option "access_token"
2024-01-27T14:40:06+00:00 DEBUG Tt4b_Pixel_Class::inject_add_to_cart_event: hit AddToCart
2024-01-27T14:40:06+00:00 DEBUG Tt4b_Pixel_Class::inject_add_to_cart_event: Missing option "access_token"
2024-01-27T14:40:10+00:00 DEBUG Tt4b_Pixel_Class::inject_view_content_event: hit ViewContent
2024-01-27T14:40:10+00:00 DEBUG Tt4b_Pixel_Class::inject_view_content_event: Missing option "access_token"
2024-01-27T14:40:33+00:00 DEBUG Tt4b_Pixel_Class::inject_add_to_cart_event: hit AddToCart
2024-01-27T14:40:33+00:00 DEBUG Tt4b_Pixel_Class::inject_add_to_cart_event: Missing option "access_token"
2024-01-27T14:40:44+00:00 DEBUG Tt4b_Pixel_Class::inject_add_to_cart_event: hit AddToCart
2024-01-27T14:40:44+00:00 DEBUG Tt4b_Pixel_Class::inject_add_to_cart_event: Missing option "access_token"
2024-01-27T14:40:47+00:00 DEBUG Tt4b_Pixel_Class::inject_view_content_event: hit ViewContent
2024-01-27T14:40:47+00:00 DEBUG Tt4b_Pixel_Class::inject_view_content_event: Missing option "access_token"
2024-01-27T14:41:09+00:00 DEBUG Tt4b_Pixel_Class::inject_add_to_cart_event: hit AddToCart
2024-01-27T14:41:09+00:00 DEBUG Tt4b_Pixel_Class::inject_add_to_cart_event: Missing option "access_token"
2024-01-27T14:41:20+00:00 DEBUG Tt4b_Pixel_Class::inject_add_to_cart_event: hit AddToCart
2024-01-27T14:41:20+00:00 DEBUG Tt4b_Pixel_Class::inject_add_to_cart_event: Missing option "access_token"
2024-01-27T14:41:24+00:00 DEBUG Tt4b_Pixel_Class::inject_view_content_event: hit ViewContent
2024-01-27T14:41:24+00:00 DEBUG Tt4b_Pixel_Class::inject_view_content_event: Missing option "access_token"
2024-01-27T14:41:40+00:00 DEBUG Tt4b_Pixel_Class::inject_add_to_cart_event: hit AddToCart
2024-01-27T14:41:40+00:00 DEBUG Tt4b_Pixel_Class::inject_add_to_cart_event: Missing option "access_token"
2024-01-27T14:41:57+00:00 DEBUG Tt4b_Pixel_Class::inject_add_to_cart_event: hit AddToCart
2024-01-27T14:41:57+00:00 DEBUG Tt4b_Pixel_Class::inject_add_to_cart_event: Missing option "access_token"
2024-01-27T14:42:07+00:00 DEBUG Tt4b_Pixel_Class::inject_view_content_event: hit ViewContent
2024-01-27T14:42:07+00:00 DEBUG Tt4b_Pixel_Class::inject_view_content_event: Missing option "access_token"
2024-01-27T14:42:10+00:00 DEBUG Tt4b_Pixel_Class::inject_view_content_event: hit ViewContent
2024-01-27T14:42:10+00:00 DEBUG Tt4b_Pixel_Class::inject_view_content_event: Missing option "access_token"
2024-01-27T14:42:10+00:00 DEBUG Tt4b_Pixel_Class::inject_view_content_event: hit ViewContent
2024-01-27T14:42:10+00:00 DEBUG Tt4b_Pixel_Class::inject_view_content_event: Missing option "access_token"
2024-01-27T14:42:13+00:00 DEBUG Tt4b_Pixel_Class::inject_add_to_cart_event: hit AddToCart
2024-01-27T14:42:13+00:00 DEBUG Tt4b_Pixel_Class::inject_add_to_cart_event: Missing option "access_token"
2024-01-27T14:42:15+00:00 DEBUG Tt4b_Pixel_Class::inject_view_content_event: hit ViewContent
2024-01-27T14:42:15+00:00 DEBUG Tt4b_Pixel_Class::inject_view_content_event: Missing option "access_token"
2024-01-27T14:42:22+00:00 DEBUG Tt4b_Pixel_Class::inject_add_to_cart_event: hit AddToCart
2024-01-27T14:42:22+00:00 DEBUG Tt4b_Pixel_Class::inject_add_to_cart_event: Missing option "access_token"
2024-01-27T14:42:39+00:00 DEBUG Tt4b_Pixel_Class::inject_view_content_event: hit ViewContent
2024-01-27T14:42:39+00:00 DEBUG Tt4b_Pixel_Class::inject_view_content_event: Missing option "access_token"
2024-01-27T14:42:48+00:00 DEBUG Tt4b_Pixel_Class::inject_add_to_cart_event: hit AddToCart
2024-01-27T14:42:48+00:00 DEBUG Tt4b_Pixel_Class::inject_add_to_cart_event: Missing option "access_token"
2024-01-27T14:43:00+00:00 DEBUG Tt4b_Pixel_Class::inject_add_to_cart_event: hit AddToCart
2024-01-27T14:43:00+00:00 DEBUG Tt4b_Pixel_Class::inject_add_to_cart_event: Missing option "access_token"
2024-01-27T14:43:18+00:00 DEBUG Tt4b_Pixel_Class::inject_view_content_event: hit ViewContent
2024-01-27T14:43:18+00:00 DEBUG Tt4b_Pixel_Class::inject_view_content_event: Missing option "access_token"
2024-01-27T14:43:19+00:00 DEBUG Tt4b_Pixel_Class::inject_add_to_cart_event: hit AddToCart
2024-01-27T14:43:19+00:00 DEBUG Tt4b_Pixel_Class::inject_add_to_cart_event: Missing option "access_token"
2024-01-27T14:43:21+00:00 DEBUG Tt4b_Pixel_Class::inject_add_to_cart_event: hit AddToCart
2024-01-27T14:43:21+00:00 DEBUG Tt4b_Pixel_Class::inject_add_to_cart_event: Missing option "access_token"
2024-01-27T14:43:23+00:00 DEBUG Tt4b_Pixel_Class::inject_add_to_cart_event: hit AddToCart
2024-01-27T14:43:23+00:00 DEBUG Tt4b_Pixel_Class::inject_add_to_cart_event: Missing option "access_token"
2024-01-27T14:43:25+00:00 DEBUG Tt4b_Pixel_Class::inject_add_to_cart_event: hit AddToCart
2024-01-27T14:43:25+00:00 DEBUG Tt4b_Pixel_Class::inject_add_to_cart_event: Missing option "access_token"
2024-01-27T14:43:33+00:00 DEBUG Tt4b_Pixel_Class::inject_add_to_cart_event: hit AddToCart
2024-01-27T14:43:33+00:00 DEBUG Tt4b_Pixel_Class::inject_add_to_cart_event: Missing option "access_token"
2024-01-27T14:43:50+00:00 DEBUG Tt4b_Pixel_Class::inject_view_content_event: hit ViewContent
2024-01-27T14:43:50+00:00 DEBUG Tt4b_Pixel_Class::inject_view_content_event: Missing option "access_token"
2024-01-27T14:44:03+00:00 DEBUG Tt4b_Pixel_Class::inject_view_content_event: hit ViewContent
2024-01-27T14:44:03+00:00 DEBUG Tt4b_Pixel_Class::inject_view_content_event: Missing option "access_token"
2024-01-27T14:44:21+00:00 DEBUG Tt4b_Pixel_Class::inject_add_to_cart_event: hit AddToCart
2024-01-27T14:44:21+00:00 DEBUG Tt4b_Pixel_Class::inject_add_to_cart_event: Missing option "access_token"
2024-01-27T14:44:35+00:00 DEBUG Tt4b_Pixel_Class::inject_add_to_cart_event: hit AddToCart
2024-01-27T14:44:35+00:00 DEBUG Tt4b_Pixel_Class::inject_add_to_cart_event: Missing option "access_token"
2024-01-27T14:44:35+00:00 DEBUG Tt4b_Pixel_Class::inject_view_content_event: hit ViewContent
2024-01-27T14:44:35+00:00 DEBUG Tt4b_Pixel_Class::inject_view_content_event: Missing option "access_token"
2024-01-27T14:44:38+00:00 DEBUG Tt4b_Pixel_Class::inject_view_content_event: hit ViewContent
2024-01-27T14:44:38+00:00 DEBUG Tt4b_Pixel_Class::inject_view_content_event: Missing option "access_token"
2024-01-27T14:44:39+00:00 DEBUG Tt4b_Pixel_Class::inject_view_content_event: hit ViewContent
2024-01-27T14:44:39+00:00 DEBUG Tt4b_Pixel_Class::inject_view_content_event: Missing option "access_token"
2024-01-27T14:44:40+00:00 DEBUG Tt4b_Pixel_Class::inject_view_content_event: hit ViewContent
2024-01-27T14:44:40+00:00 DEBUG Tt4b_Pixel_Class::inject_view_content_event: Missing option "access_token"
2024-01-27T14:44:42+00:00 DEBUG Tt4b_Pixel_Class::inject_view_content_event: hit ViewContent
2024-01-27T14:44:42+00:00 DEBUG Tt4b_Pixel_Class::inject_view_content_event: Missing option "access_token"
2024-01-27T14:44:43+00:00 DEBUG Tt4b_Pixel_Class::inject_view_content_event: hit ViewContent
2024-01-27T14:44:43+00:00 DEBUG Tt4b_Pixel_Class::inject_view_content_event: Missing option "access_token"
2024-01-27T14:44:44+00:00 DEBUG Tt4b_Pixel_Class::inject_view_content_event: hit ViewContent
2024-01-27T14:44:44+00:00 DEBUG Tt4b_Pixel_Class::inject_view_content_event: Missing option "access_token"
2024-01-27T14:44:47+00:00 DEBUG Tt4b_Pixel_Class::inject_view_content_event: hit ViewContent
2024-01-27T14:44:47+00:00 DEBUG Tt4b_Pixel_Class::inject_view_content_event: Missing option "access_token"
2024-01-27T14:44:49+00:00 DEBUG Tt4b_Pixel_Class::inject_view_content_event: hit ViewContent
2024-01-27T14:44:49+00:00 DEBUG Tt4b_Pixel_Class::inject_view_content_event: Missing option "access_token"
2024-01-27T14:44:53+00:00 DEBUG Tt4b_Pixel_Class::inject_view_content_event: hit ViewContent
2024-01-27T14:44:53+00:00 DEBUG Tt4b_Pixel_Class::inject_view_content_event: Missing option "access_token"
2024-01-27T14:44:55+00:00 DEBUG Tt4b_Pixel_Class::inject_view_content_event: hit ViewContent
2024-01-27T14:44:55+00:00 DEBUG Tt4b_Pixel_Class::inject_view_content_event: Missing option "access_token"
2024-01-27T14:44:58+00:00 DEBUG Tt4b_Pixel_Class::inject_view_content_event: hit ViewContent
2024-01-27T14:44:58+00:00 DEBUG Tt4b_Pixel_Class::inject_view_content_event: Missing option "access_token"
2024-01-27T14:45:01+00:00 DEBUG Tt4b_Pixel_Class::inject_view_content_event: hit ViewContent
2024-01-27T14:45:01+00:00 DEBUG Tt4b_Pixel_Class::inject_view_content_event: Missing option "access_token"
2024-01-27T14:45:05+00:00 DEBUG Tt4b_Pixel_Class::inject_view_content_event: hit ViewContent
2024-01-27T14:45:05+00:00 DEBUG Tt4b_Pixel_Class::inject_view_content_event: Missing option "access_token"
2024-01-27T14:45:08+00:00 DEBUG Tt4b_Pixel_Class::inject_view_content_event: hit ViewContent
2024-01-27T14:45:08+00:00 DEBUG Tt4b_Pixel_Class::inject_view_content_event: Missing option "access_token"
2024-01-27T14:45:27+00:00 DEBUG Tt4b_Pixel_Class::inject_add_to_cart_event: hit AddToCart
2024-01-27T14:45:27+00:00 DEBUG Tt4b_Pixel_Class::inject_add_to_cart_event: Missing option "access_token"
2024-01-27T14:45:38+00:00 DEBUG Tt4b_Pixel_Class::inject_add_to_cart_event: hit AddToCart
2024-01-27T14:45:38+00:00 DEBUG Tt4b_Pixel_Class::inject_add_to_cart_event: Missing option "access_token"
2024-01-27T14:45:47+00:00 DEBUG Tt4b_Pixel_Class::inject_view_content_event: hit ViewContent
2024-01-27T14:45:47+00:00 DEBUG Tt4b_Pixel_Class::inject_view_content_event: Missing option "access_token"
2024-01-27T14:46:02+00:00 DEBUG Tt4b_Pixel_Class::inject_add_to_cart_event: hit AddToCart
2024-01-27T14:46:02+00:00 DEBUG Tt4b_Pixel_Class::inject_add_to_cart_event: Missing option "access_token"
2024-01-27T14:46:03+00:00 DEBUG Tt4b_Pixel_Class::inject_add_to_cart_event: hit AddToCart
2024-01-27T14:46:03+00:00 DEBUG Tt4b_Pixel_Class::inject_add_to_cart_event: Missing option "access_token"
2024-01-27T14:46:05+00:00 DEBUG Tt4b_Pixel_Class::inject_add_to_cart_event: hit AddToCart
2024-01-27T14:46:05+00:00 DEBUG Tt4b_Pixel_Class::inject_add_to_cart_event: Missing option "access_token"
2024-01-27T14:46:07+00:00 DEBUG Tt4b_Pixel_Class::inject_add_to_cart_event: hit AddToCart
2024-01-27T14:46:07+00:00 DEBUG Tt4b_Pixel_Class::inject_add_to_cart_event: Missing option "access_token"
2024-01-27T14:46:13+00:00 DEBUG Tt4b_Pixel_Class::inject_add_to_cart_event: hit AddToCart
2024-01-27T14:46:13+00:00 DEBUG Tt4b_Pixel_Class::inject_add_to_cart_event: Missing option "access_token"
2024-01-27T14:46:36+00:00 DEBUG Tt4b_Pixel_Class::inject_add_to_cart_event: hit AddToCart
2024-01-27T14:46:36+00:00 DEBUG Tt4b_Pixel_Class::inject_add_to_cart_event: Missing option "access_token"
2024-01-27T14:46:37+00:00 DEBUG Tt4b_Pixel_Class::inject_view_content_event: hit ViewContent
2024-01-27T14:46:37+00:00 DEBUG Tt4b_Pixel_Class::inject_view_content_event: Missing option "access_token"
2024-01-27T14:46:52+00:00 DEBUG Tt4b_Pixel_Class::inject_add_to_cart_event: hit AddToCart
2024-01-27T14:46:52+00:00 DEBUG Tt4b_Pixel_Class::inject_add_to_cart_event: Missing option "access_token"
2024-01-27T14:46:55+00:00 DEBUG Tt4b_Pixel_Class::inject_add_to_cart_event: hit AddToCart
2024-01-27T14:46:55+00:00 DEBUG Tt4b_Pixel_Class::inject_add_to_cart_event: Missing option "access_token"
2024-01-27T14:46:59+00:00 DEBUG Tt4b_Pixel_Class::inject_add_to_cart_event: hit AddToCart
2024-01-27T14:46:59+00:00 DEBUG Tt4b_Pixel_Class::inject_add_to_cart_event: Missing option "access_token"
2024-01-27T14:47:03+00:00 DEBUG Tt4b_Pixel_Class::inject_add_to_cart_event: hit AddToCart
2024-01-27T14:47:03+00:00 DEBUG Tt4b_Pixel_Class::inject_add_to_cart_event: Missing option "access_token"
2024-01-27T14:47:06+00:00 DEBUG Tt4b_Pixel_Class::inject_add_to_cart_event: hit AddToCart
2024-01-27T14:47:06+00:00 DEBUG Tt4b_Pixel_Class::inject_add_to_cart_event: Missing option "access_token"
2024-01-27T14:47:08+00:00 DEBUG Tt4b_Pixel_Class::inject_add_to_cart_event: hit AddToCart
2024-01-27T14:47:08+00:00 DEBUG Tt4b_Pixel_Class::inject_add_to_cart_event: Missing option "access_token"
2024-01-27T14:47:10+00:00 DEBUG Tt4b_Pixel_Class::inject_view_content_event: hit ViewContent
2024-01-27T14:47:10+00:00 DEBUG Tt4b_Pixel_Class::inject_view_content_event: Missing option "access_token"
2024-01-27T14:47:17+00:00 DEBUG Tt4b_Pixel_Class::inject_add_to_cart_event: hit AddToCart
2024-01-27T14:47:17+00:00 DEBUG Tt4b_Pixel_Class::inject_add_to_cart_event: Missing option "access_token"
2024-01-27T14:47:19+00:00 DEBUG Tt4b_Pixel_Class::inject_add_to_cart_event: hit AddToCart
2024-01-27T14:47:19+00:00 DEBUG Tt4b_Pixel_Class::inject_add_to_cart_event: Missing option "access_token"
2024-01-27T14:47:22+00:00 DEBUG Tt4b_Pixel_Class::inject_add_to_cart_event: hit AddToCart
2024-01-27T14:47:22+00:00 DEBUG Tt4b_Pixel_Class::inject_add_to_cart_event: Missing option "access_token"
2024-01-27T14:47:24+00:00 DEBUG Tt4b_Pixel_Class::inject_add_to_cart_event: hit AddToCart
2024-01-27T14:47:24+00:00 DEBUG Tt4b_Pixel_Class::inject_add_to_cart_event: Missing option "access_token"
2024-01-27T14:47:25+00:00 DEBUG Tt4b_Pixel_Class::inject_add_to_cart_event: hit AddToCart
2024-01-27T14:47:25+00:00 DEBUG Tt4b_Pixel_Class::inject_add_to_cart_event: Missing option "access_token"
2024-01-27T14:47:33+00:00 DEBUG Tt4b_Pixel_Class::inject_add_to_cart_event: hit AddToCart
2024-01-27T14:47:33+00:00 DEBUG Tt4b_Pixel_Class::inject_add_to_cart_event: Missing option "access_token"
2024-01-27T14:47:50+00:00 DEBUG Tt4b_Pixel_Class::inject_view_content_event: hit ViewContent
2024-01-27T14:47:50+00:00 DEBUG Tt4b_Pixel_Class::inject_view_content_event: Missing option "access_token"
2024-01-27T14:47:55+00:00 DEBUG Tt4b_Pixel_Class::inject_add_to_cart_event: hit AddToCart
2024-01-27T14:47:55+00:00 DEBUG Tt4b_Pixel_Class::inject_add_to_cart_event: Missing option "access_token"
2024-01-27T14:48:18+00:00 DEBUG Tt4b_Pixel_Class::inject_add_to_cart_event: hit AddToCart
2024-01-27T14:48:18+00:00 DEBUG Tt4b_Pixel_Class::inject_add_to_cart_event: Missing option "access_token"
2024-01-27T14:48:24+00:00 DEBUG Tt4b_Pixel_Class::inject_view_content_event: hit ViewContent
2024-01-27T14:48:24+00:00 DEBUG Tt4b_Pixel_Class::inject_view_content_event: Missing option "access_token"
2024-01-27T14:48:32+00:00 DEBUG Tt4b_Pixel_Class::inject_view_content_event: hit ViewContent
2024-01-27T14:48:32+00:00 DEBUG Tt4b_Pixel_Class::inject_view_content_event: Missing option "access_token"
2024-01-27T14:48:36+00:00 DEBUG Tt4b_Pixel_Class::inject_add_to_cart_event: hit AddToCart
2024-01-27T14:48:36+00:00 DEBUG Tt4b_Pixel_Class::inject_add_to_cart_event: Missing option "access_token"
2024-01-27T14:48:36+00:00 DEBUG Tt4b_Pixel_Class::inject_view_content_event: hit ViewContent
2024-01-27T14:48:36+00:00 DEBUG Tt4b_Pixel_Class::inject_view_content_event: Missing option "access_token"
2024-01-27T14:48:37+00:00 DEBUG Tt4b_Pixel_Class::inject_view_content_event: hit ViewContent
2024-01-27T14:48:37+00:00 DEBUG Tt4b_Pixel_Class::inject_view_content_event: Missing option "access_token"
2024-01-27T14:48:37+00:00 DEBUG Tt4b_Pixel_Class::inject_add_to_cart_event: hit AddToCart
2024-01-27T14:48:37+00:00 DEBUG Tt4b_Pixel_Class::inject_add_to_cart_event: Missing option "access_token"
2024-01-27T14:48:53+00:00 DEBUG Tt4b_Pixel_Class::inject_add_to_cart_event: hit AddToCart
2024-01-27T14:48:53+00:00 DEBUG Tt4b_Pixel_Class::inject_add_to_cart_event: Missing option "access_token"
2024-01-27T14:49:02+00:00 DEBUG Tt4b_Pixel_Class::inject_view_content_event: hit ViewContent
2024-01-27T14:49:02+00:00 DEBUG Tt4b_Pixel_Class::inject_view_content_event: Missing option "access_token"
2024-01-27T14:49:12+00:00 DEBUG Tt4b_Pixel_Class::inject_add_to_cart_event: hit AddToCart
2024-01-27T14:49:12+00:00 DEBUG Tt4b_Pixel_Class::inject_add_to_cart_event: Missing option "access_token"
2024-01-27T14:49:22+00:00 DEBUG Tt4b_Pixel_Class::inject_add_to_cart_event: hit AddToCart
2024-01-27T14:49:22+00:00 DEBUG Tt4b_Pixel_Class::inject_add_to_cart_event: Missing option "access_token"
2024-01-27T14:49:25+00:00 DEBUG Tt4b_Pixel_Class::inject_add_to_cart_event: hit AddToCart
2024-01-27T14:49:25+00:00 DEBUG Tt4b_Pixel_Class::inject_add_to_cart_event: Missing option "access_token"
2024-01-27T14:49:36+00:00 DEBUG Tt4b_Pixel_Class::inject_view_content_event: hit ViewContent
2024-01-27T14:49:36+00:00 DEBUG Tt4b_Pixel_Class::inject_view_content_event: Missing option "access_token"
2024-01-27T14:49:50+00:00 DEBUG Tt4b_Pixel_Class::inject_add_to_cart_event: hit AddToCart
2024-01-27T14:49:50+00:00 DEBUG Tt4b_Pixel_Class::inject_add_to_cart_event: Missing option "access_token"
2024-01-27T14:49:50+00:00 DEBUG Tt4b_Pixel_Class::inject_add_to_cart_event: hit AddToCart
2024-01-27T14:49:50+00:00 DEBUG Tt4b_Pixel_Class::inject_add_to_cart_event: Missing option "access_token"
2024-01-27T14:50:04+00:00 DEBUG Tt4b_Pixel_Class::inject_add_to_cart_event: hit AddToCart
2024-01-27T14:50:04+00:00 DEBUG Tt4b_Pixel_Class::inject_add_to_cart_event: Missing option "access_token"
2024-01-27T14:50:08+00:00 DEBUG Tt4b_Pixel_Class::inject_view_content_event: hit ViewContent
2024-01-27T14:50:08+00:00 DEBUG Tt4b_Pixel_Class::inject_view_content_event: Missing option "access_token"
2024-01-27T14:50:28+00:00 DEBUG Tt4b_Pixel_Class::inject_add_to_cart_event: hit AddToCart
2024-01-27T14:50:28+00:00 DEBUG Tt4b_Pixel_Class::inject_add_to_cart_event: Missing option "access_token"
2024-01-27T14:50:34+00:00 DEBUG Tt4b_Pixel_Class::inject_view_content_event: hit ViewContent
2024-01-27T14:50:34+00:00 DEBUG Tt4b_Pixel_Class::inject_view_content_event: Missing option "access_token"
2024-01-27T14:50:38+00:00 DEBUG Tt4b_Pixel_Class::inject_add_to_cart_event: hit AddToCart
2024-01-27T14:50:38+00:00 DEBUG Tt4b_Pixel_Class::inject_add_to_cart_event: Missing option "access_token"
2024-01-27T14:50:38+00:00 DEBUG Tt4b_Pixel_Class::inject_view_content_event: hit ViewContent
2024-01-27T14:50:38+00:00 DEBUG Tt4b_Pixel_Class::inject_view_content_event: Missing option "access_token"
2024-01-27T14:50:38+00:00 DEBUG Tt4b_Pixel_Class::inject_add_to_cart_event: hit AddToCart
2024-01-27T14:50:38+00:00 DEBUG Tt4b_Pixel_Class::inject_add_to_cart_event: Missing option "access_token"
2024-01-27T14:50:46+00:00 DEBUG Tt4b_Pixel_Class::inject_view_content_event: hit ViewContent
2024-01-27T14:50:46+00:00 DEBUG Tt4b_Pixel_Class::inject_view_content_event: Missing option "access_token"
2024-01-27T14:50:55+00:00 DEBUG Tt4b_Pixel_Class::inject_add_to_cart_event: hit AddToCart
2024-01-27T14:50:55+00:00 DEBUG Tt4b_Pixel_Class::inject_add_to_cart_event: Missing option "access_token"
2024-01-27T14:51:13+00:00 DEBUG Tt4b_Pixel_Class::inject_add_to_cart_event: hit AddToCart
2024-01-27T14:51:13+00:00 DEBUG Tt4b_Pixel_Class::inject_add_to_cart_event: Missing option "access_token"
2024-01-27T14:51:14+00:00 DEBUG Tt4b_Pixel_Class::inject_add_to_cart_event: hit AddToCart
2024-01-27T14:51:14+00:00 DEBUG Tt4b_Pixel_Class::inject_add_to_cart_event: Missing option "access_token"
2024-01-27T14:51:15+00:00 DEBUG Tt4b_Pixel_Class::inject_add_to_cart_event: hit AddToCart
2024-01-27T14:51:15+00:00 DEBUG Tt4b_Pixel_Class::inject_add_to_cart_event: Missing option "access_token"
2024-01-27T14:51:18+00:00 DEBUG Tt4b_Pixel_Class::inject_add_to_cart_event: hit AddToCart
2024-01-27T14:51:18+00:00 DEBUG Tt4b_Pixel_Class::inject_add_to_cart_event: Missing option "access_token"
2024-01-27T14:51:21+00:00 DEBUG Tt4b_Pixel_Class::inject_add_to_cart_event: hit AddToCart
2024-01-27T14:51:21+00:00 DEBUG Tt4b_Pixel_Class::inject_add_to_cart_event: Missing option "access_token"
2024-01-27T14:51:26+00:00 DEBUG Tt4b_Pixel_Class::inject_add_to_cart_event: hit AddToCart
2024-01-27T14:51:26+00:00 DEBUG Tt4b_Pixel_Class::inject_add_to_cart_event: Missing option "access_token"
2024-01-27T14:51:28+00:00 DEBUG Tt4b_Pixel_Class::inject_add_to_cart_event: hit AddToCart
2024-01-27T14:51:28+00:00 DEBUG Tt4b_Pixel_Class::inject_add_to_cart_event: Missing option "access_token"
2024-01-27T14:51:29+00:00 DEBUG Tt4b_Pixel_Class::inject_add_to_cart_event: hit AddToCart
2024-01-27T14:51:29+00:00 DEBUG Tt4b_Pixel_Class::inject_add_to_cart_event: Missing option "access_token"
2024-01-27T14:51:35+00:00 DEBUG Tt4b_Pixel_Class::inject_view_content_event: hit ViewContent
2024-01-27T14:51:35+00:00 DEBUG Tt4b_Pixel_Class::inject_view_content_event: Missing option "access_token"
2024-01-27T14:51:39+00:00 DEBUG Tt4b_Pixel_Class::inject_view_content_event: hit ViewContent
2024-01-27T14:51:39+00:00 DEBUG Tt4b_Pixel_Class::inject_view_content_event: Missing option "access_token"
2024-01-27T14:51:42+00:00 DEBUG Tt4b_Pixel_Class::inject_view_content_event: hit ViewContent
2024-01-27T14:51:42+00:00 DEBUG Tt4b_Pixel_Class::inject_view_content_event: Missing option "access_token"
2024-01-27T14:51:44+00:00 DEBUG Tt4b_Pixel_Class::inject_view_content_event: hit ViewContent
2024-01-27T14:51:44+00:00 DEBUG Tt4b_Pixel_Class::inject_view_content_event: Missing option "access_token"
2024-01-27T14:51:46+00:00 DEBUG Tt4b_Pixel_Class::inject_add_to_cart_event: hit AddToCart
2024-01-27T14:51:46+00:00 DEBUG Tt4b_Pixel_Class::inject_add_to_cart_event: Missing option "access_token"
2024-01-27T14:52:00+00:00 DEBUG Tt4b_Pixel_Class::inject_add_to_cart_event: hit AddToCart
2024-01-27T14:52:00+00:00 DEBUG Tt4b_Pixel_Class::inject_add_to_cart_event: Missing option "access_token"
2024-01-27T14:52:02+00:00 DEBUG Tt4b_Pixel_Class::inject_add_to_cart_event: hit AddToCart
2024-01-27T14:52:02+00:00 DEBUG Tt4b_Pixel_Class::inject_add_to_cart_event: Missing option "access_token"
2024-01-27T14:52:16+00:00 DEBUG Tt4b_Pixel_Class::inject_view_content_event: hit ViewContent
2024-01-27T14:52:16+00:00 DEBUG Tt4b_Pixel_Class::inject_view_content_event: Missing option "access_token"
2024-01-27T14:52:25+00:00 DEBUG Tt4b_Pixel_Class::inject_add_to_cart_event: hit AddToCart
2024-01-27T14:52:25+00:00 DEBUG Tt4b_Pixel_Class::inject_add_to_cart_event: Missing option "access_token"
2024-01-27T14:52:39+00:00 DEBUG Tt4b_Pixel_Class::inject_add_to_cart_event: hit AddToCart
2024-01-27T14:52:39+00:00 DEBUG Tt4b_Pixel_Class::inject_add_to_cart_event: Missing option "access_token"
2024-01-27T14:52:40+00:00 DEBUG Tt4b_Pixel_Class::inject_add_to_cart_event: hit AddToCart
2024-01-27T14:52:40+00:00 DEBUG Tt4b_Pixel_Class::inject_add_to_cart_event: Missing option "access_token"
2024-01-27T14:52:50+00:00 DEBUG Tt4b_Pixel_Class::inject_view_content_event: hit ViewContent
2024-01-27T14:52:50+00:00 DEBUG Tt4b_Pixel_Class::inject_view_content_event: Missing option "access_token"
2024-01-27T14:52:53+00:00 DEBUG Tt4b_Pixel_Class::inject_view_content_event: hit ViewContent
2024-01-27T14:52:53+00:00 DEBUG Tt4b_Pixel_Class::inject_view_content_event: Missing option "access_token"
2024-01-27T14:52:56+00:00 DEBUG Tt4b_Pixel_Class::inject_view_content_event: hit ViewContent
2024-01-27T14:52:56+00:00 DEBUG Tt4b_Pixel_Class::inject_view_content_event: Missing option "access_token"
2024-01-27T14:52:59+00:00 DEBUG Tt4b_Pixel_Class::inject_view_content_event: hit ViewContent
2024-01-27T14:52:59+00:00 DEBUG Tt4b_Pixel_Class::inject_view_content_event: Missing option "access_token"
2024-01-27T14:53:02+00:00 DEBUG Tt4b_Pixel_Class::inject_view_content_event: hit ViewContent
2024-01-27T14:53:02+00:00 DEBUG Tt4b_Pixel_Class::inject_view_content_event: Missing option "access_token"
2024-01-27T14:53:05+00:00 DEBUG Tt4b_Pixel_Class::inject_view_content_event: hit ViewContent
2024-01-27T14:53:05+00:00 DEBUG Tt4b_Pixel_Class::inject_view_content_event: Missing option "access_token"
2024-01-27T14:53:09+00:00 DEBUG Tt4b_Pixel_Class::inject_view_content_event: hit ViewContent
2024-01-27T14:53:09+00:00 DEBUG Tt4b_Pixel_Class::inject_view_content_event: Missing option "access_token"
2024-01-27T14:53:14+00:00 DEBUG Tt4b_Pixel_Class::inject_add_to_cart_event: hit AddToCart
2024-01-27T14:53:14+00:00 DEBUG Tt4b_Pixel_Class::inject_add_to_cart_event: Missing option "access_token"
2024-01-27T14:53:15+00:00 DEBUG Tt4b_Pixel_Class::inject_add_to_cart_event: hit AddToCart
2024-01-27T14:53:15+00:00 DEBUG Tt4b_Pixel_Class::inject_add_to_cart_event: Missing option "access_token"
2024-01-27T14:53:19+00:00 DEBUG Tt4b_Pixel_Class::inject_view_content_event: hit ViewContent
2024-01-27T14:53:19+00:00 DEBUG Tt4b_Pixel_Class::inject_view_content_event: Missing option "access_token"
2024-01-27T14:53:24+00:00 DEBUG Tt4b_Pixel_Class::inject_view_content_event: hit ViewContent
2024-01-27T14:53:24+00:00 DEBUG Tt4b_Pixel_Class::inject_view_content_event: Missing option "access_token"
2024-01-27T14:53:28+00:00 DEBUG Tt4b_Pixel_Class::inject_view_content_event: hit ViewContent
2024-01-27T14:53:28+00:00 DEBUG Tt4b_Pixel_Class::inject_view_content_event: Missing option "access_token"
2024-01-27T14:53:30+00:00 DEBUG Tt4b_Pixel_Class::inject_view_content_event: hit ViewContent
2024-01-27T14:53:30+00:00 DEBUG Tt4b_Pixel_Class::inject_view_content_event: Missing option "access_token"
2024-01-27T14:53:31+00:00 DEBUG Tt4b_Pixel_Class::inject_add_to_cart_event: hit AddToCart
2024-01-27T14:53:31+00:00 DEBUG Tt4b_Pixel_Class::inject_add_to_cart_event: Missing option "access_token"
2024-01-27T14:53:34+00:00 DEBUG Tt4b_Pixel_Class::inject_view_content_event: hit ViewContent
2024-01-27T14:53:34+00:00 DEBUG Tt4b_Pixel_Class::inject_view_content_event: Missing option "access_token"
2024-01-27T14:53:40+00:00 DEBUG Tt4b_Pixel_Class::inject_view_content_event: hit ViewContent
2024-01-27T14:53:40+00:00 DEBUG Tt4b_Pixel_Class::inject_view_content_event: Missing option "access_token"
2024-01-27T14:53:42+00:00 DEBUG Tt4b_Pixel_Class::inject_view_content_event: hit ViewContent
2024-01-27T14:53:42+00:00 DEBUG Tt4b_Pixel_Class::inject_view_content_event: Missing option "access_token"
2024-01-27T14:53:45+00:00 DEBUG Tt4b_Pixel_Class::inject_view_content_event: hit ViewContent
2024-01-27T14:53:45+00:00 DEBUG Tt4b_Pixel_Class::inject_view_content_event: Missing option "access_token"
2024-01-27T14:53:54+00:00 DEBUG Tt4b_Pixel_Class::inject_add_to_cart_event: hit AddToCart
2024-01-27T14:53:54+00:00 DEBUG Tt4b_Pixel_Class::inject_add_to_cart_event: Missing option "access_token"
2024-01-27T14:53:56+00:00 DEBUG Tt4b_Pixel_Class::inject_add_to_cart_event: hit AddToCart
2024-01-27T14:53:56+00:00 DEBUG Tt4b_Pixel_Class::inject_add_to_cart_event: Missing option "access_token"
2024-01-27T14:54:04+00:00 DEBUG Tt4b_Pixel_Class::inject_add_to_cart_event: hit AddToCart
2024-01-27T14:54:04+00:00 DEBUG Tt4b_Pixel_Class::inject_add_to_cart_event: Missing option "access_token"
2024-01-27T14:54:08+00:00 DEBUG Tt4b_Pixel_Class::inject_add_to_cart_event: hit AddToCart
2024-01-27T14:54:08+00:00 DEBUG Tt4b_Pixel_Class::inject_add_to_cart_event: Missing option "access_token"
2024-01-27T14:54:09+00:00 DEBUG Tt4b_Pixel_Class::inject_add_to_cart_event: hit AddToCart
2024-01-27T14:54:09+00:00 DEBUG Tt4b_Pixel_Class::inject_add_to_cart_event: Missing option "access_token"
2024-01-27T14:54:11+00:00 DEBUG Tt4b_Pixel_Class::inject_add_to_cart_event: hit AddToCart
2024-01-27T14:54:11+00:00 DEBUG Tt4b_Pixel_Class::inject_add_to_cart_event: Missing option "access_token"
2024-01-27T14:54:30+00:00 DEBUG Tt4b_Pixel_Class::inject_view_content_event: hit ViewContent
2024-01-27T14:54:30+00:00 DEBUG Tt4b_Pixel_Class::inject_view_content_event: Missing option "access_token"
2024-01-27T14:54:36+00:00 DEBUG Tt4b_Pixel_Class::inject_add_to_cart_event: hit AddToCart
2024-01-27T14:54:36+00:00 DEBUG Tt4b_Pixel_Class::inject_add_to_cart_event: Missing option "access_token"
2024-01-27T14:54:43+00:00 DEBUG Tt4b_Pixel_Class::inject_add_to_cart_event: hit AddToCart
2024-01-27T14:54:43+00:00 DEBUG Tt4b_Pixel_Class::inject_add_to_cart_event: Missing option "access_token"
2024-01-27T14:55:06+00:00 DEBUG Tt4b_Pixel_Class::inject_view_content_event: hit ViewContent
2024-01-27T14:55:06+00:00 DEBUG Tt4b_Pixel_Class::inject_view_content_event: Missing option "access_token"
2024-01-27T14:55:15+00:00 DEBUG Tt4b_Pixel_Class::inject_add_to_cart_event: hit AddToCart
2024-01-27T14:55:15+00:00 DEBUG Tt4b_Pixel_Class::inject_add_to_cart_event: Missing option "access_token"
2024-01-27T14:55:24+00:00 DEBUG Tt4b_Pixel_Class::inject_add_to_cart_event: hit AddToCart
2024-01-27T14:55:24+00:00 DEBUG Tt4b_Pixel_Class::inject_add_to_cart_event: Missing option "access_token"
2024-01-27T14:55:46+00:00 DEBUG Tt4b_Pixel_Class::inject_view_content_event: hit ViewContent
2024-01-27T14:55:46+00:00 DEBUG Tt4b_Pixel_Class::inject_view_content_event: Missing option "access_token"
2024-01-27T14:55:49+00:00 DEBUG Tt4b_Pixel_Class::inject_view_content_event: hit ViewContent
2024-01-27T14:55:49+00:00 DEBUG Tt4b_Pixel_Class::inject_view_content_event: Missing option "access_token"
2024-01-27T14:55:54+00:00 DEBUG Tt4b_Pixel_Class::inject_add_to_cart_event: hit AddToCart
2024-01-27T14:55:54+00:00 DEBUG Tt4b_Pixel_Class::inject_add_to_cart_event: Missing option "access_token"
2024-01-27T14:56:07+00:00 DEBUG Tt4b_Pixel_Class::inject_add_to_cart_event: hit AddToCart
2024-01-27T14:56:07+00:00 DEBUG Tt4b_Pixel_Class::inject_add_to_cart_event: Missing option "access_token"
2024-01-27T14:56:38+00:00 DEBUG Tt4b_Pixel_Class::inject_view_content_event: hit ViewContent
2024-01-27T14:56:38+00:00 DEBUG Tt4b_Pixel_Class::inject_view_content_event: Missing option "access_token"
2024-01-27T14:56:41+00:00 DEBUG Tt4b_Pixel_Class::inject_view_content_event: hit ViewContent
2024-01-27T14:56:41+00:00 DEBUG Tt4b_Pixel_Class::inject_view_content_event: Missing option "access_token"
2024-01-27T14:56:44+00:00 DEBUG Tt4b_Pixel_Class::inject_view_content_event: hit ViewContent
2024-01-27T14:56:44+00:00 DEBUG Tt4b_Pixel_Class::inject_view_content_event: Missing option "access_token"
2024-01-27T14:56:45+00:00 DEBUG Tt4b_Pixel_Class::inject_view_content_event: hit ViewContent
2024-01-27T14:56:45+00:00 DEBUG Tt4b_Pixel_Class::inject_view_content_event: Missing option "access_token"
2024-01-27T14:56:46+00:00 DEBUG Tt4b_Pixel_Class::inject_view_content_event: hit ViewContent
2024-01-27T14:56:46+00:00 DEBUG Tt4b_Pixel_Class::inject_view_content_event: Missing option "access_token"
2024-01-27T14:56:49+00:00 DEBUG Tt4b_Pixel_Class::inject_view_content_event: hit ViewContent
2024-01-27T14:56:49+00:00 DEBUG Tt4b_Pixel_Class::inject_view_content_event: Missing option "access_token"
2024-01-27T14:56:49+00:00 DEBUG Tt4b_Pixel_Class::inject_add_to_cart_event: hit AddToCart
2024-01-27T14:56:49+00:00 DEBUG Tt4b_Pixel_Class::inject_add_to_cart_event: Missing option "access_token"
2024-01-27T14:56:51+00:00 DEBUG Tt4b_Pixel_Class::inject_view_content_event: hit ViewContent
2024-01-27T14:56:51+00:00 DEBUG Tt4b_Pixel_Class::inject_view_content_event: Missing option "access_token"
2024-01-27T14:56:54+00:00 DEBUG Tt4b_Pixel_Class::inject_view_content_event: hit ViewContent
2024-01-27T14:56:54+00:00 DEBUG Tt4b_Pixel_Class::inject_view_content_event: Missing option "access_token"
2024-01-27T14:56:56+00:00 DEBUG Tt4b_Pixel_Class::inject_add_to_cart_event: hit AddToCart
2024-01-27T14:56:56+00:00 DEBUG Tt4b_Pixel_Class::inject_add_to_cart_event: Missing option "access_token"
2024-01-27T14:57:00+00:00 DEBUG Tt4b_Pixel_Class::inject_view_content_event: hit ViewContent
2024-01-27T14:57:00+00:00 DEBUG Tt4b_Pixel_Class::inject_view_content_event: Missing option "access_token"
2024-01-27T14:57:05+00:00 DEBUG Tt4b_Pixel_Class::inject_view_content_event: hit ViewContent
2024-01-27T14:57:05+00:00 DEBUG Tt4b_Pixel_Class::inject_view_content_event: Missing option "access_token"
2024-01-27T14:57:09+00:00 DEBUG Tt4b_Pixel_Class::inject_view_content_event: hit ViewContent
2024-01-27T14:57:09+00:00 DEBUG Tt4b_Pixel_Class::inject_view_content_event: Missing option "access_token"
2024-01-27T14:57:11+00:00 DEBUG Tt4b_Pixel_Class::inject_view_content_event: hit ViewContent
2024-01-27T14:57:11+00:00 DEBUG Tt4b_Pixel_Class::inject_view_content_event: Missing option "access_token"
2024-01-27T14:57:14+00:00 DEBUG Tt4b_Pixel_Class::inject_view_content_event: hit ViewContent
2024-01-27T14:57:14+00:00 DEBUG Tt4b_Pixel_Class::inject_view_content_event: Missing option "access_token"
2024-01-27T14:57:17+00:00 DEBUG Tt4b_Pixel_Class::inject_view_content_event: hit ViewContent
2024-01-27T14:57:17+00:00 DEBUG Tt4b_Pixel_Class::inject_view_content_event: Missing option "access_token"
2024-01-27T14:57:21+00:00 DEBUG Tt4b_Pixel_Class::inject_view_content_event: hit ViewContent
2024-01-27T14:57:21+00:00 DEBUG Tt4b_Pixel_Class::inject_view_content_event: Missing option "access_token"
2024-01-27T14:57:21+00:00 DEBUG Tt4b_Pixel_Class::inject_view_content_event: hit ViewContent
2024-01-27T14:57:21+00:00 DEBUG Tt4b_Pixel_Class::inject_view_content_event: Missing option "access_token"
2024-01-27T14:57:24+00:00 DEBUG Tt4b_Pixel_Class::inject_view_content_event: hit ViewContent
2024-01-27T14:57:24+00:00 DEBUG Tt4b_Pixel_Class::inject_view_content_event: Missing option "access_token"
2024-01-27T14:57:27+00:00 DEBUG Tt4b_Pixel_Class::inject_view_content_event: hit ViewContent
2024-01-27T14:57:27+00:00 DEBUG Tt4b_Pixel_Class::inject_view_content_event: Missing option "access_token"
2024-01-27T14:57:30+00:00 DEBUG Tt4b_Pixel_Class::inject_add_to_cart_event: hit AddToCart
2024-01-27T14:57:30+00:00 DEBUG Tt4b_Pixel_Class::inject_add_to_cart_event: Missing option "access_token"
2024-01-27T14:57:41+00:00 DEBUG Tt4b_Pixel_Class::inject_add_to_cart_event: hit AddToCart
2024-01-27T14:57:41+00:00 DEBUG Tt4b_Pixel_Class::inject_add_to_cart_event: Missing option "access_token"
2024-01-27T14:58:01+00:00 DEBUG Tt4b_Pixel_Class::inject_view_content_event: hit ViewContent
2024-01-27T14:58:01+00:00 DEBUG Tt4b_Pixel_Class::inject_view_content_event: Missing option "access_token"
2024-01-27T14:58:05+00:00 DEBUG Tt4b_Pixel_Class::inject_view_content_event: hit ViewContent
2024-01-27T14:58:05+00:00 DEBUG Tt4b_Pixel_Class::inject_view_content_event: Missing option "access_token"
2024-01-27T14:58:11+00:00 DEBUG Tt4b_Pixel_Class::inject_add_to_cart_event: hit AddToCart
2024-01-27T14:58:11+00:00 DEBUG Tt4b_Pixel_Class::inject_add_to_cart_event: Missing option "access_token"
2024-01-27T14:58:13+00:00 DEBUG Tt4b_Pixel_Class::inject_add_to_cart_event: hit AddToCart
2024-01-27T14:58:13+00:00 DEBUG Tt4b_Pixel_Class::inject_add_to_cart_event: Missing option "access_token"
2024-01-27T14:58:16+00:00 DEBUG Tt4b_Pixel_Class::inject_add_to_cart_event: hit AddToCart
2024-01-27T14:58:16+00:00 DEBUG Tt4b_Pixel_Class::inject_add_to_cart_event: Missing option "access_token"
2024-01-27T14:58:17+00:00 DEBUG Tt4b_Pixel_Class::inject_add_to_cart_event: hit AddToCart
2024-01-27T14:58:17+00:00 DEBUG Tt4b_Pixel_Class::inject_add_to_cart_event: Missing option "access_token"
2024-01-27T14:58:20+00:00 DEBUG Tt4b_Pixel_Class::inject_add_to_cart_event: hit AddToCart
2024-01-27T14:58:20+00:00 DEBUG Tt4b_Pixel_Class::inject_add_to_cart_event: Missing option "access_token"
2024-01-27T14:58:21+00:00 DEBUG Tt4b_Pixel_Class::inject_add_to_cart_event: hit AddToCart
2024-01-27T14:58:21+00:00 DEBUG Tt4b_Pixel_Class::inject_add_to_cart_event: Missing option "access_token"
2024-01-27T14:58:22+00:00 DEBUG Tt4b_Pixel_Class::inject_add_to_cart_event: hit AddToCart
2024-01-27T14:58:22+00:00 DEBUG Tt4b_Pixel_Class::inject_add_to_cart_event: Missing option "access_token"
2024-01-27T14:58:29+00:00 DEBUG Tt4b_Pixel_Class::inject_add_to_cart_event: hit AddToCart
2024-01-27T14:58:29+00:00 DEBUG Tt4b_Pixel_Class::inject_add_to_cart_event: Missing option "access_token"
2024-01-27T14:58:46+00:00 DEBUG Tt4b_Pixel_Class::inject_view_content_event: hit ViewContent
2024-01-27T14:58:46+00:00 DEBUG Tt4b_Pixel_Class::inject_view_content_event: Missing option "access_token"
2024-01-27T14:58:50+00:00 DEBUG Tt4b_Pixel_Class::inject_view_content_event: hit ViewContent
2024-01-27T14:58:50+00:00 DEBUG Tt4b_Pixel_Class::inject_view_content_event: Missing option "access_token"
2024-01-27T14:59:03+00:00 DEBUG Tt4b_Pixel_Class::inject_view_content_event: hit ViewContent
2024-01-27T14:59:03+00:00 DEBUG Tt4b_Pixel_Class::inject_view_content_event: Missing option "access_token"
2024-01-27T14:59:10+00:00 DEBUG Tt4b_Pixel_Class::inject_add_to_cart_event: hit AddToCart
2024-01-27T14:59:10+00:00 DEBUG Tt4b_Pixel_Class::inject_add_to_cart_event: Missing option "access_token"
2024-01-27T14:59:23+00:00 DEBUG Tt4b_Pixel_Class::inject_view_content_event: hit ViewContent
2024-01-27T14:59:23+00:00 DEBUG Tt4b_Pixel_Class::inject_view_content_event: Missing option "access_token"
2024-01-27T14:59:25+00:00 DEBUG Tt4b_Pixel_Class::inject_view_content_event: hit ViewContent
2024-01-27T14:59:25+00:00 DEBUG Tt4b_Pixel_Class::inject_view_content_event: Missing option "access_token"
2024-01-27T14:59:37+00:00 DEBUG Tt4b_Pixel_Class::inject_view_content_event: hit ViewContent
2024-01-27T14:59:37+00:00 DEBUG Tt4b_Pixel_Class::inject_view_content_event: Missing option "access_token"
2024-01-27T14:59:40+00:00 DEBUG Tt4b_Pixel_Class::inject_view_content_event: hit ViewContent
2024-01-27T14:59:40+00:00 DEBUG Tt4b_Pixel_Class::inject_view_content_event: Missing option "access_token"
2024-01-27T14:59:43+00:00 DEBUG Tt4b_Pixel_Class::inject_view_content_event: hit ViewContent
2024-01-27T14:59:43+00:00 DEBUG Tt4b_Pixel_Class::inject_view_content_event: Missing option "access_token"
2024-01-27T14:59:47+00:00 DEBUG Tt4b_Pixel_Class::inject_view_content_event: hit ViewContent
2024-01-27T14:59:47+00:00 DEBUG Tt4b_Pixel_Class::inject_view_content_event: Missing option "access_token"
2024-01-27T14:59:52+00:00 DEBUG Tt4b_Pixel_Class::inject_view_content_event: hit ViewContent
2024-01-27T14:59:52+00:00 DEBUG Tt4b_Pixel_Class::inject_view_content_event: Missing option "access_token"
2024-01-27T14:59:55+00:00 DEBUG Tt4b_Pixel_Class::inject_view_content_event: hit ViewContent
2024-01-27T14:59:55+00:00 DEBUG Tt4b_Pixel_Class::inject_view_content_event: Missing option "access_token"
2024-01-27T14:59:55+00:00 DEBUG Tt4b_Pixel_Class::inject_view_content_event: hit ViewContent
2024-01-27T14:59:55+00:00 DEBUG Tt4b_Pixel_Class::inject_view_content_event: Missing option "access_token"
2024-01-27T14:59:58+00:00 DEBUG Tt4b_Pixel_Class::inject_view_content_event: hit ViewContent
2024-01-27T14:59:58+00:00 DEBUG Tt4b_Pixel_Class::inject_view_content_event: Missing option "access_token"
2024-01-27T14:59:59+00:00 DEBUG Tt4b_Pixel_Class::inject_view_content_event: hit ViewContent
2024-01-27T14:59:59+00:00 DEBUG Tt4b_Pixel_Class::inject_view_content_event: Missing option "access_token"
2024-01-27T15:00:02+00:00 DEBUG Tt4b_Pixel_Class::inject_view_content_event: hit ViewContent
2024-01-27T15:00:02+00:00 DEBUG Tt4b_Pixel_Class::inject_view_content_event: Missing option "access_token"
2024-01-27T15:00:05+00:00 DEBUG Tt4b_Pixel_Class::inject_view_content_event: hit ViewContent
2024-01-27T15:00:05+00:00 DEBUG Tt4b_Pixel_Class::inject_view_content_event: Missing option "access_token"
2024-01-27T15:00:08+00:00 DEBUG Tt4b_Pixel_Class::inject_view_content_event: hit ViewContent
2024-01-27T15:00:08+00:00 DEBUG Tt4b_Pixel_Class::inject_view_content_event: Missing option "access_token"
2024-01-27T15:00:11+00:00 DEBUG Tt4b_Pixel_Class::inject_view_content_event: hit ViewContent
2024-01-27T15:00:11+00:00 DEBUG Tt4b_Pixel_Class::inject_view_content_event: Missing option "access_token"
2024-01-27T15:00:14+00:00 DEBUG Tt4b_Pixel_Class::inject_view_content_event: hit ViewContent
2024-01-27T15:00:14+00:00 DEBUG Tt4b_Pixel_Class::inject_view_content_event: Missing option "access_token"
2024-01-27T15:00:18+00:00 DEBUG Tt4b_Pixel_Class::inject_view_content_event: hit ViewContent
2024-01-27T15:00:18+00:00 DEBUG Tt4b_Pixel_Class::inject_view_content_event: Missing option "access_token"
2024-01-27T15:00:26+00:00 DEBUG Tt4b_Pixel_Class::inject_view_content_event: hit ViewContent
2024-01-27T15:00:26+00:00 DEBUG Tt4b_Pixel_Class::inject_view_content_event: Missing option "access_token"
2024-01-27T15:00:30+00:00 DEBUG Tt4b_Pixel_Class::inject_view_content_event: hit ViewContent
2024-01-27T15:00:30+00:00 DEBUG Tt4b_Pixel_Class::inject_view_content_event: Missing option "access_token"
2024-01-27T15:00:36+00:00 DEBUG Tt4b_Pixel_Class::inject_view_content_event: hit ViewContent
2024-01-27T15:00:36+00:00 DEBUG Tt4b_Pixel_Class::inject_view_content_event: Missing option "access_token"
2024-01-27T15:00:38+00:00 DEBUG Tt4b_Pixel_Class::inject_view_content_event: hit ViewContent
2024-01-27T15:00:38+00:00 DEBUG Tt4b_Pixel_Class::inject_view_content_event: Missing option "access_token"
2024-01-27T15:01:00+00:00 DEBUG Tt4b_Pixel_Class::inject_view_content_event: hit ViewContent
2024-01-27T15:01:00+00:00 DEBUG Tt4b_Pixel_Class::inject_view_content_event: Missing option "access_token"
2024-01-27T15:01:08+00:00 DEBUG Tt4b_Pixel_Class::inject_view_content_event: hit ViewContent
2024-01-27T15:01:08+00:00 DEBUG Tt4b_Pixel_Class::inject_view_content_event: Missing option "access_token"
2024-01-27T15:01:14+00:00 DEBUG Tt4b_Pixel_Class::inject_view_content_event: hit ViewContent
2024-01-27T15:01:14+00:00 DEBUG Tt4b_Pixel_Class::inject_view_content_event: Missing option "access_token"
2024-01-27T15:01:40+00:00 DEBUG Tt4b_Pixel_Class::inject_view_content_event: hit ViewContent
2024-01-27T15:01:40+00:00 DEBUG Tt4b_Pixel_Class::inject_view_content_event: Missing option "access_token"
2024-01-27T15:01:54+00:00 DEBUG Tt4b_Pixel_Class::inject_view_content_event: hit ViewContent
2024-01-27T15:01:54+00:00 DEBUG Tt4b_Pixel_Class::inject_view_content_event: Missing option "access_token"
2024-01-27T15:01:56+00:00 DEBUG Tt4b_Pixel_Class::inject_view_content_event: hit ViewContent
2024-01-27T15:01:56+00:00 DEBUG Tt4b_Pixel_Class::inject_view_content_event: Missing option "access_token"
2024-01-27T15:02:13+00:00 DEBUG Tt4b_Pixel_Class::inject_add_to_cart_event: hit AddToCart
2024-01-27T15:02:13+00:00 DEBUG Tt4b_Pixel_Class::inject_add_to_cart_event: Missing option "access_token"
2024-01-27T15:02:19+00:00 DEBUG Tt4b_Pixel_Class::inject_view_content_event: hit ViewContent
2024-01-27T15:02:19+00:00 DEBUG Tt4b_Pixel_Class::inject_view_content_event: Missing option "access_token"
2024-01-27T15:02:26+00:00 DEBUG Tt4b_Pixel_Class::inject_view_content_event: hit ViewContent
2024-01-27T15:02:26+00:00 DEBUG Tt4b_Pixel_Class::inject_view_content_event: Missing option "access_token"
2024-01-27T15:02:28+00:00 DEBUG Tt4b_Pixel_Class::inject_view_content_event: hit ViewContent
2024-01-27T15:02:28+00:00 DEBUG Tt4b_Pixel_Class::inject_view_content_event: Missing option "access_token"
2024-01-27T15:02:46+00:00 DEBUG Tt4b_Pixel_Class::inject_add_to_cart_event: hit AddToCart
2024-01-27T15:02:46+00:00 DEBUG Tt4b_Pixel_Class::inject_add_to_cart_event: Missing option "access_token"
2024-01-27T15:02:51+00:00 DEBUG Tt4b_Pixel_Class::inject_view_content_event: hit ViewContent
2024-01-27T15:02:51+00:00 DEBUG Tt4b_Pixel_Class::inject_view_content_event: Missing option "access_token"
2024-01-27T15:03:02+00:00 DEBUG Tt4b_Pixel_Class::inject_view_content_event: hit ViewContent
2024-01-27T15:03:02+00:00 DEBUG Tt4b_Pixel_Class::inject_view_content_event: Missing option "access_token"
2024-01-27T15:03:10+00:00 DEBUG Tt4b_Pixel_Class::inject_view_content_event: hit ViewContent
2024-01-27T15:03:10+00:00 DEBUG Tt4b_Pixel_Class::inject_view_content_event: Missing option "access_token"
2024-01-27T15:03:31+00:00 DEBUG Tt4b_Pixel_Class::inject_view_content_event: hit ViewContent
2024-01-27T15:03:31+00:00 DEBUG Tt4b_Pixel_Class::inject_view_content_event: Missing option "access_token"
2024-01-27T15:03:42+00:00 DEBUG Tt4b_Pixel_Class::inject_view_content_event: hit ViewContent
2024-01-27T15:03:42+00:00 DEBUG Tt4b_Pixel_Class::inject_view_content_event: Missing option "access_token"
2024-01-27T15:03:44+00:00 DEBUG Tt4b_Pixel_Class::inject_view_content_event: hit ViewContent
2024-01-27T15:03:44+00:00 DEBUG Tt4b_Pixel_Class::inject_view_content_event: Missing option "access_token"
2024-01-27T15:03:44+00:00 DEBUG Tt4b_Pixel_Class::inject_view_content_event: hit ViewContent
2024-01-27T15:03:44+00:00 DEBUG Tt4b_Pixel_Class::inject_view_content_event: Missing option "access_token"
2024-01-27T15:03:46+00:00 DEBUG Tt4b_Pixel_Class::inject_view_content_event: hit ViewContent
2024-01-27T15:03:46+00:00 DEBUG Tt4b_Pixel_Class::inject_view_content_event: Missing option "access_token"
2024-01-27T15:03:49+00:00 DEBUG Tt4b_Pixel_Class::inject_view_content_event: hit ViewContent
2024-01-27T15:03:49+00:00 DEBUG Tt4b_Pixel_Class::inject_view_content_event: Missing option "access_token"
2024-01-27T15:03:53+00:00 DEBUG Tt4b_Pixel_Class::inject_add_to_cart_event: hit AddToCart
2024-01-27T15:03:53+00:00 DEBUG Tt4b_Pixel_Class::inject_add_to_cart_event: Missing option "access_token"
2024-01-27T15:04:05+00:00 DEBUG Tt4b_Pixel_Class::inject_view_content_event: hit ViewContent
2024-01-27T15:04:05+00:00 DEBUG Tt4b_Pixel_Class::inject_view_content_event: Missing option "access_token"
2024-01-27T15:04:17+00:00 DEBUG Tt4b_Pixel_Class::inject_view_content_event: hit ViewContent
2024-01-27T15:04:17+00:00 DEBUG Tt4b_Pixel_Class::inject_view_content_event: Missing option "access_token"
2024-01-27T15:04:22+00:00 DEBUG Tt4b_Pixel_Class::inject_view_content_event: hit ViewContent
2024-01-27T15:04:22+00:00 DEBUG Tt4b_Pixel_Class::inject_view_content_event: Missing option "access_token"
2024-01-27T15:04:25+00:00 DEBUG Tt4b_Pixel_Class::inject_view_content_event: hit ViewContent
2024-01-27T15:04:25+00:00 DEBUG Tt4b_Pixel_Class::inject_view_content_event: Missing option "access_token"
2024-01-27T15:04:26+00:00 DEBUG Tt4b_Pixel_Class::inject_view_content_event: hit ViewContent
2024-01-27T15:04:26+00:00 DEBUG Tt4b_Pixel_Class::inject_view_content_event: Missing option "access_token"
2024-01-27T15:04:30+00:00 DEBUG Tt4b_Pixel_Class::inject_view_content_event: hit ViewContent
2024-01-27T15:04:30+00:00 DEBUG Tt4b_Pixel_Class::inject_view_content_event: Missing option "access_token"
2024-01-27T15:04:37+00:00 DEBUG Tt4b_Pixel_Class::inject_view_content_event: hit ViewContent
2024-01-27T15:04:37+00:00 DEBUG Tt4b_Pixel_Class::inject_view_content_event: Missing option "access_token"
2024-01-27T15:05:04+00:00 DEBUG Tt4b_Pixel_Class::inject_view_content_event: hit ViewContent
2024-01-27T15:05:04+00:00 DEBUG Tt4b_Pixel_Class::inject_view_content_event: Missing option "access_token"
2024-01-27T15:05:07+00:00 DEBUG Tt4b_Pixel_Class::inject_view_content_event: hit ViewContent
2024-01-27T15:05:07+00:00 DEBUG Tt4b_Pixel_Class::inject_view_content_event: Missing option "access_token"
2024-01-27T15:05:12+00:00 DEBUG Tt4b_Pixel_Class::inject_view_content_event: hit ViewContent
2024-01-27T15:05:12+00:00 DEBUG Tt4b_Pixel_Class::inject_view_content_event: Missing option "access_token"
2024-01-27T15:05:15+00:00 DEBUG Tt4b_Pixel_Class::inject_view_content_event: hit ViewContent
2024-01-27T15:05:15+00:00 DEBUG Tt4b_Pixel_Class::inject_view_content_event: Missing option "access_token"
2024-01-27T15:05:19+00:00 DEBUG Tt4b_Pixel_Class::inject_view_content_event: hit ViewContent
2024-01-27T15:05:19+00:00 DEBUG Tt4b_Pixel_Class::inject_view_content_event: Missing option "access_token"
2024-01-27T15:05:21+00:00 DEBUG Tt4b_Pixel_Class::inject_view_content_event: hit ViewContent
2024-01-27T15:05:21+00:00 DEBUG Tt4b_Pixel_Class::inject_view_content_event: Missing option "access_token"
2024-01-27T15:05:22+00:00 DEBUG Tt4b_Pixel_Class::inject_view_content_event: hit ViewContent
2024-01-27T15:05:22+00:00 DEBUG Tt4b_Pixel_Class::inject_view_content_event: Missing option "access_token"
2024-01-27T15:05:24+00:00 DEBUG Tt4b_Pixel_Class::inject_view_content_event: hit ViewContent
2024-01-27T15:05:24+00:00 DEBUG Tt4b_Pixel_Class::inject_view_content_event: Missing option "access_token"
2024-01-27T15:05:27+00:00 DEBUG Tt4b_Pixel_Class::inject_view_content_event: hit ViewContent
2024-01-27T15:05:27+00:00 DEBUG Tt4b_Pixel_Class::inject_view_content_event: Missing option "access_token"
2024-01-27T15:05:30+00:00 DEBUG Tt4b_Pixel_Class::inject_view_content_event: hit ViewContent
2024-01-27T15:05:30+00:00 DEBUG Tt4b_Pixel_Class::inject_view_content_event: Missing option "access_token"
2024-01-27T15:05:34+00:00 DEBUG Tt4b_Pixel_Class::inject_view_content_event: hit ViewContent
2024-01-27T15:05:34+00:00 DEBUG Tt4b_Pixel_Class::inject_view_content_event: Missing option "access_token"
2024-01-27T15:05:41+00:00 DEBUG Tt4b_Pixel_Class::inject_view_content_event: hit ViewContent
2024-01-27T15:05:41+00:00 DEBUG Tt4b_Pixel_Class::inject_view_content_event: Missing option "access_token"
2024-01-27T15:05:45+00:00 DEBUG Tt4b_Pixel_Class::inject_view_content_event: hit ViewContent
2024-01-27T15:05:45+00:00 DEBUG Tt4b_Pixel_Class::inject_view_content_event: Missing option "access_token"
2024-01-27T15:05:48+00:00 DEBUG Tt4b_Pixel_Class::inject_view_content_event: hit ViewContent
2024-01-27T15:05:48+00:00 DEBUG Tt4b_Pixel_Class::inject_view_content_event: Missing option "access_token"
2024-01-27T15:05:53+00:00 DEBUG Tt4b_Pixel_Class::inject_view_content_event: hit ViewContent
2024-01-27T15:05:53+00:00 DEBUG Tt4b_Pixel_Class::inject_view_content_event: Missing option "access_token"
2024-01-27T15:05:56+00:00 DEBUG Tt4b_Pixel_Class::inject_view_content_event: hit ViewContent
2024-01-27T15:05:56+00:00 DEBUG Tt4b_Pixel_Class::inject_view_content_event: Missing option "access_token"
2024-01-27T15:05:56+00:00 DEBUG Tt4b_Pixel_Class::inject_view_content_event: hit ViewContent
2024-01-27T15:05:56+00:00 DEBUG Tt4b_Pixel_Class::inject_view_content_event: Missing option "access_token"
2024-01-27T15:05:58+00:00 DEBUG Tt4b_Pixel_Class::inject_view_content_event: hit ViewContent
2024-01-27T15:05:58+00:00 DEBUG Tt4b_Pixel_Class::inject_view_content_event: Missing option "access_token"
2024-01-27T15:06:25+00:00 DEBUG Tt4b_Pixel_Class::inject_view_content_event: hit ViewContent
2024-01-27T15:06:25+00:00 DEBUG Tt4b_Pixel_Class::inject_view_content_event: Missing option "access_token"
2024-01-27T15:06:29+00:00 DEBUG Tt4b_Pixel_Class::inject_view_content_event: hit ViewContent
2024-01-27T15:06:29+00:00 DEBUG Tt4b_Pixel_Class::inject_view_content_event: Missing option "access_token"
2024-01-27T15:06:32+00:00 DEBUG Tt4b_Pixel_Class::inject_view_content_event: hit ViewContent
2024-01-27T15:06:32+00:00 DEBUG Tt4b_Pixel_Class::inject_view_content_event: Missing option "access_token"
2024-01-27T15:06:33+00:00 DEBUG Tt4b_Pixel_Class::inject_view_content_event: hit ViewContent
2024-01-27T15:06:33+00:00 DEBUG Tt4b_Pixel_Class::inject_view_content_event: Missing option "access_token"
2024-01-27T15:06:36+00:00 DEBUG Tt4b_Pixel_Class::inject_view_content_event: hit ViewContent
2024-01-27T15:06:36+00:00 DEBUG Tt4b_Pixel_Class::inject_view_content_event: Missing option "access_token"
2024-01-27T15:07:05+00:00 DEBUG Tt4b_Pixel_Class::inject_view_content_event: hit ViewContent
2024-01-27T15:07:05+00:00 DEBUG Tt4b_Pixel_Class::inject_view_content_event: Missing option "access_token"
2024-01-27T15:07:08+00:00 DEBUG Tt4b_Pixel_Class::inject_view_content_event: hit ViewContent
2024-01-27T15:07:08+00:00 DEBUG Tt4b_Pixel_Class::inject_view_content_event: Missing option "access_token"
2024-01-27T15:07:34+00:00 DEBUG Tt4b_Pixel_Class::inject_view_content_event: hit ViewContent
2024-01-27T15:07:34+00:00 DEBUG Tt4b_Pixel_Class::inject_view_content_event: Missing option "access_token"
2024-01-27T15:07:37+00:00 DEBUG Tt4b_Pixel_Class::inject_view_content_event: hit ViewContent
2024-01-27T15:07:37+00:00 DEBUG Tt4b_Pixel_Class::inject_view_content_event: Missing option "access_token"
2024-01-27T15:07:40+00:00 DEBUG Tt4b_Pixel_Class::inject_view_content_event: hit ViewContent
2024-01-27T15:07:40+00:00 DEBUG Tt4b_Pixel_Class::inject_view_content_event: Missing option "access_token"
2024-01-27T15:07:45+00:00 DEBUG Tt4b_Pixel_Class::inject_view_content_event: hit ViewContent
2024-01-27T15:07:45+00:00 DEBUG Tt4b_Pixel_Class::inject_view_content_event: Missing option "access_token"
2024-01-27T15:07:47+00:00 DEBUG Tt4b_Pixel_Class::inject_view_content_event: hit ViewContent
2024-01-27T15:07:47+00:00 DEBUG Tt4b_Pixel_Class::inject_view_content_event: Missing option "access_token"
2024-01-27T15:07:50+00:00 DEBUG Tt4b_Pixel_Class::inject_view_content_event: hit ViewContent
2024-01-27T15:07:50+00:00 DEBUG Tt4b_Pixel_Class::inject_view_content_event: Missing option "access_token"
2024-01-27T15:07:54+00:00 DEBUG Tt4b_Pixel_Class::inject_view_content_event: hit ViewContent
2024-01-27T15:07:54+00:00 DEBUG Tt4b_Pixel_Class::inject_view_content_event: Missing option "access_token"
2024-01-27T15:07:56+00:00 DEBUG Tt4b_Pixel_Class::inject_view_content_event: hit ViewContent
2024-01-27T15:07:56+00:00 DEBUG Tt4b_Pixel_Class::inject_view_content_event: Missing option "access_token"
2024-01-27T15:08:00+00:00 DEBUG Tt4b_Pixel_Class::inject_view_content_event: hit ViewContent
2024-01-27T15:08:00+00:00 DEBUG Tt4b_Pixel_Class::inject_view_content_event: Missing option "access_token"
2024-01-27T15:08:03+00:00 DEBUG Tt4b_Pixel_Class::inject_view_content_event: hit ViewContent
2024-01-27T15:08:03+00:00 DEBUG Tt4b_Pixel_Class::inject_view_content_event: Missing option "access_token"
2024-01-27T15:08:07+00:00 DEBUG Tt4b_Pixel_Class::inject_view_content_event: hit ViewContent
2024-01-27T15:08:07+00:00 DEBUG Tt4b_Pixel_Class::inject_view_content_event: Missing option "access_token"
2024-01-27T15:08:09+00:00 DEBUG Tt4b_Pixel_Class::inject_view_content_event: hit ViewContent
2024-01-27T15:08:09+00:00 DEBUG Tt4b_Pixel_Class::inject_view_content_event: Missing option "access_token"
2024-01-27T15:08:12+00:00 DEBUG Tt4b_Pixel_Class::inject_view_content_event: hit ViewContent
2024-01-27T15:08:12+00:00 DEBUG Tt4b_Pixel_Class::inject_view_content_event: Missing option "access_token"
2024-01-27T15:08:14+00:00 DEBUG Tt4b_Pixel_Class::inject_view_content_event: hit ViewContent
2024-01-27T15:08:14+00:00 DEBUG Tt4b_Pixel_Class::inject_view_content_event: Missing option "access_token"
2024-01-27T15:08:17+00:00 DEBUG Tt4b_Pixel_Class::inject_view_content_event: hit ViewContent
2024-01-27T15:08:17+00:00 DEBUG Tt4b_Pixel_Class::inject_view_content_event: Missing option "access_token"
2024-01-27T15:08:19+00:00 DEBUG Tt4b_Pixel_Class::inject_view_content_event: hit ViewContent
2024-01-27T15:08:19+00:00 DEBUG Tt4b_Pixel_Class::inject_view_content_event: Missing option "access_token"
2024-01-27T15:08:21+00:00 DEBUG Tt4b_Pixel_Class::inject_view_content_event: hit ViewContent
2024-01-27T15:08:21+00:00 DEBUG Tt4b_Pixel_Class::inject_view_content_event: Missing option "access_token"
2024-01-27T15:08:23+00:00 DEBUG Tt4b_Pixel_Class::inject_view_content_event: hit ViewContent
2024-01-27T15:08:23+00:00 DEBUG Tt4b_Pixel_Class::inject_view_content_event: Missing option "access_token"
2024-01-27T15:08:23+00:00 DEBUG Tt4b_Pixel_Class::inject_view_content_event: hit ViewContent
2024-01-27T15:08:23+00:00 DEBUG Tt4b_Pixel_Class::inject_view_content_event: Missing option "access_token"
2024-01-27T15:08:26+00:00 DEBUG Tt4b_Pixel_Class::inject_view_content_event: hit ViewContent
2024-01-27T15:08:26+00:00 DEBUG Tt4b_Pixel_Class::inject_view_content_event: Missing option "access_token"
2024-01-27T15:08:28+00:00 DEBUG Tt4b_Pixel_Class::inject_view_content_event: hit ViewContent
2024-01-27T15:08:28+00:00 DEBUG Tt4b_Pixel_Class::inject_view_content_event: Missing option "access_token"
2024-01-27T15:08:31+00:00 DEBUG Tt4b_Pixel_Class::inject_view_content_event: hit ViewContent
2024-01-27T15:08:31+00:00 DEBUG Tt4b_Pixel_Class::inject_view_content_event: Missing option "access_token"
2024-01-27T15:08:35+00:00 DEBUG Tt4b_Pixel_Class::inject_view_content_event: hit ViewContent
2024-01-27T15:08:35+00:00 DEBUG Tt4b_Pixel_Class::inject_view_content_event: Missing option "access_token"
2024-01-27T15:08:39+00:00 DEBUG Tt4b_Pixel_Class::inject_view_content_event: hit ViewContent
2024-01-27T15:08:39+00:00 DEBUG Tt4b_Pixel_Class::inject_view_content_event: Missing option "access_token"
2024-01-27T15:08:42+00:00 DEBUG Tt4b_Pixel_Class::inject_view_content_event: hit ViewContent
2024-01-27T15:08:42+00:00 DEBUG Tt4b_Pixel_Class::inject_view_content_event: Missing option "access_token"
2024-01-27T15:08:55+00:00 DEBUG Tt4b_Pixel_Class::inject_view_content_event: hit ViewContent
2024-01-27T15:08:55+00:00 DEBUG Tt4b_Pixel_Class::inject_view_content_event: Missing option "access_token"
2024-01-27T15:09:17+00:00 DEBUG Tt4b_Pixel_Class::inject_view_content_event: hit ViewContent
2024-01-27T15:09:17+00:00 DEBUG Tt4b_Pixel_Class::inject_view_content_event: Missing option "access_token"
2024-01-27T15:09:37+00:00 DEBUG Tt4b_Pixel_Class::inject_view_content_event: hit ViewContent
2024-01-27T15:09:37+00:00 DEBUG Tt4b_Pixel_Class::inject_view_content_event: Missing option "access_token"
2024-01-27T15:10:14+00:00 DEBUG Tt4b_Pixel_Class::inject_view_content_event: hit ViewContent
2024-01-27T15:10:14+00:00 DEBUG Tt4b_Pixel_Class::inject_view_content_event: Missing option "access_token"
2024-01-27T15:10:30+00:00 DEBUG Tt4b_Pixel_Class::inject_view_content_event: hit ViewContent
2024-01-27T15:10:30+00:00 DEBUG Tt4b_Pixel_Class::inject_view_content_event: Missing option "access_token"
2024-01-27T15:10:57+00:00 DEBUG Tt4b_Pixel_Class::inject_view_content_event: hit ViewContent
2024-01-27T15:10:57+00:00 DEBUG Tt4b_Pixel_Class::inject_view_content_event: Missing option "access_token"
2024-01-27T15:11:08+00:00 DEBUG Tt4b_Pixel_Class::inject_view_content_event: hit ViewContent
2024-01-27T15:11:08+00:00 DEBUG Tt4b_Pixel_Class::inject_view_content_event: Missing option "access_token"
2024-01-27T15:11:27+00:00 DEBUG Tt4b_Pixel_Class::inject_view_content_event: hit ViewContent
2024-01-27T15:11:27+00:00 DEBUG Tt4b_Pixel_Class::inject_view_content_event: Missing option "access_token"
2024-01-27T15:11:29+00:00 DEBUG Tt4b_Pixel_Class::inject_add_to_cart_event: hit AddToCart
2024-01-27T15:11:29+00:00 DEBUG Tt4b_Pixel_Class::inject_add_to_cart_event: Missing option "access_token"
2024-01-27T15:11:39+00:00 DEBUG Tt4b_Pixel_Class::inject_view_content_event: hit ViewContent
2024-01-27T15:11:39+00:00 DEBUG Tt4b_Pixel_Class::inject_view_content_event: Missing option "access_token"
2024-01-27T15:12:03+00:00 DEBUG Tt4b_Pixel_Class::inject_view_content_event: hit ViewContent
2024-01-27T15:12:03+00:00 DEBUG Tt4b_Pixel_Class::inject_view_content_event: Missing option "access_token"
2024-01-27T15:12:16+00:00 DEBUG Tt4b_Pixel_Class::inject_view_content_event: hit ViewContent
2024-01-27T15:12:16+00:00 DEBUG Tt4b_Pixel_Class::inject_view_content_event: Missing option "access_token"
2024-01-27T15:12:39+00:00 DEBUG Tt4b_Pixel_Class::inject_view_content_event: hit ViewContent
2024-01-27T15:12:39+00:00 DEBUG Tt4b_Pixel_Class::inject_view_content_event: Missing option "access_token"
2024-01-27T15:12:54+00:00 DEBUG Tt4b_Pixel_Class::inject_view_content_event: hit ViewContent
2024-01-27T15:12:54+00:00 DEBUG Tt4b_Pixel_Class::inject_view_content_event: Missing option "access_token"
2024-01-27T15:13:12+00:00 DEBUG Tt4b_Pixel_Class::inject_view_content_event: hit ViewContent
2024-01-27T15:13:12+00:00 DEBUG Tt4b_Pixel_Class::inject_view_content_event: Missing option "access_token"
2024-01-27T15:13:23+00:00 DEBUG Tt4b_Pixel_Class::inject_view_content_event: hit ViewContent
2024-01-27T15:13:23+00:00 DEBUG Tt4b_Pixel_Class::inject_view_content_event: Missing option "access_token"
2024-01-27T15:13:42+00:00 DEBUG Tt4b_Pixel_Class::inject_view_content_event: hit ViewContent
2024-01-27T15:13:42+00:00 DEBUG Tt4b_Pixel_Class::inject_view_content_event: Missing option "access_token"
2024-01-27T15:13:55+00:00 DEBUG Tt4b_Pixel_Class::inject_view_content_event: hit ViewContent
2024-01-27T15:13:55+00:00 DEBUG Tt4b_Pixel_Class::inject_view_content_event: Missing option "access_token"
2024-01-27T15:13:59+00:00 DEBUG Tt4b_Pixel_Class::inject_view_content_event: hit ViewContent
2024-01-27T15:13:59+00:00 DEBUG Tt4b_Pixel_Class::inject_view_content_event: Missing option "access_token"
2024-01-27T15:14:00+00:00 DEBUG Tt4b_Pixel_Class::inject_view_content_event: hit ViewContent
2024-01-27T15:14:00+00:00 DEBUG Tt4b_Pixel_Class::inject_view_content_event: Missing option "access_token"
2024-01-27T15:14:03+00:00 DEBUG Tt4b_Pixel_Class::inject_view_content_event: hit ViewContent
2024-01-27T15:14:03+00:00 DEBUG Tt4b_Pixel_Class::inject_view_content_event: Missing option "access_token"
2024-01-27T15:14:08+00:00 DEBUG Tt4b_Pixel_Class::inject_view_content_event: hit ViewContent
2024-01-27T15:14:08+00:00 DEBUG Tt4b_Pixel_Class::inject_view_content_event: Missing option "access_token"
2024-01-27T15:14:09+00:00 DEBUG Tt4b_Pixel_Class::inject_view_content_event: hit ViewContent
2024-01-27T15:14:09+00:00 DEBUG Tt4b_Pixel_Class::inject_view_content_event: Missing option "access_token"
2024-01-27T15:14:15+00:00 DEBUG Tt4b_Pixel_Class::inject_view_content_event: hit ViewContent
2024-01-27T15:14:15+00:00 DEBUG Tt4b_Pixel_Class::inject_view_content_event: Missing option "access_token"
2024-01-27T15:14:17+00:00 DEBUG Tt4b_Pixel_Class::inject_view_content_event: hit ViewContent
2024-01-27T15:14:17+00:00 DEBUG Tt4b_Pixel_Class::inject_view_content_event: Missing option "access_token"
2024-01-27T15:14:21+00:00 DEBUG Tt4b_Pixel_Class::inject_view_content_event: hit ViewContent
2024-01-27T15:14:21+00:00 DEBUG Tt4b_Pixel_Class::inject_view_content_event: Missing option "access_token"
2024-01-27T15:14:25+00:00 DEBUG Tt4b_Pixel_Class::inject_view_content_event: hit ViewContent
2024-01-27T15:14:25+00:00 DEBUG Tt4b_Pixel_Class::inject_view_content_event: Missing option "access_token"
2024-01-27T15:14:27+00:00 DEBUG Tt4b_Pixel_Class::inject_view_content_event: hit ViewContent
2024-01-27T15:14:27+00:00 DEBUG Tt4b_Pixel_Class::inject_view_content_event: Missing option "access_token"
2024-01-27T15:14:31+00:00 DEBUG Tt4b_Pixel_Class::inject_view_content_event: hit ViewContent
2024-01-27T15:14:31+00:00 DEBUG Tt4b_Pixel_Class::inject_view_content_event: Missing option "access_token"
2024-01-27T15:14:35+00:00 DEBUG Tt4b_Pixel_Class::inject_view_content_event: hit ViewContent
2024-01-27T15:14:35+00:00 DEBUG Tt4b_Pixel_Class::inject_view_content_event: Missing option "access_token"
2024-01-27T15:14:40+00:00 DEBUG Tt4b_Pixel_Class::inject_view_content_event: hit ViewContent
2024-01-27T15:14:40+00:00 DEBUG Tt4b_Pixel_Class::inject_view_content_event: Missing option "access_token"
2024-01-27T15:14:42+00:00 DEBUG Tt4b_Pixel_Class::inject_view_content_event: hit ViewContent
2024-01-27T15:14:42+00:00 DEBUG Tt4b_Pixel_Class::inject_view_content_event: Missing option "access_token"
2024-01-27T15:14:48+00:00 DEBUG Tt4b_Pixel_Class::inject_view_content_event: hit ViewContent
2024-01-27T15:14:48+00:00 DEBUG Tt4b_Pixel_Class::inject_view_content_event: Missing option "access_token"
2024-01-27T15:14:48+00:00 DEBUG Tt4b_Pixel_Class::inject_view_content_event: hit ViewContent
2024-01-27T15:14:48+00:00 DEBUG Tt4b_Pixel_Class::inject_view_content_event: Missing option "access_token"
2024-01-27T15:14:54+00:00 DEBUG Tt4b_Pixel_Class::inject_view_content_event: hit ViewContent
2024-01-27T15:14:54+00:00 DEBUG Tt4b_Pixel_Class::inject_view_content_event: Missing option "access_token"
2024-01-27T15:14:57+00:00 DEBUG Tt4b_Pixel_Class::inject_view_content_event: hit ViewContent
2024-01-27T15:14:57+00:00 DEBUG Tt4b_Pixel_Class::inject_view_content_event: Missing option "access_token"
2024-01-27T15:15:00+00:00 DEBUG Tt4b_Pixel_Class::inject_view_content_event: hit ViewContent
2024-01-27T15:15:00+00:00 DEBUG Tt4b_Pixel_Class::inject_view_content_event: Missing option "access_token"
2024-01-27T15:15:14+00:00 DEBUG Tt4b_Pixel_Class::inject_view_content_event: hit ViewContent
2024-01-27T15:15:14+00:00 DEBUG Tt4b_Pixel_Class::inject_view_content_event: Missing option "access_token"
2024-01-27T15:15:27+00:00 DEBUG Tt4b_Pixel_Class::inject_view_content_event: hit ViewContent
2024-01-27T15:15:27+00:00 DEBUG Tt4b_Pixel_Class::inject_view_content_event: Missing option "access_token"
2024-01-27T15:15:37+00:00 DEBUG Tt4b_Pixel_Class::inject_view_content_event: hit ViewContent
2024-01-27T15:15:37+00:00 DEBUG Tt4b_Pixel_Class::inject_view_content_event: Missing option "access_token"
2024-01-27T15:15:52+00:00 DEBUG Tt4b_Pixel_Class::inject_view_content_event: hit ViewContent
2024-01-27T15:15:52+00:00 DEBUG Tt4b_Pixel_Class::inject_view_content_event: Missing option "access_token"
2024-01-27T15:15:59+00:00 DEBUG Tt4b_Pixel_Class::inject_view_content_event: hit ViewContent
2024-01-27T15:15:59+00:00 DEBUG Tt4b_Pixel_Class::inject_view_content_event: Missing option "access_token"
2024-01-27T15:16:01+00:00 DEBUG Tt4b_Pixel_Class::inject_view_content_event: hit ViewContent
2024-01-27T15:16:01+00:00 DEBUG Tt4b_Pixel_Class::inject_view_content_event: Missing option "access_token"
2024-01-27T15:16:04+00:00 DEBUG Tt4b_Pixel_Class::inject_view_content_event: hit ViewContent
2024-01-27T15:16:04+00:00 DEBUG Tt4b_Pixel_Class::inject_view_content_event: Missing option "access_token"
2024-01-27T15:16:06+00:00 DEBUG Tt4b_Pixel_Class::inject_view_content_event: hit ViewContent
2024-01-27T15:16:06+00:00 DEBUG Tt4b_Pixel_Class::inject_view_content_event: Missing option "access_token"
2024-01-27T15:16:11+00:00 DEBUG Tt4b_Pixel_Class::inject_add_to_cart_event: hit AddToCart
2024-01-27T15:16:11+00:00 DEBUG Tt4b_Pixel_Class::inject_add_to_cart_event: Missing option "access_token"
2024-01-27T15:16:15+00:00 DEBUG Tt4b_Pixel_Class::inject_view_content_event: hit ViewContent
2024-01-27T15:16:15+00:00 DEBUG Tt4b_Pixel_Class::inject_view_content_event: Missing option "access_token"
2024-01-27T15:16:42+00:00 DEBUG Tt4b_Pixel_Class::inject_view_content_event: hit ViewContent
2024-01-27T15:16:42+00:00 DEBUG Tt4b_Pixel_Class::inject_view_content_event: Missing option "access_token"
2024-01-27T15:17:00+00:00 DEBUG Tt4b_Pixel_Class::inject_add_to_cart_event: hit AddToCart
2024-01-27T15:17:00+00:00 DEBUG Tt4b_Pixel_Class::inject_add_to_cart_event: Missing option "access_token"
2024-01-27T15:17:06+00:00 DEBUG Tt4b_Pixel_Class::inject_view_content_event: hit ViewContent
2024-01-27T15:17:06+00:00 DEBUG Tt4b_Pixel_Class::inject_view_content_event: Missing option "access_token"
2024-01-27T15:17:20+00:00 DEBUG Tt4b_Pixel_Class::inject_view_content_event: hit ViewContent
2024-01-27T15:17:20+00:00 DEBUG Tt4b_Pixel_Class::inject_view_content_event: Missing option "access_token"
2024-01-27T15:17:31+00:00 DEBUG Tt4b_Pixel_Class::inject_add_to_cart_event: hit AddToCart
2024-01-27T15:17:31+00:00 DEBUG Tt4b_Pixel_Class::inject_add_to_cart_event: Missing option "access_token"
2024-01-27T15:17:32+00:00 DEBUG Tt4b_Pixel_Class::inject_add_to_cart_event: hit AddToCart
2024-01-27T15:17:32+00:00 DEBUG Tt4b_Pixel_Class::inject_add_to_cart_event: Missing option "access_token"
2024-01-27T15:17:32+00:00 DEBUG Tt4b_Pixel_Class::inject_view_content_event: hit ViewContent
2024-01-27T15:17:32+00:00 DEBUG Tt4b_Pixel_Class::inject_view_content_event: Missing option "access_token"
2024-01-27T15:17:33+00:00 DEBUG Tt4b_Pixel_Class::inject_add_to_cart_event: hit AddToCart
2024-01-27T15:17:33+00:00 DEBUG Tt4b_Pixel_Class::inject_add_to_cart_event: Missing option "access_token"
2024-01-27T15:17:37+00:00 DEBUG Tt4b_Pixel_Class::inject_view_content_event: hit ViewContent
2024-01-27T15:17:37+00:00 DEBUG Tt4b_Pixel_Class::inject_view_content_event: Missing option "access_token"
2024-01-27T15:18:01+00:00 DEBUG Tt4b_Pixel_Class::inject_view_content_event: hit ViewContent
2024-01-27T15:18:01+00:00 DEBUG Tt4b_Pixel_Class::inject_view_content_event: Missing option "access_token"
2024-01-27T15:18:13+00:00 DEBUG Tt4b_Pixel_Class::inject_view_content_event: hit ViewContent
2024-01-27T15:18:13+00:00 DEBUG Tt4b_Pixel_Class::inject_view_content_event: Missing option "access_token"
2024-01-27T15:18:35+00:00 DEBUG Tt4b_Pixel_Class::inject_add_to_cart_event: hit AddToCart
2024-01-27T15:18:35+00:00 DEBUG Tt4b_Pixel_Class::inject_add_to_cart_event: Missing option "access_token"
2024-01-27T15:18:46+00:00 DEBUG Tt4b_Pixel_Class::inject_view_content_event: hit ViewContent
2024-01-27T15:18:46+00:00 DEBUG Tt4b_Pixel_Class::inject_view_content_event: Missing option "access_token"
2024-01-27T15:18:47+00:00 DEBUG Tt4b_Pixel_Class::inject_view_content_event: hit ViewContent
2024-01-27T15:18:47+00:00 DEBUG Tt4b_Pixel_Class::inject_view_content_event: Missing option "access_token"
2024-01-27T15:19:04+00:00 DEBUG Tt4b_Pixel_Class::inject_add_to_cart_event: hit AddToCart
2024-01-27T15:19:04+00:00 DEBUG Tt4b_Pixel_Class::inject_add_to_cart_event: Missing option "access_token"
2024-01-27T15:19:12+00:00 DEBUG Tt4b_Pixel_Class::inject_add_to_cart_event: hit AddToCart
2024-01-27T15:19:12+00:00 DEBUG Tt4b_Pixel_Class::inject_add_to_cart_event: Missing option "access_token"
2024-01-27T15:19:18+00:00 DEBUG Tt4b_Pixel_Class::inject_add_to_cart_event: hit AddToCart
2024-01-27T15:19:18+00:00 DEBUG Tt4b_Pixel_Class::inject_add_to_cart_event: Missing option "access_token"
2024-01-27T15:19:19+00:00 DEBUG Tt4b_Pixel_Class::inject_view_content_event: hit ViewContent
2024-01-27T15:19:19+00:00 DEBUG Tt4b_Pixel_Class::inject_view_content_event: Missing option "access_token"
2024-01-27T15:19:24+00:00 DEBUG Tt4b_Pixel_Class::inject_view_content_event: hit ViewContent
2024-01-27T15:19:24+00:00 DEBUG Tt4b_Pixel_Class::inject_view_content_event: Missing option "access_token"
2024-01-27T15:19:31+00:00 DEBUG Tt4b_Pixel_Class::inject_view_content_event: hit ViewContent
2024-01-27T15:19:31+00:00 DEBUG Tt4b_Pixel_Class::inject_view_content_event: Missing option "access_token"
2024-01-27T15:19:41+00:00 DEBUG Tt4b_Pixel_Class::inject_view_content_event: hit ViewContent
2024-01-27T15:19:41+00:00 DEBUG Tt4b_Pixel_Class::inject_view_content_event: Missing option "access_token"
2024-01-27T15:19:47+00:00 DEBUG Tt4b_Pixel_Class::inject_view_content_event: hit ViewContent
2024-01-27T15:19:47+00:00 DEBUG Tt4b_Pixel_Class::inject_view_content_event: Missing option "access_token"
2024-01-27T15:19:49+00:00 DEBUG Tt4b_Pixel_Class::inject_view_content_event: hit ViewContent
2024-01-27T15:19:49+00:00 DEBUG Tt4b_Pixel_Class::inject_view_content_event: Missing option "access_token"
2024-01-27T15:19:51+00:00 DEBUG Tt4b_Pixel_Class::inject_view_content_event: hit ViewContent
2024-01-27T15:19:51+00:00 DEBUG Tt4b_Pixel_Class::inject_view_content_event: Missing option "access_token"
2024-01-27T15:20:34+00:00 DEBUG Tt4b_Pixel_Class::inject_view_content_event: hit ViewContent
2024-01-27T15:20:34+00:00 DEBUG Tt4b_Pixel_Class::inject_view_content_event: Missing option "access_token"
2024-01-27T15:21:08+00:00 DEBUG Tt4b_Pixel_Class::inject_view_content_event: hit ViewContent
2024-01-27T15:21:08+00:00 DEBUG Tt4b_Pixel_Class::inject_view_content_event: Missing option "access_token"
2024-01-27T15:21:11+00:00 DEBUG Tt4b_Pixel_Class::inject_view_content_event: hit ViewContent
2024-01-27T15:21:11+00:00 DEBUG Tt4b_Pixel_Class::inject_view_content_event: Missing option "access_token"
2024-01-27T15:21:18+00:00 DEBUG Tt4b_Pixel_Class::inject_view_content_event: hit ViewContent
2024-01-27T15:21:18+00:00 DEBUG Tt4b_Pixel_Class::inject_view_content_event: Missing option "access_token"
2024-01-27T15:21:29+00:00 DEBUG Tt4b_Pixel_Class::inject_view_content_event: hit ViewContent
2024-01-27T15:21:29+00:00 DEBUG Tt4b_Pixel_Class::inject_view_content_event: Missing option "access_token"
2024-01-27T15:22:10+00:00 DEBUG Tt4b_Pixel_Class::inject_view_content_event: hit ViewContent
2024-01-27T15:22:10+00:00 DEBUG Tt4b_Pixel_Class::inject_view_content_event: Missing option "access_token"
2024-01-27T15:22:52+00:00 DEBUG Tt4b_Pixel_Class::inject_view_content_event: hit ViewContent
2024-01-27T15:22:52+00:00 DEBUG Tt4b_Pixel_Class::inject_view_content_event: Missing option "access_token"
2024-01-27T15:22:57+00:00 DEBUG Tt4b_Pixel_Class::inject_view_content_event: hit ViewContent
2024-01-27T15:22:57+00:00 DEBUG Tt4b_Pixel_Class::inject_view_content_event: Missing option "access_token"
2024-01-27T15:23:01+00:00 DEBUG Tt4b_Pixel_Class::inject_view_content_event: hit ViewContent
2024-01-27T15:23:01+00:00 DEBUG Tt4b_Pixel_Class::inject_view_content_event: Missing option "access_token"
2024-01-27T15:23:08+00:00 DEBUG Tt4b_Pixel_Class::inject_view_content_event: hit ViewContent
2024-01-27T15:23:08+00:00 DEBUG Tt4b_Pixel_Class::inject_view_content_event: Missing option "access_token"
2024-01-27T15:23:11+00:00 DEBUG Tt4b_Pixel_Class::inject_view_content_event: hit ViewContent
2024-01-27T15:23:11+00:00 DEBUG Tt4b_Pixel_Class::inject_view_content_event: Missing option "access_token"
2024-01-27T15:23:16+00:00 DEBUG Tt4b_Pixel_Class::inject_view_content_event: hit ViewContent
2024-01-27T15:23:16+00:00 DEBUG Tt4b_Pixel_Class::inject_view_content_event: Missing option "access_token"
2024-01-27T15:23:22+00:00 DEBUG Tt4b_Pixel_Class::inject_view_content_event: hit ViewContent
2024-01-27T15:23:22+00:00 DEBUG Tt4b_Pixel_Class::inject_view_content_event: Missing option "access_token"
2024-01-27T15:23:27+00:00 DEBUG Tt4b_Pixel_Class::inject_view_content_event: hit ViewContent
2024-01-27T15:23:27+00:00 DEBUG Tt4b_Pixel_Class::inject_view_content_event: Missing option "access_token"
2024-01-27T15:23:38+00:00 DEBUG Tt4b_Pixel_Class::inject_view_content_event: hit ViewContent
2024-01-27T15:23:38+00:00 DEBUG Tt4b_Pixel_Class::inject_view_content_event: Missing option "access_token"
2024-01-27T15:23:41+00:00 DEBUG Tt4b_Pixel_Class::inject_view_content_event: hit ViewContent
2024-01-27T15:23:41+00:00 DEBUG Tt4b_Pixel_Class::inject_view_content_event: Missing option "access_token"
2024-01-27T15:23:44+00:00 DEBUG Tt4b_Pixel_Class::inject_view_content_event: hit ViewContent
2024-01-27T15:23:44+00:00 DEBUG Tt4b_Pixel_Class::inject_view_content_event: Missing option "access_token"
2024-01-27T15:23:47+00:00 DEBUG Tt4b_Pixel_Class::inject_view_content_event: hit ViewContent
2024-01-27T15:23:47+00:00 DEBUG Tt4b_Pixel_Class::inject_view_content_event: Missing option "access_token"
2024-01-27T15:23:49+00:00 DEBUG Tt4b_Pixel_Class::inject_view_content_event: hit ViewContent
2024-01-27T15:23:49+00:00 DEBUG Tt4b_Pixel_Class::inject_view_content_event: Missing option "access_token"
2024-01-27T15:23:52+00:00 DEBUG Tt4b_Pixel_Class::inject_view_content_event: hit ViewContent
2024-01-27T15:23:52+00:00 DEBUG Tt4b_Pixel_Class::inject_view_content_event: Missing option "access_token"
2024-01-27T15:23:54+00:00 DEBUG Tt4b_Pixel_Class::inject_view_content_event: hit ViewContent
2024-01-27T15:23:54+00:00 DEBUG Tt4b_Pixel_Class::inject_view_content_event: Missing option "access_token"
2024-01-27T15:23:57+00:00 DEBUG Tt4b_Pixel_Class::inject_view_content_event: hit ViewContent
2024-01-27T15:23:57+00:00 DEBUG Tt4b_Pixel_Class::inject_view_content_event: Missing option "access_token"
2024-01-27T15:24:02+00:00 DEBUG Tt4b_Pixel_Class::inject_view_content_event: hit ViewContent
2024-01-27T15:24:02+00:00 DEBUG Tt4b_Pixel_Class::inject_view_content_event: Missing option "access_token"
2024-01-27T15:24:06+00:00 DEBUG Tt4b_Pixel_Class::inject_view_content_event: hit ViewContent
2024-01-27T15:24:06+00:00 DEBUG Tt4b_Pixel_Class::inject_view_content_event: Missing option "access_token"
2024-01-27T15:24:09+00:00 DEBUG Tt4b_Pixel_Class::inject_view_content_event: hit ViewContent
2024-01-27T15:24:09+00:00 DEBUG Tt4b_Pixel_Class::inject_view_content_event: Missing option "access_token"
2024-01-27T15:24:14+00:00 DEBUG Tt4b_Pixel_Class::inject_view_content_event: hit ViewContent
2024-01-27T15:24:14+00:00 DEBUG Tt4b_Pixel_Class::inject_view_content_event: Missing option "access_token"
2024-01-27T15:24:18+00:00 DEBUG Tt4b_Pixel_Class::inject_view_content_event: hit ViewContent
2024-01-27T15:24:18+00:00 DEBUG Tt4b_Pixel_Class::inject_view_content_event: Missing option "access_token"
2024-01-27T15:24:51+00:00 DEBUG Tt4b_Pixel_Class::inject_view_content_event: hit ViewContent
2024-01-27T15:24:51+00:00 DEBUG Tt4b_Pixel_Class::inject_view_content_event: Missing option "access_token"
2024-01-27T15:25:28+00:00 DEBUG Tt4b_Pixel_Class::inject_view_content_event: hit ViewContent
2024-01-27T15:25:28+00:00 DEBUG Tt4b_Pixel_Class::inject_view_content_event: Missing option "access_token"
2024-01-27T15:26:00+00:00 DEBUG Tt4b_Pixel_Class::inject_view_content_event: hit ViewContent
2024-01-27T15:26:00+00:00 DEBUG Tt4b_Pixel_Class::inject_view_content_event: Missing option "access_token"
2024-01-27T15:26:34+00:00 DEBUG Tt4b_Pixel_Class::inject_view_content_event: hit ViewContent
2024-01-27T15:26:34+00:00 DEBUG Tt4b_Pixel_Class::inject_view_content_event: Missing option "access_token"
2024-01-27T15:27:19+00:00 DEBUG Tt4b_Pixel_Class::inject_view_content_event: hit ViewContent
2024-01-27T15:27:19+00:00 DEBUG Tt4b_Pixel_Class::inject_view_content_event: Missing option "access_token"
2024-01-27T15:27:45+00:00 DEBUG Tt4b_Pixel_Class::inject_add_to_cart_event: hit AddToCart
2024-01-27T15:27:45+00:00 DEBUG Tt4b_Pixel_Class::inject_add_to_cart_event: Missing option "access_token"
2024-01-27T15:27:59+00:00 DEBUG Tt4b_Pixel_Class::inject_add_to_cart_event: hit AddToCart
2024-01-27T15:27:59+00:00 DEBUG Tt4b_Pixel_Class::inject_add_to_cart_event: Missing option "access_token"
2024-01-27T15:27:59+00:00 DEBUG Tt4b_Pixel_Class::inject_view_content_event: hit ViewContent
2024-01-27T15:27:59+00:00 DEBUG Tt4b_Pixel_Class::inject_view_content_event: Missing option "access_token"
2024-01-27T15:28:05+00:00 DEBUG Tt4b_Pixel_Class::inject_view_content_event: hit ViewContent
2024-01-27T15:28:05+00:00 DEBUG Tt4b_Pixel_Class::inject_view_content_event: Missing option "access_token"
2024-01-27T15:28:31+00:00 DEBUG Tt4b_Pixel_Class::inject_add_to_cart_event: hit AddToCart
2024-01-27T15:28:31+00:00 DEBUG Tt4b_Pixel_Class::inject_add_to_cart_event: Missing option "access_token"
2024-01-27T15:28:38+00:00 DEBUG Tt4b_Pixel_Class::inject_view_content_event: hit ViewContent
2024-01-27T15:28:38+00:00 DEBUG Tt4b_Pixel_Class::inject_view_content_event: Missing option "access_token"
2024-01-27T15:29:19+00:00 DEBUG Tt4b_Pixel_Class::inject_view_content_event: hit ViewContent
2024-01-27T15:29:19+00:00 DEBUG Tt4b_Pixel_Class::inject_view_content_event: Missing option "access_token"
2024-01-27T15:29:23+00:00 DEBUG Tt4b_Pixel_Class::inject_add_to_cart_event: hit AddToCart
2024-01-27T15:29:23+00:00 DEBUG Tt4b_Pixel_Class::inject_add_to_cart_event: Missing option "access_token"
2024-01-27T15:30:02+00:00 DEBUG Tt4b_Pixel_Class::inject_view_content_event: hit ViewContent
2024-01-27T15:30:02+00:00 DEBUG Tt4b_Pixel_Class::inject_view_content_event: Missing option "access_token"
2024-01-27T15:30:15+00:00 DEBUG Tt4b_Pixel_Class::inject_add_to_cart_event: hit AddToCart
2024-01-27T15:30:15+00:00 DEBUG Tt4b_Pixel_Class::inject_add_to_cart_event: Missing option "access_token"
2024-01-27T15:30:24+00:00 DEBUG Tt4b_Pixel_Class::inject_add_to_cart_event: hit AddToCart
2024-01-27T15:30:24+00:00 DEBUG Tt4b_Pixel_Class::inject_add_to_cart_event: Missing option "access_token"
2024-01-27T15:30:37+00:00 DEBUG Tt4b_Pixel_Class::inject_view_content_event: hit ViewContent
2024-01-27T15:30:37+00:00 DEBUG Tt4b_Pixel_Class::inject_view_content_event: Missing option "access_token"
2024-01-27T15:31:07+00:00 DEBUG Tt4b_Pixel_Class::inject_add_to_cart_event: hit AddToCart
2024-01-27T15:31:07+00:00 DEBUG Tt4b_Pixel_Class::inject_add_to_cart_event: Missing option "access_token"
2024-01-27T15:31:09+00:00 DEBUG Tt4b_Pixel_Class::inject_add_to_cart_event: hit AddToCart
2024-01-27T15:31:09+00:00 DEBUG Tt4b_Pixel_Class::inject_add_to_cart_event: Missing option "access_token"
2024-01-27T15:31:10+00:00 DEBUG Tt4b_Pixel_Class::inject_add_to_cart_event: hit AddToCart
2024-01-27T15:31:10+00:00 DEBUG Tt4b_Pixel_Class::inject_add_to_cart_event: Missing option "access_token"
2024-01-27T15:31:11+00:00 DEBUG Tt4b_Pixel_Class::inject_view_content_event: hit ViewContent
2024-01-27T15:31:11+00:00 DEBUG Tt4b_Pixel_Class::inject_view_content_event: Missing option "access_token"
2024-01-27T15:31:11+00:00 DEBUG Tt4b_Pixel_Class::inject_add_to_cart_event: hit AddToCart
2024-01-27T15:31:11+00:00 DEBUG Tt4b_Pixel_Class::inject_add_to_cart_event: Missing option "access_token"
2024-01-27T15:31:13+00:00 DEBUG Tt4b_Pixel_Class::inject_add_to_cart_event: hit AddToCart
2024-01-27T15:31:13+00:00 DEBUG Tt4b_Pixel_Class::inject_add_to_cart_event: Missing option "access_token"
2024-01-27T15:31:14+00:00 DEBUG Tt4b_Pixel_Class::inject_view_content_event: hit ViewContent
2024-01-27T15:31:14+00:00 DEBUG Tt4b_Pixel_Class::inject_view_content_event: Missing option "access_token"
2024-01-27T15:31:16+00:00 DEBUG Tt4b_Pixel_Class::inject_add_to_cart_event: hit AddToCart
2024-01-27T15:31:16+00:00 DEBUG Tt4b_Pixel_Class::inject_add_to_cart_event: Missing option "access_token"
2024-01-27T15:31:20+00:00 DEBUG Tt4b_Pixel_Class::inject_add_to_cart_event: hit AddToCart
2024-01-27T15:31:20+00:00 DEBUG Tt4b_Pixel_Class::inject_add_to_cart_event: Missing option "access_token"
2024-01-27T15:31:49+00:00 DEBUG Tt4b_Pixel_Class::inject_view_content_event: hit ViewContent
2024-01-27T15:31:49+00:00 DEBUG Tt4b_Pixel_Class::inject_view_content_event: Missing option "access_token"
2024-01-27T15:32:01+00:00 DEBUG Tt4b_Pixel_Class::inject_add_to_cart_event: hit AddToCart
2024-01-27T15:32:01+00:00 DEBUG Tt4b_Pixel_Class::inject_add_to_cart_event: Missing option "access_token"
2024-01-27T15:32:34+00:00 DEBUG Tt4b_Pixel_Class::inject_view_content_event: hit ViewContent
2024-01-27T15:32:34+00:00 DEBUG Tt4b_Pixel_Class::inject_view_content_event: Missing option "access_token"
2024-01-27T15:32:38+00:00 DEBUG Tt4b_Pixel_Class::inject_add_to_cart_event: hit AddToCart
2024-01-27T15:32:38+00:00 DEBUG Tt4b_Pixel_Class::inject_add_to_cart_event: Missing option "access_token"
2024-01-27T15:33:11+00:00 DEBUG Tt4b_Pixel_Class::inject_add_to_cart_event: hit AddToCart
2024-01-27T15:33:11+00:00 DEBUG Tt4b_Pixel_Class::inject_add_to_cart_event: Missing option "access_token"
2024-01-27T15:33:12+00:00 DEBUG Tt4b_Pixel_Class::inject_view_content_event: hit ViewContent
2024-01-27T15:33:12+00:00 DEBUG Tt4b_Pixel_Class::inject_view_content_event: Missing option "access_token"
2024-01-27T15:33:41+00:00 DEBUG Tt4b_Pixel_Class::inject_add_to_cart_event: hit AddToCart
2024-01-27T15:33:41+00:00 DEBUG Tt4b_Pixel_Class::inject_add_to_cart_event: Missing option "access_token"
2024-01-27T15:33:51+00:00 DEBUG Tt4b_Pixel_Class::inject_view_content_event: hit ViewContent
2024-01-27T15:33:51+00:00 DEBUG Tt4b_Pixel_Class::inject_view_content_event: Missing option "access_token"
2024-01-27T15:34:20+00:00 DEBUG Tt4b_Pixel_Class::inject_add_to_cart_event: hit AddToCart
2024-01-27T15:34:20+00:00 DEBUG Tt4b_Pixel_Class::inject_add_to_cart_event: Missing option "access_token"
2024-01-27T15:34:37+00:00 DEBUG Tt4b_Pixel_Class::inject_view_content_event: hit ViewContent
2024-01-27T15:34:37+00:00 DEBUG Tt4b_Pixel_Class::inject_view_content_event: Missing option "access_token"
2024-01-27T15:34:41+00:00 DEBUG Tt4b_Pixel_Class::inject_view_content_event: hit ViewContent
2024-01-27T15:34:41+00:00 DEBUG Tt4b_Pixel_Class::inject_view_content_event: Missing option "access_token"
2024-01-27T15:34:44+00:00 DEBUG Tt4b_Pixel_Class::inject_view_content_event: hit ViewContent
2024-01-27T15:34:44+00:00 DEBUG Tt4b_Pixel_Class::inject_view_content_event: Missing option "access_token"
2024-01-27T15:34:46+00:00 DEBUG Tt4b_Pixel_Class::inject_view_content_event: hit ViewContent
2024-01-27T15:34:46+00:00 DEBUG Tt4b_Pixel_Class::inject_view_content_event: Missing option "access_token"
2024-01-27T15:34:54+00:00 DEBUG Tt4b_Pixel_Class::inject_add_to_cart_event: hit AddToCart
2024-01-27T15:34:54+00:00 DEBUG Tt4b_Pixel_Class::inject_add_to_cart_event: Missing option "access_token"
2024-01-27T15:35:33+00:00 DEBUG Tt4b_Pixel_Class::inject_add_to_cart_event: hit AddToCart
2024-01-27T15:35:33+00:00 DEBUG Tt4b_Pixel_Class::inject_add_to_cart_event: Missing option "access_token"
2024-01-27T15:36:03+00:00 DEBUG Tt4b_Pixel_Class::inject_add_to_cart_event: hit AddToCart
2024-01-27T15:36:03+00:00 DEBUG Tt4b_Pixel_Class::inject_add_to_cart_event: Missing option "access_token"
2024-01-27T15:36:41+00:00 DEBUG Tt4b_Pixel_Class::inject_add_to_cart_event: hit AddToCart
2024-01-27T15:36:41+00:00 DEBUG Tt4b_Pixel_Class::inject_add_to_cart_event: Missing option "access_token"
2024-01-27T15:37:21+00:00 DEBUG Tt4b_Pixel_Class::inject_add_to_cart_event: hit AddToCart
2024-01-27T15:37:21+00:00 DEBUG Tt4b_Pixel_Class::inject_add_to_cart_event: Missing option "access_token"
2024-01-27T15:37:22+00:00 DEBUG Tt4b_Pixel_Class::inject_add_to_cart_event: hit AddToCart
2024-01-27T15:37:22+00:00 DEBUG Tt4b_Pixel_Class::inject_add_to_cart_event: Missing option "access_token"
2024-01-27T15:37:26+00:00 DEBUG Tt4b_Pixel_Class::inject_add_to_cart_event: hit AddToCart
2024-01-27T15:37:26+00:00 DEBUG Tt4b_Pixel_Class::inject_add_to_cart_event: Missing option "access_token"
2024-01-27T15:37:28+00:00 DEBUG Tt4b_Pixel_Class::inject_add_to_cart_event: hit AddToCart
2024-01-27T15:37:28+00:00 DEBUG Tt4b_Pixel_Class::inject_add_to_cart_event: Missing option "access_token"
2024-01-27T15:38:08+00:00 DEBUG Tt4b_Pixel_Class::inject_add_to_cart_event: hit AddToCart
2024-01-27T15:38:08+00:00 DEBUG Tt4b_Pixel_Class::inject_add_to_cart_event: Missing option "access_token"
2024-01-27T15:38:22+00:00 DEBUG Tt4b_Pixel_Class::inject_add_to_cart_event: hit AddToCart
2024-01-27T15:38:22+00:00 DEBUG Tt4b_Pixel_Class::inject_add_to_cart_event: Missing option "access_token"
2024-01-27T15:38:44+00:00 DEBUG Tt4b_Pixel_Class::inject_add_to_cart_event: hit AddToCart
2024-01-27T15:38:44+00:00 DEBUG Tt4b_Pixel_Class::inject_add_to_cart_event: Missing option "access_token"
2024-01-27T15:38:46+00:00 DEBUG Tt4b_Pixel_Class::inject_add_to_cart_event: hit AddToCart
2024-01-27T15:38:46+00:00 DEBUG Tt4b_Pixel_Class::inject_add_to_cart_event: Missing option "access_token"
2024-01-27T15:38:47+00:00 DEBUG Tt4b_Pixel_Class::inject_add_to_cart_event: hit AddToCart
2024-01-27T15:38:47+00:00 DEBUG Tt4b_Pixel_Class::inject_add_to_cart_event: Missing option "access_token"
2024-01-27T15:38:49+00:00 DEBUG Tt4b_Pixel_Class::inject_add_to_cart_event: hit AddToCart
2024-01-27T15:38:49+00:00 DEBUG Tt4b_Pixel_Class::inject_add_to_cart_event: Missing option "access_token"
2024-01-27T15:38:51+00:00 DEBUG Tt4b_Pixel_Class::inject_add_to_cart_event: hit AddToCart
2024-01-27T15:38:51+00:00 DEBUG Tt4b_Pixel_Class::inject_add_to_cart_event: Missing option "access_token"
2024-01-27T15:38:52+00:00 DEBUG Tt4b_Pixel_Class::inject_add_to_cart_event: hit AddToCart
2024-01-27T15:38:52+00:00 DEBUG Tt4b_Pixel_Class::inject_add_to_cart_event: Missing option "access_token"
2024-01-27T15:38:52+00:00 DEBUG Tt4b_Pixel_Class::inject_add_to_cart_event: hit AddToCart
2024-01-27T15:38:52+00:00 DEBUG Tt4b_Pixel_Class::inject_add_to_cart_event: Missing option "access_token"
2024-01-27T15:39:00+00:00 DEBUG Tt4b_Pixel_Class::inject_view_content_event: hit ViewContent
2024-01-27T15:39:00+00:00 DEBUG Tt4b_Pixel_Class::inject_view_content_event: Missing option "access_token"
2024-01-27T15:39:26+00:00 DEBUG Tt4b_Pixel_Class::inject_add_to_cart_event: hit AddToCart
2024-01-27T15:39:26+00:00 DEBUG Tt4b_Pixel_Class::inject_add_to_cart_event: Missing option "access_token"
2024-01-27T15:39:38+00:00 DEBUG Tt4b_Pixel_Class::inject_view_content_event: hit ViewContent
2024-01-27T15:39:38+00:00 DEBUG Tt4b_Pixel_Class::inject_view_content_event: Missing option "access_token"
2024-01-27T15:39:41+00:00 DEBUG Tt4b_Pixel_Class::inject_view_content_event: hit ViewContent
2024-01-27T15:39:41+00:00 DEBUG Tt4b_Pixel_Class::inject_view_content_event: Missing option "access_token"
2024-01-27T15:39:46+00:00 DEBUG Tt4b_Pixel_Class::inject_view_content_event: hit ViewContent
2024-01-27T15:39:46+00:00 DEBUG Tt4b_Pixel_Class::inject_view_content_event: Missing option "access_token"
2024-01-27T15:39:48+00:00 DEBUG Tt4b_Pixel_Class::inject_view_content_event: hit ViewContent
2024-01-27T15:39:48+00:00 DEBUG Tt4b_Pixel_Class::inject_view_content_event: Missing option "access_token"
2024-01-27T15:39:50+00:00 DEBUG Tt4b_Pixel_Class::inject_view_content_event: hit ViewContent
2024-01-27T15:39:50+00:00 DEBUG Tt4b_Pixel_Class::inject_view_content_event: Missing option "access_token"
2024-01-27T15:39:54+00:00 DEBUG Tt4b_Pixel_Class::inject_view_content_event: hit ViewContent
2024-01-27T15:39:54+00:00 DEBUG Tt4b_Pixel_Class::inject_view_content_event: Missing option "access_token"
2024-01-27T15:39:57+00:00 DEBUG Tt4b_Pixel_Class::inject_view_content_event: hit ViewContent
2024-01-27T15:39:57+00:00 DEBUG Tt4b_Pixel_Class::inject_view_content_event: Missing option "access_token"
2024-01-27T15:40:00+00:00 DEBUG Tt4b_Pixel_Class::inject_view_content_event: hit ViewContent
2024-01-27T15:40:00+00:00 DEBUG Tt4b_Pixel_Class::inject_view_content_event: Missing option "access_token"
2024-01-27T15:40:05+00:00 DEBUG Tt4b_Pixel_Class::inject_view_content_event: hit ViewContent
2024-01-27T15:40:05+00:00 DEBUG Tt4b_Pixel_Class::inject_view_content_event: Missing option "access_token"
2024-01-27T15:40:07+00:00 DEBUG Tt4b_Pixel_Class::inject_add_to_cart_event: hit AddToCart
2024-01-27T15:40:07+00:00 DEBUG Tt4b_Pixel_Class::inject_add_to_cart_event: Missing option "access_token"
2024-01-27T15:40:07+00:00 DEBUG Tt4b_Pixel_Class::inject_add_to_cart_event: hit AddToCart
2024-01-27T15:40:07+00:00 DEBUG Tt4b_Pixel_Class::inject_add_to_cart_event: Missing option "access_token"
2024-01-27T15:40:09+00:00 DEBUG Tt4b_Pixel_Class::inject_view_content_event: hit ViewContent
2024-01-27T15:40:09+00:00 DEBUG Tt4b_Pixel_Class::inject_view_content_event: Missing option "access_token"
2024-01-27T15:40:12+00:00 DEBUG Tt4b_Pixel_Class::inject_view_content_event: hit ViewContent
2024-01-27T15:40:12+00:00 DEBUG Tt4b_Pixel_Class::inject_view_content_event: Missing option "access_token"
2024-01-27T15:40:14+00:00 DEBUG Tt4b_Pixel_Class::inject_view_content_event: hit ViewContent
2024-01-27T15:40:14+00:00 DEBUG Tt4b_Pixel_Class::inject_view_content_event: Missing option "access_token"
2024-01-27T15:40:17+00:00 DEBUG Tt4b_Pixel_Class::inject_view_content_event: hit ViewContent
2024-01-27T15:40:17+00:00 DEBUG Tt4b_Pixel_Class::inject_view_content_event: Missing option "access_token"
2024-01-27T15:40:20+00:00 DEBUG Tt4b_Pixel_Class::inject_view_content_event: hit ViewContent
2024-01-27T15:40:20+00:00 DEBUG Tt4b_Pixel_Class::inject_view_content_event: Missing option "access_token"
2024-01-27T15:40:24+00:00 DEBUG Tt4b_Pixel_Class::inject_view_content_event: hit ViewContent
2024-01-27T15:40:24+00:00 DEBUG Tt4b_Pixel_Class::inject_view_content_event: Missing option "access_token"
2024-01-27T15:40:30+00:00 DEBUG Tt4b_Pixel_Class::inject_view_content_event: hit ViewContent
2024-01-27T15:40:30+00:00 DEBUG Tt4b_Pixel_Class::inject_view_content_event: Missing option "access_token"
2024-01-27T15:40:35+00:00 DEBUG Tt4b_Pixel_Class::inject_view_content_event: hit ViewContent
2024-01-27T15:40:35+00:00 DEBUG Tt4b_Pixel_Class::inject_view_content_event: Missing option "access_token"
2024-01-27T15:40:40+00:00 DEBUG Tt4b_Pixel_Class::inject_view_content_event: hit ViewContent
2024-01-27T15:40:40+00:00 DEBUG Tt4b_Pixel_Class::inject_view_content_event: Missing option "access_token"
2024-01-27T15:40:44+00:00 DEBUG Tt4b_Pixel_Class::inject_view_content_event: hit ViewContent
2024-01-27T15:40:44+00:00 DEBUG Tt4b_Pixel_Class::inject_view_content_event: Missing option "access_token"
2024-01-27T15:40:46+00:00 DEBUG Tt4b_Pixel_Class::inject_view_content_event: hit ViewContent
2024-01-27T15:40:46+00:00 DEBUG Tt4b_Pixel_Class::inject_view_content_event: Missing option "access_token"
2024-01-27T15:40:49+00:00 DEBUG Tt4b_Pixel_Class::inject_view_content_event: hit ViewContent
2024-01-27T15:40:49+00:00 DEBUG Tt4b_Pixel_Class::inject_view_content_event: Missing option "access_token"
2024-01-27T15:40:54+00:00 DEBUG Tt4b_Pixel_Class::inject_add_to_cart_event: hit AddToCart
2024-01-27T15:40:54+00:00 DEBUG Tt4b_Pixel_Class::inject_add_to_cart_event: Missing option "access_token"
2024-01-27T15:41:22+00:00 DEBUG Tt4b_Pixel_Class::inject_add_to_cart_event: hit AddToCart
2024-01-27T15:41:22+00:00 DEBUG Tt4b_Pixel_Class::inject_add_to_cart_event: Missing option "access_token"
2024-01-27T15:41:22+00:00 DEBUG Tt4b_Pixel_Class::inject_view_content_event: hit ViewContent
2024-01-27T15:41:22+00:00 DEBUG Tt4b_Pixel_Class::inject_view_content_event: Missing option "access_token"
2024-01-27T15:41:22+00:00 DEBUG Tt4b_Pixel_Class::inject_view_content_event: hit ViewContent
2024-01-27T15:41:22+00:00 DEBUG Tt4b_Pixel_Class::inject_view_content_event: Missing option "access_token"
2024-01-27T15:41:27+00:00 DEBUG Tt4b_Pixel_Class::inject_add_to_cart_event: hit AddToCart
2024-01-27T15:41:27+00:00 DEBUG Tt4b_Pixel_Class::inject_add_to_cart_event: Missing option "access_token"
2024-01-27T15:41:38+00:00 DEBUG Tt4b_Pixel_Class::inject_add_to_cart_event: hit AddToCart
2024-01-27T15:41:38+00:00 DEBUG Tt4b_Pixel_Class::inject_add_to_cart_event: Missing option "access_token"
2024-01-27T15:41:38+00:00 DEBUG Tt4b_Pixel_Class::inject_view_content_event: hit ViewContent
2024-01-27T15:41:38+00:00 DEBUG Tt4b_Pixel_Class::inject_view_content_event: Missing option "access_token"
2024-01-27T15:41:45+00:00 DEBUG Tt4b_Pixel_Class::inject_add_to_cart_event: hit AddToCart
2024-01-27T15:41:45+00:00 DEBUG Tt4b_Pixel_Class::inject_add_to_cart_event: Missing option "access_token"
2024-01-27T15:41:46+00:00 DEBUG Tt4b_Pixel_Class::inject_view_content_event: hit ViewContent
2024-01-27T15:41:46+00:00 DEBUG Tt4b_Pixel_Class::inject_view_content_event: Missing option "access_token"
2024-01-27T15:41:48+00:00 DEBUG Tt4b_Pixel_Class::inject_add_to_cart_event: hit AddToCart
2024-01-27T15:41:48+00:00 DEBUG Tt4b_Pixel_Class::inject_add_to_cart_event: Missing option "access_token"
2024-01-27T15:42:00+00:00 DEBUG Tt4b_Pixel_Class::inject_add_to_cart_event: hit AddToCart
2024-01-27T15:42:00+00:00 DEBUG Tt4b_Pixel_Class::inject_add_to_cart_event: Missing option "access_token"
2024-01-27T15:42:10+00:00 DEBUG Tt4b_Pixel_Class::inject_view_content_event: hit ViewContent
2024-01-27T15:42:10+00:00 DEBUG Tt4b_Pixel_Class::inject_view_content_event: Missing option "access_token"
2024-01-27T15:42:12+00:00 DEBUG Tt4b_Pixel_Class::inject_add_to_cart_event: hit AddToCart
2024-01-27T15:42:12+00:00 DEBUG Tt4b_Pixel_Class::inject_add_to_cart_event: Missing option "access_token"
2024-01-27T15:42:14+00:00 DEBUG Tt4b_Pixel_Class::inject_view_content_event: hit ViewContent
2024-01-27T15:42:14+00:00 DEBUG Tt4b_Pixel_Class::inject_view_content_event: Missing option "access_token"
2024-01-27T15:42:18+00:00 DEBUG Tt4b_Pixel_Class::inject_view_content_event: hit ViewContent
2024-01-27T15:42:18+00:00 DEBUG Tt4b_Pixel_Class::inject_view_content_event: Missing option "access_token"
2024-01-27T15:42:20+00:00 DEBUG Tt4b_Pixel_Class::inject_add_to_cart_event: hit AddToCart
2024-01-27T15:42:20+00:00 DEBUG Tt4b_Pixel_Class::inject_add_to_cart_event: Missing option "access_token"
2024-01-27T15:42:27+00:00 DEBUG Tt4b_Pixel_Class::inject_add_to_cart_event: hit AddToCart
2024-01-27T15:42:27+00:00 DEBUG Tt4b_Pixel_Class::inject_add_to_cart_event: Missing option "access_token"
2024-01-27T15:42:32+00:00 DEBUG Tt4b_Pixel_Class::inject_add_to_cart_event: hit AddToCart
2024-01-27T15:42:32+00:00 DEBUG Tt4b_Pixel_Class::inject_add_to_cart_event: Missing option "access_token"
2024-01-27T15:42:35+00:00 DEBUG Tt4b_Pixel_Class::inject_add_to_cart_event: hit AddToCart
2024-01-27T15:42:35+00:00 DEBUG Tt4b_Pixel_Class::inject_add_to_cart_event: Missing option "access_token"
2024-01-27T15:42:36+00:00 DEBUG Tt4b_Pixel_Class::inject_add_to_cart_event: hit AddToCart
2024-01-27T15:42:36+00:00 DEBUG Tt4b_Pixel_Class::inject_add_to_cart_event: Missing option "access_token"
2024-01-27T15:42:40+00:00 DEBUG Tt4b_Pixel_Class::inject_add_to_cart_event: hit AddToCart
2024-01-27T15:42:40+00:00 DEBUG Tt4b_Pixel_Class::inject_add_to_cart_event: Missing option "access_token"
2024-01-27T15:42:42+00:00 DEBUG Tt4b_Pixel_Class::inject_add_to_cart_event: hit AddToCart
2024-01-27T15:42:42+00:00 DEBUG Tt4b_Pixel_Class::inject_add_to_cart_event: Missing option "access_token"
2024-01-27T15:42:44+00:00 DEBUG Tt4b_Pixel_Class::inject_add_to_cart_event: hit AddToCart
2024-01-27T15:42:44+00:00 DEBUG Tt4b_Pixel_Class::inject_add_to_cart_event: Missing option "access_token"
2024-01-27T15:42:45+00:00 DEBUG Tt4b_Pixel_Class::inject_view_content_event: hit ViewContent
2024-01-27T15:42:45+00:00 DEBUG Tt4b_Pixel_Class::inject_view_content_event: Missing option "access_token"
2024-01-27T15:42:45+00:00 DEBUG Tt4b_Pixel_Class::inject_add_to_cart_event: hit AddToCart
2024-01-27T15:42:45+00:00 DEBUG Tt4b_Pixel_Class::inject_add_to_cart_event: Missing option "access_token"
2024-01-27T15:42:46+00:00 DEBUG Tt4b_Pixel_Class::inject_view_content_event: hit ViewContent
2024-01-27T15:42:46+00:00 DEBUG Tt4b_Pixel_Class::inject_view_content_event: Missing option "access_token"
2024-01-27T15:42:47+00:00 DEBUG Tt4b_Pixel_Class::inject_add_to_cart_event: hit AddToCart
2024-01-27T15:42:47+00:00 DEBUG Tt4b_Pixel_Class::inject_add_to_cart_event: Missing option "access_token"
2024-01-27T15:42:48+00:00 DEBUG Tt4b_Pixel_Class::inject_add_to_cart_event: hit AddToCart
2024-01-27T15:42:48+00:00 DEBUG Tt4b_Pixel_Class::inject_add_to_cart_event: Missing option "access_token"
2024-01-27T15:42:50+00:00 DEBUG Tt4b_Pixel_Class::inject_add_to_cart_event: hit AddToCart
2024-01-27T15:42:50+00:00 DEBUG Tt4b_Pixel_Class::inject_add_to_cart_event: Missing option "access_token"
2024-01-27T15:42:51+00:00 DEBUG Tt4b_Pixel_Class::inject_add_to_cart_event: hit AddToCart
2024-01-27T15:42:51+00:00 DEBUG Tt4b_Pixel_Class::inject_add_to_cart_event: Missing option "access_token"
2024-01-27T15:42:53+00:00 DEBUG Tt4b_Pixel_Class::inject_add_to_cart_event: hit AddToCart
2024-01-27T15:42:53+00:00 DEBUG Tt4b_Pixel_Class::inject_add_to_cart_event: Missing option "access_token"
2024-01-27T15:43:06+00:00 DEBUG Tt4b_Pixel_Class::inject_add_to_cart_event: hit AddToCart
2024-01-27T15:43:06+00:00 DEBUG Tt4b_Pixel_Class::inject_add_to_cart_event: Missing option "access_token"
2024-01-27T15:43:07+00:00 DEBUG Tt4b_Pixel_Class::inject_view_content_event: hit ViewContent
2024-01-27T15:43:07+00:00 DEBUG Tt4b_Pixel_Class::inject_view_content_event: Missing option "access_token"
2024-01-27T15:43:11+00:00 DEBUG Tt4b_Pixel_Class::inject_add_to_cart_event: hit AddToCart
2024-01-27T15:43:11+00:00 DEBUG Tt4b_Pixel_Class::inject_add_to_cart_event: Missing option "access_token"
2024-01-27T15:43:17+00:00 DEBUG Tt4b_Pixel_Class::inject_view_content_event: hit ViewContent
2024-01-27T15:43:17+00:00 DEBUG Tt4b_Pixel_Class::inject_view_content_event: Missing option "access_token"
2024-01-27T15:43:19+00:00 DEBUG Tt4b_Pixel_Class::inject_add_to_cart_event: hit AddToCart
2024-01-27T15:43:19+00:00 DEBUG Tt4b_Pixel_Class::inject_add_to_cart_event: Missing option "access_token"
2024-01-27T15:43:20+00:00 DEBUG Tt4b_Pixel_Class::inject_view_content_event: hit ViewContent
2024-01-27T15:43:20+00:00 DEBUG Tt4b_Pixel_Class::inject_view_content_event: Missing option "access_token"
2024-01-27T15:43:27+00:00 DEBUG Tt4b_Pixel_Class::inject_add_to_cart_event: hit AddToCart
2024-01-27T15:43:27+00:00 DEBUG Tt4b_Pixel_Class::inject_add_to_cart_event: Missing option "access_token"
2024-01-27T15:43:30+00:00 DEBUG Tt4b_Pixel_Class::inject_add_to_cart_event: hit AddToCart
2024-01-27T15:43:30+00:00 DEBUG Tt4b_Pixel_Class::inject_add_to_cart_event: Missing option "access_token"
2024-01-27T15:43:40+00:00 DEBUG Tt4b_Pixel_Class::inject_add_to_cart_event: hit AddToCart
2024-01-27T15:43:40+00:00 DEBUG Tt4b_Pixel_Class::inject_add_to_cart_event: Missing option "access_token"
2024-01-27T15:43:40+00:00 DEBUG Tt4b_Pixel_Class::inject_view_content_event: hit ViewContent
2024-01-27T15:43:40+00:00 DEBUG Tt4b_Pixel_Class::inject_view_content_event: Missing option "access_token"
2024-01-27T15:43:41+00:00 DEBUG Tt4b_Pixel_Class::inject_view_content_event: hit ViewContent
2024-01-27T15:43:41+00:00 DEBUG Tt4b_Pixel_Class::inject_view_content_event: Missing option "access_token"
2024-01-27T15:43:43+00:00 DEBUG Tt4b_Pixel_Class::inject_view_content_event: hit ViewContent
2024-01-27T15:43:43+00:00 DEBUG Tt4b_Pixel_Class::inject_view_content_event: Missing option "access_token"
2024-01-27T15:43:44+00:00 DEBUG Tt4b_Pixel_Class::inject_view_content_event: hit ViewContent
2024-01-27T15:43:44+00:00 DEBUG Tt4b_Pixel_Class::inject_view_content_event: Missing option "access_token"
2024-01-27T15:43:46+00:00 DEBUG Tt4b_Pixel_Class::inject_view_content_event: hit ViewContent
2024-01-27T15:43:46+00:00 DEBUG Tt4b_Pixel_Class::inject_view_content_event: Missing option "access_token"
2024-01-27T15:43:49+00:00 DEBUG Tt4b_Pixel_Class::inject_view_content_event: hit ViewContent
2024-01-27T15:43:49+00:00 DEBUG Tt4b_Pixel_Class::inject_view_content_event: Missing option "access_token"
2024-01-27T15:43:49+00:00 DEBUG Tt4b_Pixel_Class::inject_add_to_cart_event: hit AddToCart
2024-01-27T15:43:49+00:00 DEBUG Tt4b_Pixel_Class::inject_add_to_cart_event: Missing option "access_token"
2024-01-27T15:43:51+00:00 DEBUG Tt4b_Pixel_Class::inject_view_content_event: hit ViewContent
2024-01-27T15:43:51+00:00 DEBUG Tt4b_Pixel_Class::inject_view_content_event: Missing option "access_token"
2024-01-27T15:43:52+00:00 DEBUG Tt4b_Pixel_Class::inject_add_to_cart_event: hit AddToCart
2024-01-27T15:43:52+00:00 DEBUG Tt4b_Pixel_Class::inject_add_to_cart_event: Missing option "access_token"
2024-01-27T15:43:53+00:00 DEBUG Tt4b_Pixel_Class::inject_view_content_event: hit ViewContent
2024-01-27T15:43:53+00:00 DEBUG Tt4b_Pixel_Class::inject_view_content_event: Missing option "access_token"
2024-01-27T15:43:55+00:00 DEBUG Tt4b_Pixel_Class::inject_view_content_event: hit ViewContent
2024-01-27T15:43:55+00:00 DEBUG Tt4b_Pixel_Class::inject_view_content_event: Missing option "access_token"
2024-01-27T15:43:56+00:00 DEBUG Tt4b_Pixel_Class::inject_view_content_event: hit ViewContent
2024-01-27T15:43:56+00:00 DEBUG Tt4b_Pixel_Class::inject_view_content_event: Missing option "access_token"
2024-01-27T15:43:57+00:00 DEBUG Tt4b_Pixel_Class::inject_view_content_event: hit ViewContent
2024-01-27T15:43:57+00:00 DEBUG Tt4b_Pixel_Class::inject_view_content_event: Missing option "access_token"
2024-01-27T15:43:59+00:00 DEBUG Tt4b_Pixel_Class::inject_view_content_event: hit ViewContent
2024-01-27T15:43:59+00:00 DEBUG Tt4b_Pixel_Class::inject_view_content_event: Missing option "access_token"
2024-01-27T15:44:00+00:00 DEBUG Tt4b_Pixel_Class::inject_view_content_event: hit ViewContent
2024-01-27T15:44:00+00:00 DEBUG Tt4b_Pixel_Class::inject_view_content_event: Missing option "access_token"
2024-01-27T15:44:02+00:00 DEBUG Tt4b_Pixel_Class::inject_view_content_event: hit ViewContent
2024-01-27T15:44:02+00:00 DEBUG Tt4b_Pixel_Class::inject_view_content_event: Missing option "access_token"
2024-01-27T15:44:08+00:00 DEBUG Tt4b_Pixel_Class::inject_view_content_event: hit ViewContent
2024-01-27T15:44:08+00:00 DEBUG Tt4b_Pixel_Class::inject_view_content_event: Missing option "access_token"
2024-01-27T15:44:08+00:00 DEBUG Tt4b_Pixel_Class::inject_add_to_cart_event: hit AddToCart
2024-01-27T15:44:08+00:00 DEBUG Tt4b_Pixel_Class::inject_add_to_cart_event: Missing option "access_token"
2024-01-27T15:44:09+00:00 DEBUG Tt4b_Pixel_Class::inject_view_content_event: hit ViewContent
2024-01-27T15:44:09+00:00 DEBUG Tt4b_Pixel_Class::inject_view_content_event: Missing option "access_token"
2024-01-27T15:44:11+00:00 DEBUG Tt4b_Pixel_Class::inject_view_content_event: hit ViewContent
2024-01-27T15:44:11+00:00 DEBUG Tt4b_Pixel_Class::inject_view_content_event: Missing option "access_token"
2024-01-27T15:44:12+00:00 DEBUG Tt4b_Pixel_Class::inject_add_to_cart_event: hit AddToCart
2024-01-27T15:44:12+00:00 DEBUG Tt4b_Pixel_Class::inject_add_to_cart_event: Missing option "access_token"
2024-01-27T15:44:13+00:00 DEBUG Tt4b_Pixel_Class::inject_view_content_event: hit ViewContent
2024-01-27T15:44:13+00:00 DEBUG Tt4b_Pixel_Class::inject_view_content_event: Missing option "access_token"
2024-01-27T15:44:14+00:00 DEBUG Tt4b_Pixel_Class::inject_view_content_event: hit ViewContent
2024-01-27T15:44:14+00:00 DEBUG Tt4b_Pixel_Class::inject_view_content_event: Missing option "access_token"
2024-01-27T15:44:16+00:00 DEBUG Tt4b_Pixel_Class::inject_view_content_event: hit ViewContent
2024-01-27T15:44:16+00:00 DEBUG Tt4b_Pixel_Class::inject_view_content_event: Missing option "access_token"
2024-01-27T15:44:21+00:00 DEBUG Tt4b_Pixel_Class::inject_add_to_cart_event: hit AddToCart
2024-01-27T15:44:21+00:00 DEBUG Tt4b_Pixel_Class::inject_add_to_cart_event: Missing option "access_token"
2024-01-27T15:44:21+00:00 DEBUG Tt4b_Pixel_Class::inject_view_content_event: hit ViewContent
2024-01-27T15:44:21+00:00 DEBUG Tt4b_Pixel_Class::inject_view_content_event: Missing option "access_token"
2024-01-27T15:44:22+00:00 DEBUG Tt4b_Pixel_Class::inject_view_content_event: hit ViewContent
2024-01-27T15:44:22+00:00 DEBUG Tt4b_Pixel_Class::inject_view_content_event: Missing option "access_token"
2024-01-27T15:44:27+00:00 DEBUG Tt4b_Pixel_Class::inject_add_to_cart_event: hit AddToCart
2024-01-27T15:44:27+00:00 DEBUG Tt4b_Pixel_Class::inject_add_to_cart_event: Missing option "access_token"
2024-01-27T15:44:30+00:00 DEBUG Tt4b_Pixel_Class::inject_view_content_event: hit ViewContent
2024-01-27T15:44:30+00:00 DEBUG Tt4b_Pixel_Class::inject_view_content_event: Missing option "access_token"
2024-01-27T15:44:34+00:00 DEBUG Tt4b_Pixel_Class::inject_add_to_cart_event: hit AddToCart
2024-01-27T15:44:34+00:00 DEBUG Tt4b_Pixel_Class::inject_add_to_cart_event: Missing option "access_token"
2024-01-27T15:44:41+00:00 DEBUG Tt4b_Pixel_Class::inject_view_content_event: hit ViewContent
2024-01-27T15:44:41+00:00 DEBUG Tt4b_Pixel_Class::inject_view_content_event: Missing option "access_token"
2024-01-27T15:44:44+00:00 DEBUG Tt4b_Pixel_Class::inject_view_content_event: hit ViewContent
2024-01-27T15:44:44+00:00 DEBUG Tt4b_Pixel_Class::inject_view_content_event: Missing option "access_token"
2024-01-27T15:44:46+00:00 DEBUG Tt4b_Pixel_Class::inject_view_content_event: hit ViewContent
2024-01-27T15:44:46+00:00 DEBUG Tt4b_Pixel_Class::inject_view_content_event: Missing option "access_token"
2024-01-27T15:44:48+00:00 DEBUG Tt4b_Pixel_Class::inject_view_content_event: hit ViewContent
2024-01-27T15:44:48+00:00 DEBUG Tt4b_Pixel_Class::inject_view_content_event: Missing option "access_token"
2024-01-27T15:44:50+00:00 DEBUG Tt4b_Pixel_Class::inject_view_content_event: hit ViewContent
2024-01-27T15:44:50+00:00 DEBUG Tt4b_Pixel_Class::inject_view_content_event: Missing option "access_token"
2024-01-27T15:44:51+00:00 DEBUG Tt4b_Pixel_Class::inject_add_to_cart_event: hit AddToCart
2024-01-27T15:44:51+00:00 DEBUG Tt4b_Pixel_Class::inject_add_to_cart_event: Missing option "access_token"
2024-01-27T15:44:51+00:00 DEBUG Tt4b_Pixel_Class::inject_add_to_cart_event: hit AddToCart
2024-01-27T15:44:51+00:00 DEBUG Tt4b_Pixel_Class::inject_add_to_cart_event: Missing option "access_token"
2024-01-27T15:44:54+00:00 DEBUG Tt4b_Pixel_Class::inject_view_content_event: hit ViewContent
2024-01-27T15:44:54+00:00 DEBUG Tt4b_Pixel_Class::inject_view_content_event: Missing option "access_token"
2024-01-27T15:44:56+00:00 DEBUG Tt4b_Pixel_Class::inject_view_content_event: hit ViewContent
2024-01-27T15:44:56+00:00 DEBUG Tt4b_Pixel_Class::inject_view_content_event: Missing option "access_token"
2024-01-27T15:44:56+00:00 DEBUG Tt4b_Pixel_Class::inject_view_content_event: hit ViewContent
2024-01-27T15:44:56+00:00 DEBUG Tt4b_Pixel_Class::inject_view_content_event: Missing option "access_token"
2024-01-27T15:44:57+00:00 DEBUG Tt4b_Pixel_Class::inject_add_to_cart_event: hit AddToCart
2024-01-27T15:44:57+00:00 DEBUG Tt4b_Pixel_Class::inject_add_to_cart_event: Missing option "access_token"
2024-01-27T15:44:58+00:00 DEBUG Tt4b_Pixel_Class::inject_view_content_event: hit ViewContent
2024-01-27T15:44:58+00:00 DEBUG Tt4b_Pixel_Class::inject_view_content_event: Missing option "access_token"
2024-01-27T15:44:59+00:00 DEBUG Tt4b_Pixel_Class::inject_view_content_event: hit ViewContent
2024-01-27T15:44:59+00:00 DEBUG Tt4b_Pixel_Class::inject_view_content_event: Missing option "access_token"
2024-01-27T15:45:01+00:00 DEBUG Tt4b_Pixel_Class::inject_view_content_event: hit ViewContent
2024-01-27T15:45:01+00:00 DEBUG Tt4b_Pixel_Class::inject_view_content_event: Missing option "access_token"
2024-01-27T15:45:03+00:00 DEBUG Tt4b_Pixel_Class::inject_view_content_event: hit ViewContent
2024-01-27T15:45:03+00:00 DEBUG Tt4b_Pixel_Class::inject_view_content_event: Missing option "access_token"
2024-01-27T15:45:05+00:00 DEBUG Tt4b_Pixel_Class::inject_view_content_event: hit ViewContent
2024-01-27T15:45:05+00:00 DEBUG Tt4b_Pixel_Class::inject_view_content_event: Missing option "access_token"
2024-01-27T15:45:07+00:00 DEBUG Tt4b_Pixel_Class::inject_view_content_event: hit ViewContent
2024-01-27T15:45:07+00:00 DEBUG Tt4b_Pixel_Class::inject_view_content_event: Missing option "access_token"
2024-01-27T15:45:09+00:00 DEBUG Tt4b_Pixel_Class::inject_view_content_event: hit ViewContent
2024-01-27T15:45:09+00:00 DEBUG Tt4b_Pixel_Class::inject_view_content_event: Missing option "access_token"
2024-01-27T15:45:09+00:00 DEBUG Tt4b_Pixel_Class::inject_view_content_event: hit ViewContent
2024-01-27T15:45:09+00:00 DEBUG Tt4b_Pixel_Class::inject_view_content_event: Missing option "access_token"
2024-01-27T15:45:11+00:00 DEBUG Tt4b_Pixel_Class::inject_view_content_event: hit ViewContent
2024-01-27T15:45:11+00:00 DEBUG Tt4b_Pixel_Class::inject_view_content_event: Missing option "access_token"
2024-01-27T15:45:12+00:00 DEBUG Tt4b_Pixel_Class::inject_view_content_event: hit ViewContent
2024-01-27T15:45:12+00:00 DEBUG Tt4b_Pixel_Class::inject_view_content_event: Missing option "access_token"
2024-01-27T15:45:14+00:00 DEBUG Tt4b_Pixel_Class::inject_view_content_event: hit ViewContent
2024-01-27T15:45:14+00:00 DEBUG Tt4b_Pixel_Class::inject_view_content_event: Missing option "access_token"
2024-01-27T15:45:16+00:00 DEBUG Tt4b_Pixel_Class::inject_view_content_event: hit ViewContent
2024-01-27T15:45:16+00:00 DEBUG Tt4b_Pixel_Class::inject_view_content_event: Missing option "access_token"
2024-01-27T15:45:18+00:00 DEBUG Tt4b_Pixel_Class::inject_view_content_event: hit ViewContent
2024-01-27T15:45:18+00:00 DEBUG Tt4b_Pixel_Class::inject_view_content_event: Missing option "access_token"
2024-01-27T15:45:18+00:00 DEBUG Tt4b_Pixel_Class::inject_view_content_event: hit ViewContent
2024-01-27T15:45:18+00:00 DEBUG Tt4b_Pixel_Class::inject_view_content_event: Missing option "access_token"
2024-01-27T15:45:20+00:00 DEBUG Tt4b_Pixel_Class::inject_view_content_event: hit ViewContent
2024-01-27T15:45:20+00:00 DEBUG Tt4b_Pixel_Class::inject_view_content_event: Missing option "access_token"
2024-01-27T15:45:21+00:00 DEBUG Tt4b_Pixel_Class::inject_view_content_event: hit ViewContent
2024-01-27T15:45:21+00:00 DEBUG Tt4b_Pixel_Class::inject_view_content_event: Missing option "access_token"
2024-01-27T15:45:23+00:00 DEBUG Tt4b_Pixel_Class::inject_view_content_event: hit ViewContent
2024-01-27T15:45:23+00:00 DEBUG Tt4b_Pixel_Class::inject_view_content_event: Missing option "access_token"
2024-01-27T15:45:25+00:00 DEBUG Tt4b_Pixel_Class::inject_view_content_event: hit ViewContent
2024-01-27T15:45:25+00:00 DEBUG Tt4b_Pixel_Class::inject_view_content_event: Missing option "access_token"
2024-01-27T15:45:27+00:00 DEBUG Tt4b_Pixel_Class::inject_view_content_event: hit ViewContent
2024-01-27T15:45:27+00:00 DEBUG Tt4b_Pixel_Class::inject_view_content_event: Missing option "access_token"
2024-01-27T15:45:29+00:00 DEBUG Tt4b_Pixel_Class::inject_add_to_cart_event: hit AddToCart
2024-01-27T15:45:29+00:00 DEBUG Tt4b_Pixel_Class::inject_add_to_cart_event: Missing option "access_token"
2024-01-27T15:45:29+00:00 DEBUG Tt4b_Pixel_Class::inject_view_content_event: hit ViewContent
2024-01-27T15:45:29+00:00 DEBUG Tt4b_Pixel_Class::inject_view_content_event: Missing option "access_token"
2024-01-27T15:45:32+00:00 DEBUG Tt4b_Pixel_Class::inject_view_content_event: hit ViewContent
2024-01-27T15:45:32+00:00 DEBUG Tt4b_Pixel_Class::inject_view_content_event: Missing option "access_token"
2024-01-27T15:45:33+00:00 DEBUG Tt4b_Pixel_Class::inject_view_content_event: hit ViewContent
2024-01-27T15:45:33+00:00 DEBUG Tt4b_Pixel_Class::inject_view_content_event: Missing option "access_token"
2024-01-27T15:45:33+00:00 DEBUG Tt4b_Pixel_Class::inject_view_content_event: hit ViewContent
2024-01-27T15:45:33+00:00 DEBUG Tt4b_Pixel_Class::inject_view_content_event: Missing option "access_token"
2024-01-27T15:45:35+00:00 DEBUG Tt4b_Pixel_Class::inject_view_content_event: hit ViewContent
2024-01-27T15:45:35+00:00 DEBUG Tt4b_Pixel_Class::inject_view_content_event: Missing option "access_token"
2024-01-27T15:45:35+00:00 DEBUG Tt4b_Pixel_Class::inject_add_to_cart_event: hit AddToCart
2024-01-27T15:45:35+00:00 DEBUG Tt4b_Pixel_Class::inject_add_to_cart_event: Missing option "access_token"
2024-01-27T15:45:38+00:00 DEBUG Tt4b_Pixel_Class::inject_view_content_event: hit ViewContent
2024-01-27T15:45:38+00:00 DEBUG Tt4b_Pixel_Class::inject_view_content_event: Missing option "access_token"
2024-01-27T15:45:41+00:00 DEBUG Tt4b_Pixel_Class::inject_view_content_event: hit ViewContent
2024-01-27T15:45:41+00:00 DEBUG Tt4b_Pixel_Class::inject_view_content_event: Missing option "access_token"
2024-01-27T15:45:43+00:00 DEBUG Tt4b_Pixel_Class::inject_view_content_event: hit ViewContent
2024-01-27T15:45:43+00:00 DEBUG Tt4b_Pixel_Class::inject_view_content_event: Missing option "access_token"
2024-01-27T15:45:44+00:00 DEBUG Tt4b_Pixel_Class::inject_view_content_event: hit ViewContent
2024-01-27T15:45:44+00:00 DEBUG Tt4b_Pixel_Class::inject_view_content_event: Missing option "access_token"
2024-01-27T15:45:46+00:00 DEBUG Tt4b_Pixel_Class::inject_view_content_event: hit ViewContent
2024-01-27T15:45:46+00:00 DEBUG Tt4b_Pixel_Class::inject_view_content_event: Missing option "access_token"
2024-01-27T15:45:48+00:00 DEBUG Tt4b_Pixel_Class::inject_view_content_event: hit ViewContent
2024-01-27T15:45:48+00:00 DEBUG Tt4b_Pixel_Class::inject_view_content_event: Missing option "access_token"
2024-01-27T15:45:51+00:00 DEBUG Tt4b_Pixel_Class::inject_view_content_event: hit ViewContent
2024-01-27T15:45:51+00:00 DEBUG Tt4b_Pixel_Class::inject_view_content_event: Missing option "access_token"
2024-01-27T15:45:54+00:00 DEBUG Tt4b_Pixel_Class::inject_view_content_event: hit ViewContent
2024-01-27T15:45:54+00:00 DEBUG Tt4b_Pixel_Class::inject_view_content_event: Missing option "access_token"
2024-01-27T15:45:55+00:00 DEBUG Tt4b_Pixel_Class::inject_view_content_event: hit ViewContent
2024-01-27T15:45:55+00:00 DEBUG Tt4b_Pixel_Class::inject_view_content_event: Missing option "access_token"
2024-01-27T15:45:56+00:00 DEBUG Tt4b_Pixel_Class::inject_view_content_event: hit ViewContent
2024-01-27T15:45:56+00:00 DEBUG Tt4b_Pixel_Class::inject_view_content_event: Missing option "access_token"
2024-01-27T15:45:58+00:00 DEBUG Tt4b_Pixel_Class::inject_view_content_event: hit ViewContent
2024-01-27T15:45:58+00:00 DEBUG Tt4b_Pixel_Class::inject_view_content_event: Missing option "access_token"
2024-01-27T15:46:00+00:00 DEBUG Tt4b_Pixel_Class::inject_view_content_event: hit ViewContent
2024-01-27T15:46:00+00:00 DEBUG Tt4b_Pixel_Class::inject_view_content_event: Missing option "access_token"
2024-01-27T15:46:03+00:00 DEBUG Tt4b_Pixel_Class::inject_view_content_event: hit ViewContent
2024-01-27T15:46:03+00:00 DEBUG Tt4b_Pixel_Class::inject_view_content_event: Missing option "access_token"
2024-01-27T15:46:04+00:00 DEBUG Tt4b_Pixel_Class::inject_add_to_cart_event: hit AddToCart
2024-01-27T15:46:04+00:00 DEBUG Tt4b_Pixel_Class::inject_add_to_cart_event: Missing option "access_token"
2024-01-27T15:46:05+00:00 DEBUG Tt4b_Pixel_Class::inject_view_content_event: hit ViewContent
2024-01-27T15:46:05+00:00 DEBUG Tt4b_Pixel_Class::inject_view_content_event: Missing option "access_token"
2024-01-27T15:46:07+00:00 DEBUG Tt4b_Pixel_Class::inject_view_content_event: hit ViewContent
2024-01-27T15:46:07+00:00 DEBUG Tt4b_Pixel_Class::inject_view_content_event: Missing option "access_token"
2024-01-27T15:46:10+00:00 DEBUG Tt4b_Pixel_Class::inject_add_to_cart_event: hit AddToCart
2024-01-27T15:46:10+00:00 DEBUG Tt4b_Pixel_Class::inject_add_to_cart_event: Missing option "access_token"
2024-01-27T15:46:12+00:00 DEBUG Tt4b_Pixel_Class::inject_add_to_cart_event: hit AddToCart
2024-01-27T15:46:12+00:00 DEBUG Tt4b_Pixel_Class::inject_add_to_cart_event: Missing option "access_token"
2024-01-27T15:46:14+00:00 DEBUG Tt4b_Pixel_Class::inject_add_to_cart_event: hit AddToCart
2024-01-27T15:46:14+00:00 DEBUG Tt4b_Pixel_Class::inject_add_to_cart_event: Missing option "access_token"
2024-01-27T15:46:15+00:00 DEBUG Tt4b_Pixel_Class::inject_view_content_event: hit ViewContent
2024-01-27T15:46:15+00:00 DEBUG Tt4b_Pixel_Class::inject_view_content_event: Missing option "access_token"
2024-01-27T15:46:16+00:00 DEBUG Tt4b_Pixel_Class::inject_add_to_cart_event: hit AddToCart
2024-01-27T15:46:16+00:00 DEBUG Tt4b_Pixel_Class::inject_add_to_cart_event: Missing option "access_token"
2024-01-27T15:46:23+00:00 DEBUG Tt4b_Pixel_Class::inject_view_content_event: hit ViewContent
2024-01-27T15:46:23+00:00 DEBUG Tt4b_Pixel_Class::inject_view_content_event: Missing option "access_token"
2024-01-27T15:46:28+00:00 DEBUG Tt4b_Pixel_Class::inject_add_to_cart_event: hit AddToCart
2024-01-27T15:46:28+00:00 DEBUG Tt4b_Pixel_Class::inject_add_to_cart_event: Missing option "access_token"
2024-01-27T15:46:33+00:00 DEBUG Tt4b_Pixel_Class::inject_view_content_event: hit ViewContent
2024-01-27T15:46:33+00:00 DEBUG Tt4b_Pixel_Class::inject_view_content_event: Missing option "access_token"
2024-01-27T15:46:43+00:00 DEBUG Tt4b_Pixel_Class::inject_add_to_cart_event: hit AddToCart
2024-01-27T15:46:43+00:00 DEBUG Tt4b_Pixel_Class::inject_add_to_cart_event: Missing option "access_token"
2024-01-27T15:46:48+00:00 DEBUG Tt4b_Pixel_Class::inject_view_content_event: hit ViewContent
2024-01-27T15:46:48+00:00 DEBUG Tt4b_Pixel_Class::inject_view_content_event: Missing option "access_token"
2024-01-27T15:46:54+00:00 DEBUG Tt4b_Pixel_Class::inject_view_content_event: hit ViewContent
2024-01-27T15:46:54+00:00 DEBUG Tt4b_Pixel_Class::inject_view_content_event: Missing option "access_token"
2024-01-27T15:46:59+00:00 DEBUG Tt4b_Pixel_Class::inject_view_content_event: hit ViewContent
2024-01-27T15:46:59+00:00 DEBUG Tt4b_Pixel_Class::inject_view_content_event: Missing option "access_token"
2024-01-27T15:47:03+00:00 DEBUG Tt4b_Pixel_Class::inject_add_to_cart_event: hit AddToCart
2024-01-27T15:47:03+00:00 DEBUG Tt4b_Pixel_Class::inject_add_to_cart_event: Missing option "access_token"
2024-01-27T15:47:10+00:00 DEBUG Tt4b_Pixel_Class::inject_view_content_event: hit ViewContent
2024-01-27T15:47:10+00:00 DEBUG Tt4b_Pixel_Class::inject_view_content_event: Missing option "access_token"
2024-01-27T15:47:18+00:00 DEBUG Tt4b_Pixel_Class::inject_view_content_event: hit ViewContent
2024-01-27T15:47:18+00:00 DEBUG Tt4b_Pixel_Class::inject_view_content_event: Missing option "access_token"
2024-01-27T15:47:20+00:00 DEBUG Tt4b_Pixel_Class::inject_add_to_cart_event: hit AddToCart
2024-01-27T15:47:20+00:00 DEBUG Tt4b_Pixel_Class::inject_add_to_cart_event: Missing option "access_token"
2024-01-27T15:47:21+00:00 DEBUG Tt4b_Pixel_Class::inject_view_content_event: hit ViewContent
2024-01-27T15:47:21+00:00 DEBUG Tt4b_Pixel_Class::inject_view_content_event: Missing option "access_token"
2024-01-27T15:47:23+00:00 DEBUG Tt4b_Pixel_Class::inject_add_to_cart_event: hit AddToCart
2024-01-27T15:47:23+00:00 DEBUG Tt4b_Pixel_Class::inject_add_to_cart_event: Missing option "access_token"
2024-01-27T15:47:23+00:00 DEBUG Tt4b_Pixel_Class::inject_view_content_event: hit ViewContent
2024-01-27T15:47:23+00:00 DEBUG Tt4b_Pixel_Class::inject_view_content_event: Missing option "access_token"
2024-01-27T15:47:25+00:00 DEBUG Tt4b_Pixel_Class::inject_view_content_event: hit ViewContent
2024-01-27T15:47:25+00:00 DEBUG Tt4b_Pixel_Class::inject_view_content_event: Missing option "access_token"
2024-01-27T15:47:26+00:00 DEBUG Tt4b_Pixel_Class::inject_add_to_cart_event: hit AddToCart
2024-01-27T15:47:26+00:00 DEBUG Tt4b_Pixel_Class::inject_add_to_cart_event: Missing option "access_token"
2024-01-27T15:47:27+00:00 DEBUG Tt4b_Pixel_Class::inject_add_to_cart_event: hit AddToCart
2024-01-27T15:47:27+00:00 DEBUG Tt4b_Pixel_Class::inject_add_to_cart_event: Missing option "access_token"
2024-01-27T15:47:28+00:00 DEBUG Tt4b_Pixel_Class::inject_view_content_event: hit ViewContent
2024-01-27T15:47:28+00:00 DEBUG Tt4b_Pixel_Class::inject_view_content_event: Missing option "access_token"
2024-01-27T15:47:30+00:00 DEBUG Tt4b_Pixel_Class::inject_view_content_event: hit ViewContent
2024-01-27T15:47:30+00:00 DEBUG Tt4b_Pixel_Class::inject_view_content_event: Missing option "access_token"
2024-01-27T15:47:32+00:00 DEBUG Tt4b_Pixel_Class::inject_view_content_event: hit ViewContent
2024-01-27T15:47:32+00:00 DEBUG Tt4b_Pixel_Class::inject_view_content_event: Missing option "access_token"
2024-01-27T15:47:33+00:00 DEBUG Tt4b_Pixel_Class::inject_view_content_event: hit ViewContent
2024-01-27T15:47:33+00:00 DEBUG Tt4b_Pixel_Class::inject_view_content_event: Missing option "access_token"
2024-01-27T15:47:37+00:00 DEBUG Tt4b_Pixel_Class::inject_view_content_event: hit ViewContent
2024-01-27T15:47:37+00:00 DEBUG Tt4b_Pixel_Class::inject_view_content_event: Missing option "access_token"
2024-01-27T15:47:40+00:00 DEBUG Tt4b_Pixel_Class::inject_view_content_event: hit ViewContent
2024-01-27T15:47:40+00:00 DEBUG Tt4b_Pixel_Class::inject_view_content_event: Missing option "access_token"
2024-01-27T15:47:40+00:00 DEBUG Tt4b_Pixel_Class::inject_view_content_event: hit ViewContent
2024-01-27T15:47:40+00:00 DEBUG Tt4b_Pixel_Class::inject_view_content_event: Missing option "access_token"
2024-01-27T15:47:43+00:00 DEBUG Tt4b_Pixel_Class::inject_view_content_event: hit ViewContent
2024-01-27T15:47:43+00:00 DEBUG Tt4b_Pixel_Class::inject_view_content_event: Missing option "access_token"
2024-01-27T15:47:44+00:00 DEBUG Tt4b_Pixel_Class::inject_view_content_event: hit ViewContent
2024-01-27T15:47:44+00:00 DEBUG Tt4b_Pixel_Class::inject_view_content_event: Missing option "access_token"
2024-01-27T15:47:46+00:00 DEBUG Tt4b_Pixel_Class::inject_view_content_event: hit ViewContent
2024-01-27T15:47:46+00:00 DEBUG Tt4b_Pixel_Class::inject_view_content_event: Missing option "access_token"
2024-01-27T15:47:50+00:00 DEBUG Tt4b_Pixel_Class::inject_view_content_event: hit ViewContent
2024-01-27T15:47:50+00:00 DEBUG Tt4b_Pixel_Class::inject_view_content_event: Missing option "access_token"
2024-01-27T15:47:52+00:00 DEBUG Tt4b_Pixel_Class::inject_view_content_event: hit ViewContent
2024-01-27T15:47:52+00:00 DEBUG Tt4b_Pixel_Class::inject_view_content_event: Missing option "access_token"
2024-01-27T15:47:55+00:00 DEBUG Tt4b_Pixel_Class::inject_view_content_event: hit ViewContent
2024-01-27T15:47:55+00:00 DEBUG Tt4b_Pixel_Class::inject_view_content_event: Missing option "access_token"
2024-01-27T15:47:55+00:00 DEBUG Tt4b_Pixel_Class::inject_add_to_cart_event: hit AddToCart
2024-01-27T15:47:55+00:00 DEBUG Tt4b_Pixel_Class::inject_add_to_cart_event: Missing option "access_token"
2024-01-27T15:47:55+00:00 DEBUG Tt4b_Pixel_Class::inject_view_content_event: hit ViewContent
2024-01-27T15:47:55+00:00 DEBUG Tt4b_Pixel_Class::inject_view_content_event: Missing option "access_token"
2024-01-27T15:47:58+00:00 DEBUG Tt4b_Pixel_Class::inject_view_content_event: hit ViewContent
2024-01-27T15:47:58+00:00 DEBUG Tt4b_Pixel_Class::inject_view_content_event: Missing option "access_token"
2024-01-27T15:47:58+00:00 DEBUG Tt4b_Pixel_Class::inject_view_content_event: hit ViewContent
2024-01-27T15:47:58+00:00 DEBUG Tt4b_Pixel_Class::inject_view_content_event: Missing option "access_token"
2024-01-27T15:48:06+00:00 DEBUG Tt4b_Pixel_Class::inject_view_content_event: hit ViewContent
2024-01-27T15:48:06+00:00 DEBUG Tt4b_Pixel_Class::inject_view_content_event: Missing option "access_token"
2024-01-27T15:48:06+00:00 DEBUG Tt4b_Pixel_Class::inject_view_content_event: hit ViewContent
2024-01-27T15:48:06+00:00 DEBUG Tt4b_Pixel_Class::inject_view_content_event: Missing option "access_token"
2024-01-27T15:48:11+00:00 DEBUG Tt4b_Pixel_Class::inject_view_content_event: hit ViewContent
2024-01-27T15:48:11+00:00 DEBUG Tt4b_Pixel_Class::inject_view_content_event: Missing option "access_token"
2024-01-27T15:48:14+00:00 DEBUG Tt4b_Pixel_Class::inject_view_content_event: hit ViewContent
2024-01-27T15:48:14+00:00 DEBUG Tt4b_Pixel_Class::inject_view_content_event: Missing option "access_token"
2024-01-27T15:48:15+00:00 DEBUG Tt4b_Pixel_Class::inject_view_content_event: hit ViewContent
2024-01-27T15:48:15+00:00 DEBUG Tt4b_Pixel_Class::inject_view_content_event: Missing option "access_token"
2024-01-27T15:48:18+00:00 DEBUG Tt4b_Pixel_Class::inject_view_content_event: hit ViewContent
2024-01-27T15:48:18+00:00 DEBUG Tt4b_Pixel_Class::inject_view_content_event: Missing option "access_token"
2024-01-27T15:48:22+00:00 DEBUG Tt4b_Pixel_Class::inject_view_content_event: hit ViewContent
2024-01-27T15:48:22+00:00 DEBUG Tt4b_Pixel_Class::inject_view_content_event: Missing option "access_token"
2024-01-27T15:48:24+00:00 DEBUG Tt4b_Pixel_Class::inject_view_content_event: hit ViewContent
2024-01-27T15:48:24+00:00 DEBUG Tt4b_Pixel_Class::inject_view_content_event: Missing option "access_token"
2024-01-27T15:48:30+00:00 DEBUG Tt4b_Pixel_Class::inject_view_content_event: hit ViewContent
2024-01-27T15:48:30+00:00 DEBUG Tt4b_Pixel_Class::inject_view_content_event: Missing option "access_token"
2024-01-27T15:48:35+00:00 DEBUG Tt4b_Pixel_Class::inject_view_content_event: hit ViewContent
2024-01-27T15:48:35+00:00 DEBUG Tt4b_Pixel_Class::inject_view_content_event: Missing option "access_token"
2024-01-27T15:48:35+00:00 DEBUG Tt4b_Pixel_Class::inject_add_to_cart_event: hit AddToCart
2024-01-27T15:48:35+00:00 DEBUG Tt4b_Pixel_Class::inject_add_to_cart_event: Missing option "access_token"
2024-01-27T15:48:35+00:00 DEBUG Tt4b_Pixel_Class::inject_view_content_event: hit ViewContent
2024-01-27T15:48:35+00:00 DEBUG Tt4b_Pixel_Class::inject_view_content_event: Missing option "access_token"
2024-01-27T15:48:37+00:00 DEBUG Tt4b_Pixel_Class::inject_view_content_event: hit ViewContent
2024-01-27T15:48:37+00:00 DEBUG Tt4b_Pixel_Class::inject_view_content_event: Missing option "access_token"
2024-01-27T15:48:40+00:00 DEBUG Tt4b_Pixel_Class::inject_view_content_event: hit ViewContent
2024-01-27T15:48:40+00:00 DEBUG Tt4b_Pixel_Class::inject_view_content_event: Missing option "access_token"
2024-01-27T15:48:44+00:00 DEBUG Tt4b_Pixel_Class::inject_view_content_event: hit ViewContent
2024-01-27T15:48:44+00:00 DEBUG Tt4b_Pixel_Class::inject_view_content_event: Missing option "access_token"
2024-01-27T15:48:47+00:00 DEBUG Tt4b_Pixel_Class::inject_view_content_event: hit ViewContent
2024-01-27T15:48:47+00:00 DEBUG Tt4b_Pixel_Class::inject_view_content_event: Missing option "access_token"
2024-01-27T15:48:50+00:00 DEBUG Tt4b_Pixel_Class::inject_view_content_event: hit ViewContent
2024-01-27T15:48:50+00:00 DEBUG Tt4b_Pixel_Class::inject_view_content_event: Missing option "access_token"
2024-01-27T15:48:52+00:00 DEBUG Tt4b_Pixel_Class::inject_view_content_event: hit ViewContent
2024-01-27T15:48:52+00:00 DEBUG Tt4b_Pixel_Class::inject_view_content_event: Missing option "access_token"
2024-01-27T15:48:53+00:00 DEBUG Tt4b_Pixel_Class::inject_view_content_event: hit ViewContent
2024-01-27T15:48:53+00:00 DEBUG Tt4b_Pixel_Class::inject_view_content_event: Missing option "access_token"
2024-01-27T15:48:58+00:00 DEBUG Tt4b_Pixel_Class::inject_view_content_event: hit ViewContent
2024-01-27T15:48:58+00:00 DEBUG Tt4b_Pixel_Class::inject_view_content_event: Missing option "access_token"
2024-01-27T15:48:58+00:00 DEBUG Tt4b_Pixel_Class::inject_add_to_cart_event: hit AddToCart
2024-01-27T15:48:58+00:00 DEBUG Tt4b_Pixel_Class::inject_add_to_cart_event: Missing option "access_token"
2024-01-27T15:49:03+00:00 DEBUG Tt4b_Pixel_Class::inject_view_content_event: hit ViewContent
2024-01-27T15:49:03+00:00 DEBUG Tt4b_Pixel_Class::inject_view_content_event: Missing option "access_token"
2024-01-27T15:49:04+00:00 DEBUG Tt4b_Pixel_Class::inject_view_content_event: hit ViewContent
2024-01-27T15:49:04+00:00 DEBUG Tt4b_Pixel_Class::inject_view_content_event: Missing option "access_token"
2024-01-27T15:49:06+00:00 DEBUG Tt4b_Pixel_Class::inject_add_to_cart_event: hit AddToCart
2024-01-27T15:49:06+00:00 DEBUG Tt4b_Pixel_Class::inject_add_to_cart_event: Missing option "access_token"
2024-01-27T15:49:06+00:00 DEBUG Tt4b_Pixel_Class::inject_view_content_event: hit ViewContent
2024-01-27T15:49:06+00:00 DEBUG Tt4b_Pixel_Class::inject_view_content_event: Missing option "access_token"
2024-01-27T15:49:09+00:00 DEBUG Tt4b_Pixel_Class::inject_view_content_event: hit ViewContent
2024-01-27T15:49:09+00:00 DEBUG Tt4b_Pixel_Class::inject_view_content_event: Missing option "access_token"
2024-01-27T15:49:09+00:00 DEBUG Tt4b_Pixel_Class::inject_view_content_event: hit ViewContent
2024-01-27T15:49:09+00:00 DEBUG Tt4b_Pixel_Class::inject_view_content_event: Missing option "access_token"
2024-01-27T15:49:12+00:00 DEBUG Tt4b_Pixel_Class::inject_view_content_event: hit ViewContent
2024-01-27T15:49:12+00:00 DEBUG Tt4b_Pixel_Class::inject_view_content_event: Missing option "access_token"
2024-01-27T15:49:14+00:00 DEBUG Tt4b_Pixel_Class::inject_view_content_event: hit ViewContent
2024-01-27T15:49:14+00:00 DEBUG Tt4b_Pixel_Class::inject_view_content_event: Missing option "access_token"
2024-01-27T15:49:14+00:00 DEBUG Tt4b_Pixel_Class::inject_view_content_event: hit ViewContent
2024-01-27T15:49:14+00:00 DEBUG Tt4b_Pixel_Class::inject_view_content_event: Missing option "access_token"
2024-01-27T15:49:14+00:00 DEBUG Tt4b_Pixel_Class::inject_view_content_event: hit ViewContent
2024-01-27T15:49:14+00:00 DEBUG Tt4b_Pixel_Class::inject_view_content_event: Missing option "access_token"
2024-01-27T15:49:16+00:00 DEBUG Tt4b_Pixel_Class::inject_view_content_event: hit ViewContent
2024-01-27T15:49:16+00:00 DEBUG Tt4b_Pixel_Class::inject_view_content_event: Missing option "access_token"
2024-01-27T15:49:19+00:00 DEBUG Tt4b_Pixel_Class::inject_view_content_event: hit ViewContent
2024-01-27T15:49:19+00:00 DEBUG Tt4b_Pixel_Class::inject_view_content_event: Missing option "access_token"
2024-01-27T15:49:22+00:00 DEBUG Tt4b_Pixel_Class::inject_view_content_event: hit ViewContent
2024-01-27T15:49:22+00:00 DEBUG Tt4b_Pixel_Class::inject_view_content_event: Missing option "access_token"
2024-01-27T15:49:24+00:00 DEBUG Tt4b_Pixel_Class::inject_view_content_event: hit ViewContent
2024-01-27T15:49:24+00:00 DEBUG Tt4b_Pixel_Class::inject_view_content_event: Missing option "access_token"
2024-01-27T15:49:25+00:00 DEBUG Tt4b_Pixel_Class::inject_view_content_event: hit ViewContent
2024-01-27T15:49:25+00:00 DEBUG Tt4b_Pixel_Class::inject_view_content_event: Missing option "access_token"
2024-01-27T15:49:26+00:00 DEBUG Tt4b_Pixel_Class::inject_view_content_event: hit ViewContent
2024-01-27T15:49:26+00:00 DEBUG Tt4b_Pixel_Class::inject_view_content_event: Missing option "access_token"
2024-01-27T15:49:27+00:00 DEBUG Tt4b_Pixel_Class::inject_add_to_cart_event: hit AddToCart
2024-01-27T15:49:27+00:00 DEBUG Tt4b_Pixel_Class::inject_add_to_cart_event: Missing option "access_token"
2024-01-27T15:49:28+00:00 DEBUG Tt4b_Pixel_Class::inject_view_content_event: hit ViewContent
2024-01-27T15:49:28+00:00 DEBUG Tt4b_Pixel_Class::inject_view_content_event: Missing option "access_token"
2024-01-27T15:49:28+00:00 DEBUG Tt4b_Pixel_Class::inject_add_to_cart_event: hit AddToCart
2024-01-27T15:49:28+00:00 DEBUG Tt4b_Pixel_Class::inject_add_to_cart_event: Missing option "access_token"
2024-01-27T15:49:28+00:00 DEBUG Tt4b_Pixel_Class::inject_view_content_event: hit ViewContent
2024-01-27T15:49:28+00:00 DEBUG Tt4b_Pixel_Class::inject_view_content_event: Missing option "access_token"
2024-01-27T15:49:28+00:00 DEBUG Tt4b_Pixel_Class::inject_view_content_event: hit ViewContent
2024-01-27T15:49:28+00:00 DEBUG Tt4b_Pixel_Class::inject_view_content_event: Missing option "access_token"
2024-01-27T15:49:31+00:00 DEBUG Tt4b_Pixel_Class::inject_view_content_event: hit ViewContent
2024-01-27T15:49:31+00:00 DEBUG Tt4b_Pixel_Class::inject_view_content_event: Missing option "access_token"
2024-01-27T15:49:31+00:00 DEBUG Tt4b_Pixel_Class::inject_view_content_event: hit ViewContent
2024-01-27T15:49:31+00:00 DEBUG Tt4b_Pixel_Class::inject_view_content_event: Missing option "access_token"
2024-01-27T15:49:34+00:00 DEBUG Tt4b_Pixel_Class::inject_view_content_event: hit ViewContent
2024-01-27T15:49:34+00:00 DEBUG Tt4b_Pixel_Class::inject_view_content_event: Missing option "access_token"
2024-01-27T15:49:35+00:00 DEBUG Tt4b_Pixel_Class::inject_view_content_event: hit ViewContent
2024-01-27T15:49:35+00:00 DEBUG Tt4b_Pixel_Class::inject_view_content_event: Missing option "access_token"
2024-01-27T15:49:35+00:00 DEBUG Tt4b_Pixel_Class::inject_view_content_event: hit ViewContent
2024-01-27T15:49:35+00:00 DEBUG Tt4b_Pixel_Class::inject_view_content_event: Missing option "access_token"
2024-01-27T15:49:37+00:00 DEBUG Tt4b_Pixel_Class::inject_view_content_event: hit ViewContent
2024-01-27T15:49:37+00:00 DEBUG Tt4b_Pixel_Class::inject_view_content_event: Missing option "access_token"
2024-01-27T15:49:39+00:00 DEBUG Tt4b_Pixel_Class::inject_view_content_event: hit ViewContent
2024-01-27T15:49:39+00:00 DEBUG Tt4b_Pixel_Class::inject_view_content_event: Missing option "access_token"
2024-01-27T15:49:40+00:00 DEBUG Tt4b_Pixel_Class::inject_view_content_event: hit ViewContent
2024-01-27T15:49:40+00:00 DEBUG Tt4b_Pixel_Class::inject_view_content_event: Missing option "access_token"
2024-01-27T15:49:41+00:00 DEBUG Tt4b_Pixel_Class::inject_view_content_event: hit ViewContent
2024-01-27T15:49:41+00:00 DEBUG Tt4b_Pixel_Class::inject_view_content_event: Missing option "access_token"
2024-01-27T15:49:43+00:00 DEBUG Tt4b_Pixel_Class::inject_view_content_event: hit ViewContent
2024-01-27T15:49:43+00:00 DEBUG Tt4b_Pixel_Class::inject_view_content_event: Missing option "access_token"
2024-01-27T15:49:45+00:00 DEBUG Tt4b_Pixel_Class::inject_view_content_event: hit ViewContent
2024-01-27T15:49:45+00:00 DEBUG Tt4b_Pixel_Class::inject_view_content_event: Missing option "access_token"
2024-01-27T15:49:47+00:00 DEBUG Tt4b_Pixel_Class::inject_view_content_event: hit ViewContent
2024-01-27T15:49:47+00:00 DEBUG Tt4b_Pixel_Class::inject_view_content_event: Missing option "access_token"
2024-01-27T15:49:48+00:00 DEBUG Tt4b_Pixel_Class::inject_view_content_event: hit ViewContent
2024-01-27T15:49:48+00:00 DEBUG Tt4b_Pixel_Class::inject_view_content_event: Missing option "access_token"
2024-01-27T15:49:48+00:00 DEBUG Tt4b_Pixel_Class::inject_view_content_event: hit ViewContent
2024-01-27T15:49:48+00:00 DEBUG Tt4b_Pixel_Class::inject_view_content_event: Missing option "access_token"
2024-01-27T15:49:53+00:00 DEBUG Tt4b_Pixel_Class::inject_view_content_event: hit ViewContent
2024-01-27T15:49:53+00:00 DEBUG Tt4b_Pixel_Class::inject_view_content_event: Missing option "access_token"
2024-01-27T15:49:55+00:00 DEBUG Tt4b_Pixel_Class::inject_view_content_event: hit ViewContent
2024-01-27T15:49:55+00:00 DEBUG Tt4b_Pixel_Class::inject_view_content_event: hit ViewContent
2024-01-27T15:49:55+00:00 DEBUG Tt4b_Pixel_Class::inject_view_content_event: Missing option "access_token"
2024-01-27T15:49:55+00:00 DEBUG Tt4b_Pixel_Class::inject_view_content_event: Missing option "access_token"
2024-01-27T15:49:56+00:00 DEBUG Tt4b_Pixel_Class::inject_view_content_event: hit ViewContent
2024-01-27T15:49:56+00:00 DEBUG Tt4b_Pixel_Class::inject_view_content_event: Missing option "access_token"
2024-01-27T15:49:56+00:00 DEBUG Tt4b_Pixel_Class::inject_view_content_event: hit ViewContent
2024-01-27T15:49:56+00:00 DEBUG Tt4b_Pixel_Class::inject_view_content_event: Missing option "access_token"
2024-01-27T15:49:57+00:00 DEBUG Tt4b_Pixel_Class::inject_view_content_event: hit ViewContent
2024-01-27T15:49:57+00:00 DEBUG Tt4b_Pixel_Class::inject_view_content_event: Missing option "access_token"
2024-01-27T15:49:58+00:00 DEBUG Tt4b_Pixel_Class::inject_view_content_event: hit ViewContent
2024-01-27T15:49:58+00:00 DEBUG Tt4b_Pixel_Class::inject_view_content_event: Missing option "access_token"
2024-01-27T15:49:58+00:00 DEBUG Tt4b_Pixel_Class::inject_view_content_event: hit ViewContent
2024-01-27T15:49:58+00:00 DEBUG Tt4b_Pixel_Class::inject_view_content_event: Missing option "access_token"
2024-01-27T15:49:58+00:00 DEBUG Tt4b_Pixel_Class::inject_view_content_event: hit ViewContent
2024-01-27T15:49:58+00:00 DEBUG Tt4b_Pixel_Class::inject_view_content_event: Missing option "access_token"
2024-01-27T15:49:59+00:00 DEBUG Tt4b_Pixel_Class::inject_view_content_event: hit ViewContent
2024-01-27T15:49:59+00:00 DEBUG Tt4b_Pixel_Class::inject_view_content_event: Missing option "access_token"
2024-01-27T15:50:00+00:00 DEBUG Tt4b_Pixel_Class::inject_view_content_event: hit ViewContent
2024-01-27T15:50:00+00:00 DEBUG Tt4b_Pixel_Class::inject_view_content_event: Missing option "access_token"
2024-01-27T15:50:02+00:00 DEBUG Tt4b_Pixel_Class::inject_view_content_event: hit ViewContent
2024-01-27T15:50:02+00:00 DEBUG Tt4b_Pixel_Class::inject_view_content_event: Missing option "access_token"
2024-01-27T15:50:02+00:00 DEBUG Tt4b_Pixel_Class::inject_view_content_event: hit ViewContent
2024-01-27T15:50:02+00:00 DEBUG Tt4b_Pixel_Class::inject_view_content_event: Missing option "access_token"
2024-01-27T15:50:02+00:00 DEBUG Tt4b_Pixel_Class::inject_view_content_event: hit ViewContent
2024-01-27T15:50:02+00:00 DEBUG Tt4b_Pixel_Class::inject_view_content_event: Missing option "access_token"
2024-01-27T15:50:04+00:00 DEBUG Tt4b_Pixel_Class::inject_view_content_event: hit ViewContent
2024-01-27T15:50:04+00:00 DEBUG Tt4b_Pixel_Class::inject_view_content_event: Missing option "access_token"
2024-01-27T15:50:04+00:00 DEBUG Tt4b_Pixel_Class::inject_view_content_event: hit ViewContent
2024-01-27T15:50:04+00:00 DEBUG Tt4b_Pixel_Class::inject_view_content_event: Missing option "access_token"
2024-01-27T15:50:06+00:00 DEBUG Tt4b_Pixel_Class::inject_view_content_event: hit ViewContent
2024-01-27T15:50:06+00:00 DEBUG Tt4b_Pixel_Class::inject_view_content_event: Missing option "access_token"
2024-01-27T15:50:07+00:00 DEBUG Tt4b_Pixel_Class::inject_view_content_event: hit ViewContent
2024-01-27T15:50:07+00:00 DEBUG Tt4b_Pixel_Class::inject_view_content_event: Missing option "access_token"
2024-01-27T15:50:07+00:00 DEBUG Tt4b_Pixel_Class::inject_view_content_event: hit ViewContent
2024-01-27T15:50:07+00:00 DEBUG Tt4b_Pixel_Class::inject_view_content_event: Missing option "access_token"
2024-01-27T15:50:08+00:00 DEBUG Tt4b_Pixel_Class::inject_view_content_event: hit ViewContent
2024-01-27T15:50:08+00:00 DEBUG Tt4b_Pixel_Class::inject_view_content_event: Missing option "access_token"
2024-01-27T15:50:12+00:00 DEBUG Tt4b_Pixel_Class::inject_view_content_event: hit ViewContent
2024-01-27T15:50:12+00:00 DEBUG Tt4b_Pixel_Class::inject_view_content_event: Missing option "access_token"
2024-01-27T15:50:14+00:00 DEBUG Tt4b_Pixel_Class::inject_view_content_event: hit ViewContent
2024-01-27T15:50:14+00:00 DEBUG Tt4b_Pixel_Class::inject_view_content_event: Missing option "access_token"
2024-01-27T15:50:15+00:00 DEBUG Tt4b_Pixel_Class::inject_view_content_event: hit ViewContent
2024-01-27T15:50:15+00:00 DEBUG Tt4b_Pixel_Class::inject_view_content_event: Missing option "access_token"
2024-01-27T15:50:17+00:00 DEBUG Tt4b_Pixel_Class::inject_view_content_event: hit ViewContent
2024-01-27T15:50:17+00:00 DEBUG Tt4b_Pixel_Class::inject_view_content_event: Missing option "access_token"
2024-01-27T15:50:18+00:00 DEBUG Tt4b_Pixel_Class::inject_view_content_event: hit ViewContent
2024-01-27T15:50:18+00:00 DEBUG Tt4b_Pixel_Class::inject_view_content_event: Missing option "access_token"
2024-01-27T15:50:20+00:00 DEBUG Tt4b_Pixel_Class::inject_view_content_event: hit ViewContent
2024-01-27T15:50:20+00:00 DEBUG Tt4b_Pixel_Class::inject_view_content_event: Missing option "access_token"
2024-01-27T15:50:21+00:00 DEBUG Tt4b_Pixel_Class::inject_view_content_event: hit ViewContent
2024-01-27T15:50:21+00:00 DEBUG Tt4b_Pixel_Class::inject_view_content_event: Missing option "access_token"
2024-01-27T15:50:22+00:00 DEBUG Tt4b_Pixel_Class::inject_view_content_event: hit ViewContent
2024-01-27T15:50:22+00:00 DEBUG Tt4b_Pixel_Class::inject_view_content_event: Missing option "access_token"
2024-01-27T15:50:23+00:00 DEBUG Tt4b_Pixel_Class::inject_view_content_event: hit ViewContent
2024-01-27T15:50:23+00:00 DEBUG Tt4b_Pixel_Class::inject_view_content_event: Missing option "access_token"
2024-01-27T15:50:24+00:00 DEBUG Tt4b_Pixel_Class::inject_view_content_event: hit ViewContent
2024-01-27T15:50:24+00:00 DEBUG Tt4b_Pixel_Class::inject_view_content_event: Missing option "access_token"
2024-01-27T15:50:26+00:00 DEBUG Tt4b_Pixel_Class::inject_view_content_event: hit ViewContent
2024-01-27T15:50:26+00:00 DEBUG Tt4b_Pixel_Class::inject_view_content_event: Missing option "access_token"
2024-01-27T15:50:27+00:00 DEBUG Tt4b_Pixel_Class::inject_view_content_event: hit ViewContent
2024-01-27T15:50:27+00:00 DEBUG Tt4b_Pixel_Class::inject_view_content_event: Missing option "access_token"
2024-01-27T15:50:28+00:00 DEBUG Tt4b_Pixel_Class::inject_view_content_event: hit ViewContent
2024-01-27T15:50:28+00:00 DEBUG Tt4b_Pixel_Class::inject_view_content_event: Missing option "access_token"
2024-01-27T15:50:38+00:00 DEBUG Tt4b_Pixel_Class::inject_view_content_event: hit ViewContent
2024-01-27T15:50:38+00:00 DEBUG Tt4b_Pixel_Class::inject_view_content_event: Missing option "access_token"
2024-01-27T15:50:40+00:00 DEBUG Tt4b_Pixel_Class::inject_view_content_event: hit ViewContent
2024-01-27T15:50:40+00:00 DEBUG Tt4b_Pixel_Class::inject_view_content_event: Missing option "access_token"
2024-01-27T15:50:43+00:00 DEBUG Tt4b_Pixel_Class::inject_view_content_event: hit ViewContent
2024-01-27T15:50:43+00:00 DEBUG Tt4b_Pixel_Class::inject_view_content_event: Missing option "access_token"
2024-01-27T15:50:46+00:00 DEBUG Tt4b_Pixel_Class::inject_view_content_event: hit ViewContent
2024-01-27T15:50:46+00:00 DEBUG Tt4b_Pixel_Class::inject_view_content_event: Missing option "access_token"
2024-01-27T15:50:47+00:00 DEBUG Tt4b_Pixel_Class::inject_view_content_event: hit ViewContent
2024-01-27T15:50:47+00:00 DEBUG Tt4b_Pixel_Class::inject_view_content_event: Missing option "access_token"
2024-01-27T15:50:48+00:00 DEBUG Tt4b_Pixel_Class::inject_view_content_event: hit ViewContent
2024-01-27T15:50:48+00:00 DEBUG Tt4b_Pixel_Class::inject_view_content_event: Missing option "access_token"
2024-01-27T15:50:48+00:00 DEBUG Tt4b_Pixel_Class::inject_view_content_event: hit ViewContent
2024-01-27T15:50:48+00:00 DEBUG Tt4b_Pixel_Class::inject_view_content_event: Missing option "access_token"
2024-01-27T15:50:51+00:00 DEBUG Tt4b_Pixel_Class::inject_view_content_event: hit ViewContent
2024-01-27T15:50:51+00:00 DEBUG Tt4b_Pixel_Class::inject_view_content_event: Missing option "access_token"
2024-01-27T15:50:52+00:00 DEBUG Tt4b_Pixel_Class::inject_view_content_event: hit ViewContent
2024-01-27T15:50:52+00:00 DEBUG Tt4b_Pixel_Class::inject_view_content_event: Missing option "access_token"
2024-01-27T15:50:54+00:00 DEBUG Tt4b_Pixel_Class::inject_view_content_event: hit ViewContent
2024-01-27T15:50:54+00:00 DEBUG Tt4b_Pixel_Class::inject_view_content_event: Missing option "access_token"
2024-01-27T15:50:54+00:00 DEBUG Tt4b_Pixel_Class::inject_view_content_event: hit ViewContent
2024-01-27T15:50:54+00:00 DEBUG Tt4b_Pixel_Class::inject_view_content_event: Missing option "access_token"
2024-01-27T15:50:55+00:00 DEBUG Tt4b_Pixel_Class::inject_view_content_event: hit ViewContent
2024-01-27T15:50:55+00:00 DEBUG Tt4b_Pixel_Class::inject_view_content_event: Missing option "access_token"
2024-01-27T15:50:57+00:00 DEBUG Tt4b_Pixel_Class::inject_view_content_event: hit ViewContent
2024-01-27T15:50:57+00:00 DEBUG Tt4b_Pixel_Class::inject_view_content_event: Missing option "access_token"
2024-01-27T15:50:57+00:00 DEBUG Tt4b_Pixel_Class::inject_view_content_event: hit ViewContent
2024-01-27T15:50:57+00:00 DEBUG Tt4b_Pixel_Class::inject_view_content_event: Missing option "access_token"
2024-01-27T15:50:59+00:00 DEBUG Tt4b_Pixel_Class::inject_view_content_event: hit ViewContent
2024-01-27T15:50:59+00:00 DEBUG Tt4b_Pixel_Class::inject_view_content_event: Missing option "access_token"
2024-01-27T15:51:02+00:00 DEBUG Tt4b_Pixel_Class::inject_view_content_event: hit ViewContent
2024-01-27T15:51:02+00:00 DEBUG Tt4b_Pixel_Class::inject_view_content_event: Missing option "access_token"
2024-01-27T15:51:04+00:00 DEBUG Tt4b_Pixel_Class::inject_view_content_event: hit ViewContent
2024-01-27T15:51:04+00:00 DEBUG Tt4b_Pixel_Class::inject_view_content_event: Missing option "access_token"
2024-01-27T15:51:05+00:00 DEBUG Tt4b_Pixel_Class::inject_view_content_event: hit ViewContent
2024-01-27T15:51:05+00:00 DEBUG Tt4b_Pixel_Class::inject_view_content_event: Missing option "access_token"
2024-01-27T15:51:06+00:00 DEBUG Tt4b_Pixel_Class::inject_view_content_event: hit ViewContent
2024-01-27T15:51:06+00:00 DEBUG Tt4b_Pixel_Class::inject_view_content_event: Missing option "access_token"
2024-01-27T15:51:08+00:00 DEBUG Tt4b_Pixel_Class::inject_view_content_event: hit ViewContent
2024-01-27T15:51:08+00:00 DEBUG Tt4b_Pixel_Class::inject_view_content_event: Missing option "access_token"
2024-01-27T15:51:11+00:00 DEBUG Tt4b_Pixel_Class::inject_view_content_event: hit ViewContent
2024-01-27T15:51:11+00:00 DEBUG Tt4b_Pixel_Class::inject_view_content_event: Missing option "access_token"
2024-01-27T15:51:13+00:00 DEBUG Tt4b_Pixel_Class::inject_view_content_event: hit ViewContent
2024-01-27T15:51:13+00:00 DEBUG Tt4b_Pixel_Class::inject_view_content_event: Missing option "access_token"
2024-01-27T15:51:16+00:00 DEBUG Tt4b_Pixel_Class::inject_view_content_event: hit ViewContent
2024-01-27T15:51:16+00:00 DEBUG Tt4b_Pixel_Class::inject_view_content_event: Missing option "access_token"
2024-01-27T15:51:19+00:00 DEBUG Tt4b_Pixel_Class::inject_view_content_event: hit ViewContent
2024-01-27T15:51:19+00:00 DEBUG Tt4b_Pixel_Class::inject_view_content_event: Missing option "access_token"
2024-01-27T15:51:20+00:00 DEBUG Tt4b_Pixel_Class::inject_view_content_event: hit ViewContent
2024-01-27T15:51:20+00:00 DEBUG Tt4b_Pixel_Class::inject_view_content_event: Missing option "access_token"
2024-01-27T15:51:23+00:00 DEBUG Tt4b_Pixel_Class::inject_view_content_event: hit ViewContent
2024-01-27T15:51:23+00:00 DEBUG Tt4b_Pixel_Class::inject_view_content_event: Missing option "access_token"
2024-01-27T15:51:23+00:00 DEBUG Tt4b_Pixel_Class::inject_view_content_event: hit ViewContent
2024-01-27T15:51:23+00:00 DEBUG Tt4b_Pixel_Class::inject_view_content_event: Missing option "access_token"
2024-01-27T15:51:26+00:00 DEBUG Tt4b_Pixel_Class::inject_view_content_event: hit ViewContent
2024-01-27T15:51:26+00:00 DEBUG Tt4b_Pixel_Class::inject_view_content_event: Missing option "access_token"
2024-01-27T15:51:29+00:00 DEBUG Tt4b_Pixel_Class::inject_view_content_event: hit ViewContent
2024-01-27T15:51:29+00:00 DEBUG Tt4b_Pixel_Class::inject_view_content_event: Missing option "access_token"
2024-01-27T15:51:30+00:00 DEBUG Tt4b_Pixel_Class::inject_view_content_event: hit ViewContent
2024-01-27T15:51:30+00:00 DEBUG Tt4b_Pixel_Class::inject_view_content_event: Missing option "access_token"
2024-01-27T15:51:32+00:00 DEBUG Tt4b_Pixel_Class::inject_view_content_event: hit ViewContent
2024-01-27T15:51:32+00:00 DEBUG Tt4b_Pixel_Class::inject_view_content_event: Missing option "access_token"
2024-01-27T15:51:35+00:00 DEBUG Tt4b_Pixel_Class::inject_view_content_event: hit ViewContent
2024-01-27T15:51:35+00:00 DEBUG Tt4b_Pixel_Class::inject_view_content_event: Missing option "access_token"
2024-01-27T15:51:46+00:00 DEBUG Tt4b_Pixel_Class::inject_view_content_event: hit ViewContent
2024-01-27T15:51:46+00:00 DEBUG Tt4b_Pixel_Class::inject_view_content_event: Missing option "access_token"
2024-01-27T15:51:54+00:00 DEBUG Tt4b_Pixel_Class::inject_view_content_event: hit ViewContent
2024-01-27T15:51:54+00:00 DEBUG Tt4b_Pixel_Class::inject_view_content_event: Missing option "access_token"
2024-01-27T15:51:57+00:00 DEBUG Tt4b_Pixel_Class::inject_view_content_event: hit ViewContent
2024-01-27T15:51:57+00:00 DEBUG Tt4b_Pixel_Class::inject_view_content_event: Missing option "access_token"
2024-01-27T15:51:58+00:00 DEBUG Tt4b_Pixel_Class::inject_view_content_event: hit ViewContent
2024-01-27T15:51:58+00:00 DEBUG Tt4b_Pixel_Class::inject_view_content_event: Missing option "access_token"
2024-01-27T15:52:06+00:00 DEBUG Tt4b_Pixel_Class::inject_view_content_event: hit ViewContent
2024-01-27T15:52:06+00:00 DEBUG Tt4b_Pixel_Class::inject_view_content_event: Missing option "access_token"
2024-01-27T15:52:06+00:00 DEBUG Tt4b_Pixel_Class::inject_view_content_event: hit ViewContent
2024-01-27T15:52:06+00:00 DEBUG Tt4b_Pixel_Class::inject_view_content_event: Missing option "access_token"
2024-01-27T15:52:07+00:00 DEBUG Tt4b_Pixel_Class::inject_view_content_event: hit ViewContent
2024-01-27T15:52:07+00:00 DEBUG Tt4b_Pixel_Class::inject_view_content_event: Missing option "access_token"
2024-01-27T15:52:08+00:00 DEBUG Tt4b_Pixel_Class::inject_view_content_event: hit ViewContent
2024-01-27T15:52:08+00:00 DEBUG Tt4b_Pixel_Class::inject_view_content_event: Missing option "access_token"
2024-01-27T15:52:09+00:00 DEBUG Tt4b_Pixel_Class::inject_view_content_event: hit ViewContent
2024-01-27T15:52:09+00:00 DEBUG Tt4b_Pixel_Class::inject_view_content_event: Missing option "access_token"
2024-01-27T15:52:10+00:00 DEBUG Tt4b_Pixel_Class::inject_view_content_event: hit ViewContent
2024-01-27T15:52:10+00:00 DEBUG Tt4b_Pixel_Class::inject_view_content_event: Missing option "access_token"
2024-01-27T15:52:13+00:00 DEBUG Tt4b_Pixel_Class::inject_view_content_event: hit ViewContent
2024-01-27T15:52:13+00:00 DEBUG Tt4b_Pixel_Class::inject_view_content_event: Missing option "access_token"
2024-01-27T15:52:16+00:00 DEBUG Tt4b_Pixel_Class::inject_view_content_event: hit ViewContent
2024-01-27T15:52:16+00:00 DEBUG Tt4b_Pixel_Class::inject_view_content_event: Missing option "access_token"
2024-01-27T15:52:18+00:00 DEBUG Tt4b_Pixel_Class::inject_view_content_event: hit ViewContent
2024-01-27T15:52:18+00:00 DEBUG Tt4b_Pixel_Class::inject_view_content_event: Missing option "access_token"
2024-01-27T15:52:18+00:00 DEBUG Tt4b_Pixel_Class::inject_view_content_event: hit ViewContent
2024-01-27T15:52:18+00:00 DEBUG Tt4b_Pixel_Class::inject_view_content_event: Missing option "access_token"
2024-01-27T15:52:21+00:00 DEBUG Tt4b_Pixel_Class::inject_view_content_event: hit ViewContent
2024-01-27T15:52:21+00:00 DEBUG Tt4b_Pixel_Class::inject_view_content_event: Missing option "access_token"
2024-01-27T15:52:24+00:00 DEBUG Tt4b_Pixel_Class::inject_view_content_event: hit ViewContent
2024-01-27T15:52:24+00:00 DEBUG Tt4b_Pixel_Class::inject_view_content_event: Missing option "access_token"
2024-01-27T15:52:27+00:00 DEBUG Tt4b_Pixel_Class::inject_view_content_event: hit ViewContent
2024-01-27T15:52:27+00:00 DEBUG Tt4b_Pixel_Class::inject_view_content_event: Missing option "access_token"
2024-01-27T15:52:30+00:00 DEBUG Tt4b_Pixel_Class::inject_view_content_event: hit ViewContent
2024-01-27T15:52:30+00:00 DEBUG Tt4b_Pixel_Class::inject_view_content_event: Missing option "access_token"
2024-01-27T15:52:34+00:00 DEBUG Tt4b_Pixel_Class::inject_view_content_event: hit ViewContent
2024-01-27T15:52:34+00:00 DEBUG Tt4b_Pixel_Class::inject_view_content_event: Missing option "access_token"
2024-01-27T15:52:35+00:00 DEBUG Tt4b_Pixel_Class::inject_view_content_event: hit ViewContent
2024-01-27T15:52:35+00:00 DEBUG Tt4b_Pixel_Class::inject_view_content_event: Missing option "access_token"
2024-01-27T15:52:35+00:00 DEBUG Tt4b_Pixel_Class::inject_view_content_event: hit ViewContent
2024-01-27T15:52:35+00:00 DEBUG Tt4b_Pixel_Class::inject_view_content_event: Missing option "access_token"
2024-01-27T15:52:38+00:00 DEBUG Tt4b_Pixel_Class::inject_view_content_event: hit ViewContent
2024-01-27T15:52:38+00:00 DEBUG Tt4b_Pixel_Class::inject_view_content_event: Missing option "access_token"
2024-01-27T15:52:41+00:00 DEBUG Tt4b_Pixel_Class::inject_view_content_event: hit ViewContent
2024-01-27T15:52:41+00:00 DEBUG Tt4b_Pixel_Class::inject_view_content_event: Missing option "access_token"
2024-01-27T15:52:44+00:00 DEBUG Tt4b_Pixel_Class::inject_view_content_event: hit ViewContent
2024-01-27T15:52:44+00:00 DEBUG Tt4b_Pixel_Class::inject_view_content_event: Missing option "access_token"
2024-01-27T15:52:44+00:00 DEBUG Tt4b_Pixel_Class::inject_view_content_event: hit ViewContent
2024-01-27T15:52:44+00:00 DEBUG Tt4b_Pixel_Class::inject_view_content_event: Missing option "access_token"
2024-01-27T15:52:46+00:00 DEBUG Tt4b_Pixel_Class::inject_view_content_event: hit ViewContent
2024-01-27T15:52:46+00:00 DEBUG Tt4b_Pixel_Class::inject_view_content_event: Missing option "access_token"
2024-01-27T15:52:47+00:00 DEBUG Tt4b_Pixel_Class::inject_view_content_event: hit ViewContent
2024-01-27T15:52:47+00:00 DEBUG Tt4b_Pixel_Class::inject_view_content_event: Missing option "access_token"
2024-01-27T15:52:48+00:00 DEBUG Tt4b_Pixel_Class::inject_view_content_event: hit ViewContent
2024-01-27T15:52:48+00:00 DEBUG Tt4b_Pixel_Class::inject_view_content_event: Missing option "access_token"
2024-01-27T15:52:48+00:00 DEBUG Tt4b_Pixel_Class::inject_view_content_event: hit ViewContent
2024-01-27T15:52:48+00:00 DEBUG Tt4b_Pixel_Class::inject_view_content_event: Missing option "access_token"
2024-01-27T15:52:50+00:00 DEBUG Tt4b_Pixel_Class::inject_view_content_event: hit ViewContent
2024-01-27T15:52:50+00:00 DEBUG Tt4b_Pixel_Class::inject_view_content_event: Missing option "access_token"
2024-01-27T15:52:52+00:00 DEBUG Tt4b_Pixel_Class::inject_view_content_event: hit ViewContent
2024-01-27T15:52:52+00:00 DEBUG Tt4b_Pixel_Class::inject_view_content_event: Missing option "access_token"
2024-01-27T15:52:52+00:00 DEBUG Tt4b_Pixel_Class::inject_view_content_event: hit ViewContent
2024-01-27T15:52:52+00:00 DEBUG Tt4b_Pixel_Class::inject_view_content_event: Missing option "access_token"
2024-01-27T15:52:54+00:00 DEBUG Tt4b_Pixel_Class::inject_view_content_event: hit ViewContent
2024-01-27T15:52:54+00:00 DEBUG Tt4b_Pixel_Class::inject_view_content_event: Missing option "access_token"
2024-01-27T15:52:55+00:00 DEBUG Tt4b_Pixel_Class::inject_view_content_event: hit ViewContent
2024-01-27T15:52:55+00:00 DEBUG Tt4b_Pixel_Class::inject_view_content_event: Missing option "access_token"
2024-01-27T15:53:14+00:00 DEBUG Tt4b_Pixel_Class::inject_view_content_event: hit ViewContent
2024-01-27T15:53:14+00:00 DEBUG Tt4b_Pixel_Class::inject_view_content_event: Missing option "access_token"
2024-01-27T15:53:17+00:00 DEBUG Tt4b_Pixel_Class::inject_view_content_event: hit ViewContent
2024-01-27T15:53:17+00:00 DEBUG Tt4b_Pixel_Class::inject_view_content_event: Missing option "access_token"
2024-01-27T15:53:21+00:00 DEBUG Tt4b_Pixel_Class::inject_view_content_event: hit ViewContent
2024-01-27T15:53:21+00:00 DEBUG Tt4b_Pixel_Class::inject_view_content_event: Missing option "access_token"
2024-01-27T15:53:22+00:00 DEBUG Tt4b_Pixel_Class::inject_view_content_event: hit ViewContent
2024-01-27T15:53:22+00:00 DEBUG Tt4b_Pixel_Class::inject_view_content_event: Missing option "access_token"
2024-01-27T15:53:28+00:00 DEBUG Tt4b_Pixel_Class::inject_view_content_event: hit ViewContent
2024-01-27T15:53:28+00:00 DEBUG Tt4b_Pixel_Class::inject_view_content_event: Missing option "access_token"
2024-01-27T15:53:33+00:00 DEBUG Tt4b_Pixel_Class::inject_view_content_event: hit ViewContent
2024-01-27T15:53:33+00:00 DEBUG Tt4b_Pixel_Class::inject_view_content_event: Missing option "access_token"
2024-01-27T15:53:38+00:00 DEBUG Tt4b_Pixel_Class::inject_add_to_cart_event: hit AddToCart
2024-01-27T15:53:38+00:00 DEBUG Tt4b_Pixel_Class::inject_add_to_cart_event: Missing option "access_token"
2024-01-27T15:53:38+00:00 DEBUG Tt4b_Pixel_Class::inject_view_content_event: hit ViewContent
2024-01-27T15:53:38+00:00 DEBUG Tt4b_Pixel_Class::inject_view_content_event: Missing option "access_token"
2024-01-27T15:53:50+00:00 DEBUG Tt4b_Pixel_Class::inject_view_content_event: hit ViewContent
2024-01-27T15:53:50+00:00 DEBUG Tt4b_Pixel_Class::inject_view_content_event: Missing option "access_token"
2024-01-27T15:53:52+00:00 DEBUG Tt4b_Pixel_Class::inject_view_content_event: hit ViewContent
2024-01-27T15:53:52+00:00 DEBUG Tt4b_Pixel_Class::inject_view_content_event: Missing option "access_token"
2024-01-27T15:53:56+00:00 DEBUG Tt4b_Pixel_Class::inject_view_content_event: hit ViewContent
2024-01-27T15:53:56+00:00 DEBUG Tt4b_Pixel_Class::inject_view_content_event: Missing option "access_token"
2024-01-27T15:54:01+00:00 DEBUG Tt4b_Pixel_Class::inject_view_content_event: hit ViewContent
2024-01-27T15:54:01+00:00 DEBUG Tt4b_Pixel_Class::inject_view_content_event: Missing option "access_token"
2024-01-27T15:54:04+00:00 DEBUG Tt4b_Pixel_Class::inject_view_content_event: hit ViewContent
2024-01-27T15:54:04+00:00 DEBUG Tt4b_Pixel_Class::inject_view_content_event: Missing option "access_token"
2024-01-27T15:54:11+00:00 DEBUG Tt4b_Pixel_Class::inject_view_content_event: hit ViewContent
2024-01-27T15:54:11+00:00 DEBUG Tt4b_Pixel_Class::inject_view_content_event: Missing option "access_token"
2024-01-27T15:54:17+00:00 DEBUG Tt4b_Pixel_Class::inject_add_to_cart_event: hit AddToCart
2024-01-27T15:54:17+00:00 DEBUG Tt4b_Pixel_Class::inject_add_to_cart_event: Missing option "access_token"
2024-01-27T15:54:17+00:00 DEBUG Tt4b_Pixel_Class::inject_view_content_event: hit ViewContent
2024-01-27T15:54:17+00:00 DEBUG Tt4b_Pixel_Class::inject_view_content_event: Missing option "access_token"
2024-01-27T15:54:19+00:00 DEBUG Tt4b_Pixel_Class::inject_view_content_event: hit ViewContent
2024-01-27T15:54:19+00:00 DEBUG Tt4b_Pixel_Class::inject_view_content_event: Missing option "access_token"
2024-01-27T15:54:23+00:00 DEBUG Tt4b_Pixel_Class::inject_view_content_event: hit ViewContent
2024-01-27T15:54:23+00:00 DEBUG Tt4b_Pixel_Class::inject_view_content_event: Missing option "access_token"
2024-01-27T15:54:26+00:00 DEBUG Tt4b_Pixel_Class::inject_view_content_event: hit ViewContent
2024-01-27T15:54:26+00:00 DEBUG Tt4b_Pixel_Class::inject_view_content_event: Missing option "access_token"
2024-01-27T15:54:26+00:00 DEBUG Tt4b_Pixel_Class::inject_view_content_event: hit ViewContent
2024-01-27T15:54:26+00:00 DEBUG Tt4b_Pixel_Class::inject_view_content_event: Missing option "access_token"
2024-01-27T15:54:28+00:00 DEBUG Tt4b_Pixel_Class::inject_view_content_event: hit ViewContent
2024-01-27T15:54:28+00:00 DEBUG Tt4b_Pixel_Class::inject_view_content_event: Missing option "access_token"
2024-01-27T15:54:32+00:00 DEBUG Tt4b_Pixel_Class::inject_view_content_event: hit ViewContent
2024-01-27T15:54:32+00:00 DEBUG Tt4b_Pixel_Class::inject_view_content_event: Missing option "access_token"
2024-01-27T15:54:33+00:00 DEBUG Tt4b_Pixel_Class::inject_view_content_event: hit ViewContent
2024-01-27T15:54:33+00:00 DEBUG Tt4b_Pixel_Class::inject_view_content_event: Missing option "access_token"
2024-01-27T15:54:33+00:00 DEBUG Tt4b_Pixel_Class::inject_view_content_event: hit ViewContent
2024-01-27T15:54:33+00:00 DEBUG Tt4b_Pixel_Class::inject_view_content_event: Missing option "access_token"
2024-01-27T15:54:35+00:00 DEBUG Tt4b_Pixel_Class::inject_view_content_event: hit ViewContent
2024-01-27T15:54:35+00:00 DEBUG Tt4b_Pixel_Class::inject_view_content_event: Missing option "access_token"
2024-01-27T15:54:38+00:00 DEBUG Tt4b_Pixel_Class::inject_view_content_event: hit ViewContent
2024-01-27T15:54:38+00:00 DEBUG Tt4b_Pixel_Class::inject_view_content_event: Missing option "access_token"
2024-01-27T15:54:44+00:00 DEBUG Tt4b_Pixel_Class::inject_view_content_event: hit ViewContent
2024-01-27T15:54:44+00:00 DEBUG Tt4b_Pixel_Class::inject_view_content_event: Missing option "access_token"
2024-01-27T15:54:46+00:00 DEBUG Tt4b_Pixel_Class::inject_view_content_event: hit ViewContent
2024-01-27T15:54:46+00:00 DEBUG Tt4b_Pixel_Class::inject_view_content_event: Missing option "access_token"
2024-01-27T15:54:47+00:00 DEBUG Tt4b_Pixel_Class::inject_view_content_event: hit ViewContent
2024-01-27T15:54:47+00:00 DEBUG Tt4b_Pixel_Class::inject_view_content_event: Missing option "access_token"
2024-01-27T15:54:50+00:00 DEBUG Tt4b_Pixel_Class::inject_view_content_event: hit ViewContent
2024-01-27T15:54:50+00:00 DEBUG Tt4b_Pixel_Class::inject_view_content_event: Missing option "access_token"
2024-01-27T15:54:58+00:00 DEBUG Tt4b_Pixel_Class::inject_view_content_event: hit ViewContent
2024-01-27T15:54:58+00:00 DEBUG Tt4b_Pixel_Class::inject_view_content_event: Missing option "access_token"
2024-01-27T15:55:00+00:00 DEBUG Tt4b_Pixel_Class::inject_view_content_event: hit ViewContent
2024-01-27T15:55:00+00:00 DEBUG Tt4b_Pixel_Class::inject_view_content_event: Missing option "access_token"
2024-01-27T15:55:03+00:00 DEBUG Tt4b_Pixel_Class::inject_view_content_event: hit ViewContent
2024-01-27T15:55:03+00:00 DEBUG Tt4b_Pixel_Class::inject_view_content_event: Missing option "access_token"
2024-01-27T15:55:03+00:00 DEBUG Tt4b_Pixel_Class::inject_view_content_event: hit ViewContent
2024-01-27T15:55:03+00:00 DEBUG Tt4b_Pixel_Class::inject_view_content_event: Missing option "access_token"
2024-01-27T15:55:06+00:00 DEBUG Tt4b_Pixel_Class::inject_view_content_event: hit ViewContent
2024-01-27T15:55:06+00:00 DEBUG Tt4b_Pixel_Class::inject_view_content_event: Missing option "access_token"
2024-01-27T15:55:08+00:00 DEBUG Tt4b_Pixel_Class::inject_view_content_event: hit ViewContent
2024-01-27T15:55:08+00:00 DEBUG Tt4b_Pixel_Class::inject_view_content_event: Missing option "access_token"
2024-01-27T15:55:11+00:00 DEBUG Tt4b_Pixel_Class::inject_view_content_event: hit ViewContent
2024-01-27T15:55:11+00:00 DEBUG Tt4b_Pixel_Class::inject_view_content_event: Missing option "access_token"
2024-01-27T15:55:11+00:00 DEBUG Tt4b_Pixel_Class::inject_view_content_event: hit ViewContent
2024-01-27T15:55:11+00:00 DEBUG Tt4b_Pixel_Class::inject_view_content_event: Missing option "access_token"
2024-01-27T15:55:11+00:00 DEBUG Tt4b_Pixel_Class::inject_view_content_event: hit ViewContent
2024-01-27T15:55:11+00:00 DEBUG Tt4b_Pixel_Class::inject_view_content_event: Missing option "access_token"
2024-01-27T15:55:13+00:00 DEBUG Tt4b_Pixel_Class::inject_view_content_event: hit ViewContent
2024-01-27T15:55:13+00:00 DEBUG Tt4b_Pixel_Class::inject_view_content_event: Missing option "access_token"
2024-01-27T15:55:16+00:00 DEBUG Tt4b_Pixel_Class::inject_view_content_event: hit ViewContent
2024-01-27T15:55:16+00:00 DEBUG Tt4b_Pixel_Class::inject_view_content_event: Missing option "access_token"
2024-01-27T15:55:21+00:00 DEBUG Tt4b_Pixel_Class::inject_view_content_event: hit ViewContent
2024-01-27T15:55:21+00:00 DEBUG Tt4b_Pixel_Class::inject_view_content_event: Missing option "access_token"
2024-01-27T15:55:22+00:00 DEBUG Tt4b_Pixel_Class::inject_view_content_event: hit ViewContent
2024-01-27T15:55:22+00:00 DEBUG Tt4b_Pixel_Class::inject_view_content_event: Missing option "access_token"
2024-01-27T15:55:26+00:00 DEBUG Tt4b_Pixel_Class::inject_view_content_event: hit ViewContent
2024-01-27T15:55:26+00:00 DEBUG Tt4b_Pixel_Class::inject_view_content_event: Missing option "access_token"
2024-01-27T15:55:29+00:00 DEBUG Tt4b_Pixel_Class::inject_view_content_event: hit ViewContent
2024-01-27T15:55:29+00:00 DEBUG Tt4b_Pixel_Class::inject_view_content_event: Missing option "access_token"
2024-01-27T15:55:35+00:00 DEBUG Tt4b_Pixel_Class::inject_view_content_event: hit ViewContent
2024-01-27T15:55:35+00:00 DEBUG Tt4b_Pixel_Class::inject_view_content_event: Missing option "access_token"
2024-01-27T15:55:47+00:00 DEBUG Tt4b_Pixel_Class::inject_view_content_event: hit ViewContent
2024-01-27T15:55:47+00:00 DEBUG Tt4b_Pixel_Class::inject_view_content_event: Missing option "access_token"
2024-01-27T15:55:59+00:00 DEBUG Tt4b_Pixel_Class::inject_view_content_event: hit ViewContent
2024-01-27T15:55:59+00:00 DEBUG Tt4b_Pixel_Class::inject_view_content_event: Missing option "access_token"
2024-01-27T15:56:04+00:00 DEBUG Tt4b_Pixel_Class::inject_view_content_event: hit ViewContent
2024-01-27T15:56:04+00:00 DEBUG Tt4b_Pixel_Class::inject_view_content_event: Missing option "access_token"
2024-01-27T15:56:05+00:00 DEBUG Tt4b_Pixel_Class::inject_view_content_event: hit ViewContent
2024-01-27T15:56:05+00:00 DEBUG Tt4b_Pixel_Class::inject_view_content_event: Missing option "access_token"
2024-01-27T15:56:08+00:00 DEBUG Tt4b_Pixel_Class::inject_view_content_event: hit ViewContent
2024-01-27T15:56:08+00:00 DEBUG Tt4b_Pixel_Class::inject_view_content_event: Missing option "access_token"
2024-01-27T15:56:12+00:00 DEBUG Tt4b_Pixel_Class::inject_view_content_event: hit ViewContent
2024-01-27T15:56:12+00:00 DEBUG Tt4b_Pixel_Class::inject_view_content_event: Missing option "access_token"
2024-01-27T15:56:13+00:00 DEBUG Tt4b_Pixel_Class::inject_view_content_event: hit ViewContent
2024-01-27T15:56:13+00:00 DEBUG Tt4b_Pixel_Class::inject_view_content_event: Missing option "access_token"
2024-01-27T15:56:16+00:00 DEBUG Tt4b_Pixel_Class::inject_add_to_cart_event: hit AddToCart
2024-01-27T15:56:16+00:00 DEBUG Tt4b_Pixel_Class::inject_add_to_cart_event: Missing option "access_token"
2024-01-27T15:56:16+00:00 DEBUG Tt4b_Pixel_Class::inject_add_to_cart_event: hit AddToCart
2024-01-27T15:56:16+00:00 DEBUG Tt4b_Pixel_Class::inject_add_to_cart_event: Missing option "access_token"
2024-01-27T15:56:16+00:00 DEBUG Tt4b_Pixel_Class::inject_view_content_event: hit ViewContent
2024-01-27T15:56:16+00:00 DEBUG Tt4b_Pixel_Class::inject_view_content_event: Missing option "access_token"
2024-01-27T15:56:16+00:00 DEBUG Tt4b_Pixel_Class::inject_view_content_event: hit ViewContent
2024-01-27T15:56:16+00:00 DEBUG Tt4b_Pixel_Class::inject_view_content_event: Missing option "access_token"
2024-01-27T15:56:17+00:00 DEBUG Tt4b_Pixel_Class::inject_view_content_event: hit ViewContent
2024-01-27T15:56:17+00:00 DEBUG Tt4b_Pixel_Class::inject_view_content_event: Missing option "access_token"
2024-01-27T15:56:17+00:00 DEBUG Tt4b_Pixel_Class::inject_add_to_cart_event: hit AddToCart
2024-01-27T15:56:17+00:00 DEBUG Tt4b_Pixel_Class::inject_add_to_cart_event: Missing option "access_token"
2024-01-27T15:56:17+00:00 DEBUG Tt4b_Pixel_Class::inject_view_content_event: hit ViewContent
2024-01-27T15:56:17+00:00 DEBUG Tt4b_Pixel_Class::inject_view_content_event: Missing option "access_token"
2024-01-27T15:56:33+00:00 DEBUG Tt4b_Pixel_Class::inject_view_content_event: hit ViewContent
2024-01-27T15:56:33+00:00 DEBUG Tt4b_Pixel_Class::inject_view_content_event: Missing option "access_token"
2024-01-27T15:56:38+00:00 DEBUG Tt4b_Pixel_Class::inject_view_content_event: hit ViewContent
2024-01-27T15:56:38+00:00 DEBUG Tt4b_Pixel_Class::inject_view_content_event: Missing option "access_token"
2024-01-27T15:56:43+00:00 DEBUG Tt4b_Pixel_Class::inject_view_content_event: hit ViewContent
2024-01-27T15:56:43+00:00 DEBUG Tt4b_Pixel_Class::inject_view_content_event: Missing option "access_token"
2024-01-27T15:56:45+00:00 DEBUG Tt4b_Pixel_Class::inject_view_content_event: hit ViewContent
2024-01-27T15:56:45+00:00 DEBUG Tt4b_Pixel_Class::inject_view_content_event: Missing option "access_token"
2024-01-27T15:56:49+00:00 DEBUG Tt4b_Pixel_Class::inject_add_to_cart_event: hit AddToCart
2024-01-27T15:56:49+00:00 DEBUG Tt4b_Pixel_Class::inject_add_to_cart_event: Missing option "access_token"
2024-01-27T15:56:51+00:00 DEBUG Tt4b_Pixel_Class::inject_view_content_event: hit ViewContent
2024-01-27T15:56:51+00:00 DEBUG Tt4b_Pixel_Class::inject_view_content_event: Missing option "access_token"
2024-01-27T15:56:53+00:00 DEBUG Tt4b_Pixel_Class::inject_view_content_event: hit ViewContent
2024-01-27T15:56:53+00:00 DEBUG Tt4b_Pixel_Class::inject_view_content_event: Missing option "access_token"
2024-01-27T15:56:58+00:00 DEBUG Tt4b_Pixel_Class::inject_view_content_event: hit ViewContent
2024-01-27T15:56:58+00:00 DEBUG Tt4b_Pixel_Class::inject_view_content_event: Missing option "access_token"
2024-01-27T15:57:11+00:00 DEBUG Tt4b_Pixel_Class::inject_view_content_event: hit ViewContent
2024-01-27T15:57:11+00:00 DEBUG Tt4b_Pixel_Class::inject_view_content_event: Missing option "access_token"
2024-01-27T15:57:16+00:00 DEBUG Tt4b_Pixel_Class::inject_view_content_event: hit ViewContent
2024-01-27T15:57:16+00:00 DEBUG Tt4b_Pixel_Class::inject_view_content_event: Missing option "access_token"
2024-01-27T15:57:20+00:00 DEBUG Tt4b_Pixel_Class::inject_view_content_event: hit ViewContent
2024-01-27T15:57:20+00:00 DEBUG Tt4b_Pixel_Class::inject_view_content_event: Missing option "access_token"
2024-01-27T15:57:23+00:00 DEBUG Tt4b_Pixel_Class::inject_view_content_event: hit ViewContent
2024-01-27T15:57:23+00:00 DEBUG Tt4b_Pixel_Class::inject_view_content_event: Missing option "access_token"
2024-01-27T15:57:23+00:00 DEBUG Tt4b_Pixel_Class::inject_view_content_event: hit ViewContent
2024-01-27T15:57:23+00:00 DEBUG Tt4b_Pixel_Class::inject_view_content_event: Missing option "access_token"
2024-01-27T15:57:25+00:00 DEBUG Tt4b_Pixel_Class::inject_view_content_event: hit ViewContent
2024-01-27T15:57:25+00:00 DEBUG Tt4b_Pixel_Class::inject_view_content_event: Missing option "access_token"
2024-01-27T15:57:27+00:00 DEBUG Tt4b_Pixel_Class::inject_view_content_event: hit ViewContent
2024-01-27T15:57:27+00:00 DEBUG Tt4b_Pixel_Class::inject_view_content_event: Missing option "access_token"
2024-01-27T15:57:28+00:00 DEBUG Tt4b_Pixel_Class::inject_add_to_cart_event: hit AddToCart
2024-01-27T15:57:28+00:00 DEBUG Tt4b_Pixel_Class::inject_add_to_cart_event: Missing option "access_token"
2024-01-27T15:57:30+00:00 DEBUG Tt4b_Pixel_Class::inject_view_content_event: hit ViewContent
2024-01-27T15:57:30+00:00 DEBUG Tt4b_Pixel_Class::inject_view_content_event: Missing option "access_token"
2024-01-27T15:57:30+00:00 DEBUG Tt4b_Pixel_Class::inject_add_to_cart_event: hit AddToCart
2024-01-27T15:57:30+00:00 DEBUG Tt4b_Pixel_Class::inject_add_to_cart_event: Missing option "access_token"
2024-01-27T15:57:32+00:00 DEBUG Tt4b_Pixel_Class::inject_add_to_cart_event: hit AddToCart
2024-01-27T15:57:32+00:00 DEBUG Tt4b_Pixel_Class::inject_add_to_cart_event: Missing option "access_token"
2024-01-27T15:57:32+00:00 DEBUG Tt4b_Pixel_Class::inject_view_content_event: hit ViewContent
2024-01-27T15:57:32+00:00 DEBUG Tt4b_Pixel_Class::inject_view_content_event: Missing option "access_token"
2024-01-27T15:57:34+00:00 DEBUG Tt4b_Pixel_Class::inject_add_to_cart_event: hit AddToCart
2024-01-27T15:57:34+00:00 DEBUG Tt4b_Pixel_Class::inject_add_to_cart_event: Missing option "access_token"
2024-01-27T15:57:36+00:00 DEBUG Tt4b_Pixel_Class::inject_add_to_cart_event: hit AddToCart
2024-01-27T15:57:36+00:00 DEBUG Tt4b_Pixel_Class::inject_add_to_cart_event: Missing option "access_token"
2024-01-27T15:57:38+00:00 DEBUG Tt4b_Pixel_Class::inject_add_to_cart_event: hit AddToCart
2024-01-27T15:57:38+00:00 DEBUG Tt4b_Pixel_Class::inject_add_to_cart_event: Missing option "access_token"
2024-01-27T15:57:40+00:00 DEBUG Tt4b_Pixel_Class::inject_view_content_event: hit ViewContent
2024-01-27T15:57:40+00:00 DEBUG Tt4b_Pixel_Class::inject_view_content_event: Missing option "access_token"
2024-01-27T15:57:52+00:00 DEBUG Tt4b_Pixel_Class::inject_view_content_event: hit ViewContent
2024-01-27T15:57:52+00:00 DEBUG Tt4b_Pixel_Class::inject_view_content_event: Missing option "access_token"
2024-01-27T15:58:00+00:00 DEBUG Tt4b_Pixel_Class::inject_view_content_event: hit ViewContent
2024-01-27T15:58:00+00:00 DEBUG Tt4b_Pixel_Class::inject_view_content_event: Missing option "access_token"
2024-01-27T15:58:03+00:00 DEBUG Tt4b_Pixel_Class::inject_view_content_event: hit ViewContent
2024-01-27T15:58:03+00:00 DEBUG Tt4b_Pixel_Class::inject_view_content_event: Missing option "access_token"
2024-01-27T15:58:05+00:00 DEBUG Tt4b_Pixel_Class::inject_view_content_event: hit ViewContent
2024-01-27T15:58:05+00:00 DEBUG Tt4b_Pixel_Class::inject_view_content_event: Missing option "access_token"
2024-01-27T15:58:11+00:00 DEBUG Tt4b_Pixel_Class::inject_view_content_event: hit ViewContent
2024-01-27T15:58:11+00:00 DEBUG Tt4b_Pixel_Class::inject_view_content_event: Missing option "access_token"
2024-01-27T15:58:15+00:00 DEBUG Tt4b_Pixel_Class::inject_add_to_cart_event: hit AddToCart
2024-01-27T15:58:15+00:00 DEBUG Tt4b_Pixel_Class::inject_add_to_cart_event: Missing option "access_token"
2024-01-27T15:58:20+00:00 DEBUG Tt4b_Pixel_Class::inject_view_content_event: hit ViewContent
2024-01-27T15:58:20+00:00 DEBUG Tt4b_Pixel_Class::inject_view_content_event: Missing option "access_token"
2024-01-27T15:58:28+00:00 DEBUG Tt4b_Pixel_Class::inject_view_content_event: hit ViewContent
2024-01-27T15:58:28+00:00 DEBUG Tt4b_Pixel_Class::inject_view_content_event: Missing option "access_token"
2024-01-27T15:58:44+00:00 DEBUG Tt4b_Pixel_Class::inject_view_content_event: hit ViewContent
2024-01-27T15:58:44+00:00 DEBUG Tt4b_Pixel_Class::inject_view_content_event: Missing option "access_token"
2024-01-27T15:58:45+00:00 DEBUG Tt4b_Pixel_Class::inject_view_content_event: hit ViewContent
2024-01-27T15:58:45+00:00 DEBUG Tt4b_Pixel_Class::inject_view_content_event: Missing option "access_token"
2024-01-27T15:58:47+00:00 DEBUG Tt4b_Pixel_Class::inject_view_content_event: hit ViewContent
2024-01-27T15:58:47+00:00 DEBUG Tt4b_Pixel_Class::inject_view_content_event: Missing option "access_token"
2024-01-27T15:58:50+00:00 DEBUG Tt4b_Pixel_Class::inject_view_content_event: hit ViewContent
2024-01-27T15:58:50+00:00 DEBUG Tt4b_Pixel_Class::inject_view_content_event: Missing option "access_token"
2024-01-27T15:58:51+00:00 DEBUG Tt4b_Pixel_Class::inject_view_content_event: hit ViewContent
2024-01-27T15:58:51+00:00 DEBUG Tt4b_Pixel_Class::inject_view_content_event: Missing option "access_token"
2024-01-27T15:58:52+00:00 DEBUG Tt4b_Pixel_Class::inject_add_to_cart_event: hit AddToCart
2024-01-27T15:58:52+00:00 DEBUG Tt4b_Pixel_Class::inject_add_to_cart_event: Missing option "access_token"
2024-01-27T15:58:53+00:00 DEBUG Tt4b_Pixel_Class::inject_view_content_event: hit ViewContent
2024-01-27T15:58:53+00:00 DEBUG Tt4b_Pixel_Class::inject_view_content_event: Missing option "access_token"
2024-01-27T15:58:55+00:00 DEBUG Tt4b_Pixel_Class::inject_view_content_event: hit ViewContent
2024-01-27T15:58:55+00:00 DEBUG Tt4b_Pixel_Class::inject_view_content_event: Missing option "access_token"
2024-01-27T15:58:58+00:00 DEBUG Tt4b_Pixel_Class::inject_view_content_event: hit ViewContent
2024-01-27T15:58:58+00:00 DEBUG Tt4b_Pixel_Class::inject_view_content_event: Missing option "access_token"
2024-01-27T15:59:04+00:00 DEBUG Tt4b_Pixel_Class::inject_view_content_event: hit ViewContent
2024-01-27T15:59:04+00:00 DEBUG Tt4b_Pixel_Class::inject_view_content_event: Missing option "access_token"
2024-01-27T15:59:15+00:00 DEBUG Tt4b_Pixel_Class::inject_view_content_event: hit ViewContent
2024-01-27T15:59:15+00:00 DEBUG Tt4b_Pixel_Class::inject_view_content_event: Missing option "access_token"
2024-01-27T15:59:18+00:00 DEBUG Tt4b_Pixel_Class::inject_view_content_event: hit ViewContent
2024-01-27T15:59:18+00:00 DEBUG Tt4b_Pixel_Class::inject_view_content_event: Missing option "access_token"
2024-01-27T15:59:19+00:00 DEBUG Tt4b_Pixel_Class::inject_view_content_event: hit ViewContent
2024-01-27T15:59:19+00:00 DEBUG Tt4b_Pixel_Class::inject_view_content_event: Missing option "access_token"
2024-01-27T15:59:21+00:00 DEBUG Tt4b_Pixel_Class::inject_view_content_event: hit ViewContent
2024-01-27T15:59:21+00:00 DEBUG Tt4b_Pixel_Class::inject_view_content_event: Missing option "access_token"
2024-01-27T15:59:24+00:00 DEBUG Tt4b_Pixel_Class::inject_view_content_event: hit ViewContent
2024-01-27T15:59:24+00:00 DEBUG Tt4b_Pixel_Class::inject_view_content_event: Missing option "access_token"
2024-01-27T15:59:24+00:00 DEBUG Tt4b_Pixel_Class::inject_add_to_cart_event: hit AddToCart
2024-01-27T15:59:24+00:00 DEBUG Tt4b_Pixel_Class::inject_add_to_cart_event: Missing option "access_token"
2024-01-27T15:59:26+00:00 DEBUG Tt4b_Pixel_Class::inject_view_content_event: hit ViewContent
2024-01-27T15:59:26+00:00 DEBUG Tt4b_Pixel_Class::inject_view_content_event: Missing option "access_token"
2024-01-27T15:59:27+00:00 DEBUG Tt4b_Pixel_Class::inject_view_content_event: hit ViewContent
2024-01-27T15:59:27+00:00 DEBUG Tt4b_Pixel_Class::inject_view_content_event: Missing option "access_token"
2024-01-27T15:59:35+00:00 DEBUG Tt4b_Pixel_Class::inject_view_content_event: hit ViewContent
2024-01-27T15:59:35+00:00 DEBUG Tt4b_Pixel_Class::inject_view_content_event: Missing option "access_token"
2024-01-27T15:59:45+00:00 DEBUG Tt4b_Pixel_Class::inject_view_content_event: hit ViewContent
2024-01-27T15:59:45+00:00 DEBUG Tt4b_Pixel_Class::inject_view_content_event: Missing option "access_token"
2024-01-27T15:59:57+00:00 DEBUG Tt4b_Pixel_Class::inject_view_content_event: hit ViewContent
2024-01-27T15:59:57+00:00 DEBUG Tt4b_Pixel_Class::inject_view_content_event: Missing option "access_token"
2024-01-27T15:59:57+00:00 DEBUG Tt4b_Pixel_Class::inject_view_content_event: hit ViewContent
2024-01-27T15:59:57+00:00 DEBUG Tt4b_Pixel_Class::inject_view_content_event: Missing option "access_token"
2024-01-27T16:00:02+00:00 DEBUG Tt4b_Pixel_Class::inject_add_to_cart_event: hit AddToCart
2024-01-27T16:00:02+00:00 DEBUG Tt4b_Pixel_Class::inject_add_to_cart_event: Missing option "access_token"
2024-01-27T16:00:02+00:00 DEBUG Tt4b_Pixel_Class::inject_view_content_event: hit ViewContent
2024-01-27T16:00:02+00:00 DEBUG Tt4b_Pixel_Class::inject_view_content_event: Missing option "access_token"
2024-01-27T16:00:03+00:00 DEBUG Tt4b_Pixel_Class::inject_add_to_cart_event: hit AddToCart
2024-01-27T16:00:03+00:00 DEBUG Tt4b_Pixel_Class::inject_add_to_cart_event: Missing option "access_token"
2024-01-27T16:00:13+00:00 DEBUG Tt4b_Pixel_Class::inject_view_content_event: hit ViewContent
2024-01-27T16:00:13+00:00 DEBUG Tt4b_Pixel_Class::inject_view_content_event: Missing option "access_token"
2024-01-27T16:00:18+00:00 DEBUG Tt4b_Pixel_Class::inject_view_content_event: hit ViewContent
2024-01-27T16:00:18+00:00 DEBUG Tt4b_Pixel_Class::inject_view_content_event: Missing option "access_token"
2024-01-27T16:00:29+00:00 DEBUG Tt4b_Pixel_Class::inject_view_content_event: hit ViewContent
2024-01-27T16:00:29+00:00 DEBUG Tt4b_Pixel_Class::inject_view_content_event: Missing option "access_token"
2024-01-27T16:00:30+00:00 DEBUG Tt4b_Pixel_Class::inject_view_content_event: hit ViewContent
2024-01-27T16:00:30+00:00 DEBUG Tt4b_Pixel_Class::inject_view_content_event: Missing option "access_token"
2024-01-27T16:00:32+00:00 DEBUG Tt4b_Pixel_Class::inject_view_content_event: hit ViewContent
2024-01-27T16:00:32+00:00 DEBUG Tt4b_Pixel_Class::inject_view_content_event: Missing option "access_token"
2024-01-27T16:00:34+00:00 DEBUG Tt4b_Pixel_Class::inject_add_to_cart_event: hit AddToCart
2024-01-27T16:00:34+00:00 DEBUG Tt4b_Pixel_Class::inject_add_to_cart_event: Missing option "access_token"
2024-01-27T16:00:34+00:00 DEBUG Tt4b_Pixel_Class::inject_view_content_event: hit ViewContent
2024-01-27T16:00:34+00:00 DEBUG Tt4b_Pixel_Class::inject_view_content_event: Missing option "access_token"
2024-01-27T16:00:36+00:00 DEBUG Tt4b_Pixel_Class::inject_add_to_cart_event: hit AddToCart
2024-01-27T16:00:36+00:00 DEBUG Tt4b_Pixel_Class::inject_add_to_cart_event: Missing option "access_token"
2024-01-27T16:00:36+00:00 DEBUG Tt4b_Pixel_Class::inject_view_content_event: hit ViewContent
2024-01-27T16:00:36+00:00 DEBUG Tt4b_Pixel_Class::inject_view_content_event: Missing option "access_token"
2024-01-27T16:00:36+00:00 DEBUG Tt4b_Pixel_Class::inject_view_content_event: hit ViewContent
2024-01-27T16:00:36+00:00 DEBUG Tt4b_Pixel_Class::inject_view_content_event: Missing option "access_token"
2024-01-27T16:00:38+00:00 DEBUG Tt4b_Pixel_Class::inject_view_content_event: hit ViewContent
2024-01-27T16:00:38+00:00 DEBUG Tt4b_Pixel_Class::inject_view_content_event: Missing option "access_token"
2024-01-27T16:00:40+00:00 DEBUG Tt4b_Pixel_Class::inject_view_content_event: hit ViewContent
2024-01-27T16:00:40+00:00 DEBUG Tt4b_Pixel_Class::inject_view_content_event: Missing option "access_token"
2024-01-27T16:00:43+00:00 DEBUG Tt4b_Pixel_Class::inject_view_content_event: hit ViewContent
2024-01-27T16:00:43+00:00 DEBUG Tt4b_Pixel_Class::inject_view_content_event: Missing option "access_token"
2024-01-27T16:00:46+00:00 DEBUG Tt4b_Pixel_Class::inject_view_content_event: hit ViewContent
2024-01-27T16:00:46+00:00 DEBUG Tt4b_Pixel_Class::inject_view_content_event: Missing option "access_token"
2024-01-27T16:00:49+00:00 DEBUG Tt4b_Pixel_Class::inject_view_content_event: hit ViewContent
2024-01-27T16:00:49+00:00 DEBUG Tt4b_Pixel_Class::inject_view_content_event: Missing option "access_token"
2024-01-27T16:00:51+00:00 DEBUG Tt4b_Pixel_Class::inject_view_content_event: hit ViewContent
2024-01-27T16:00:51+00:00 DEBUG Tt4b_Pixel_Class::inject_view_content_event: Missing option "access_token"
2024-01-27T16:00:51+00:00 DEBUG Tt4b_Pixel_Class::inject_view_content_event: hit ViewContent
2024-01-27T16:00:51+00:00 DEBUG Tt4b_Pixel_Class::inject_view_content_event: Missing option "access_token"
2024-01-27T16:00:52+00:00 DEBUG Tt4b_Pixel_Class::inject_view_content_event: hit ViewContent
2024-01-27T16:00:52+00:00 DEBUG Tt4b_Pixel_Class::inject_view_content_event: Missing option "access_token"
2024-01-27T16:00:54+00:00 DEBUG Tt4b_Pixel_Class::inject_view_content_event: hit ViewContent
2024-01-27T16:00:54+00:00 DEBUG Tt4b_Pixel_Class::inject_view_content_event: Missing option "access_token"
2024-01-27T16:00:58+00:00 DEBUG Tt4b_Pixel_Class::inject_view_content_event: hit ViewContent
2024-01-27T16:00:58+00:00 DEBUG Tt4b_Pixel_Class::inject_view_content_event: Missing option "access_token"
2024-01-27T16:01:01+00:00 DEBUG Tt4b_Pixel_Class::inject_add_to_cart_event: hit AddToCart
2024-01-27T16:01:01+00:00 DEBUG Tt4b_Pixel_Class::inject_add_to_cart_event: Missing option "access_token"
2024-01-27T16:01:01+00:00 DEBUG Tt4b_Pixel_Class::inject_view_content_event: hit ViewContent
2024-01-27T16:01:01+00:00 DEBUG Tt4b_Pixel_Class::inject_view_content_event: Missing option "access_token"
2024-01-27T16:01:02+00:00 DEBUG Tt4b_Pixel_Class::inject_add_to_cart_event: hit AddToCart
2024-01-27T16:01:02+00:00 DEBUG Tt4b_Pixel_Class::inject_add_to_cart_event: Missing option "access_token"
2024-01-27T16:01:02+00:00 DEBUG Tt4b_Pixel_Class::inject_view_content_event: hit ViewContent
2024-01-27T16:01:02+00:00 DEBUG Tt4b_Pixel_Class::inject_view_content_event: Missing option "access_token"
2024-01-27T16:01:02+00:00 DEBUG Tt4b_Pixel_Class::inject_view_content_event: hit ViewContent
2024-01-27T16:01:02+00:00 DEBUG Tt4b_Pixel_Class::inject_view_content_event: Missing option "access_token"
2024-01-27T16:01:04+00:00 DEBUG Tt4b_Pixel_Class::inject_view_content_event: hit ViewContent
2024-01-27T16:01:04+00:00 DEBUG Tt4b_Pixel_Class::inject_view_content_event: Missing option "access_token"
2024-01-27T16:01:05+00:00 DEBUG Tt4b_Pixel_Class::inject_view_content_event: hit ViewContent
2024-01-27T16:01:05+00:00 DEBUG Tt4b_Pixel_Class::inject_view_content_event: Missing option "access_token"
2024-01-27T16:01:06+00:00 DEBUG Tt4b_Pixel_Class::inject_view_content_event: hit ViewContent
2024-01-27T16:01:06+00:00 DEBUG Tt4b_Pixel_Class::inject_view_content_event: Missing option "access_token"
2024-01-27T16:01:06+00:00 DEBUG Tt4b_Pixel_Class::inject_add_to_cart_event: hit AddToCart
2024-01-27T16:01:06+00:00 DEBUG Tt4b_Pixel_Class::inject_add_to_cart_event: Missing option "access_token"
2024-01-27T16:01:07+00:00 DEBUG Tt4b_Pixel_Class::inject_view_content_event: hit ViewContent
2024-01-27T16:01:07+00:00 DEBUG Tt4b_Pixel_Class::inject_view_content_event: Missing option "access_token"
2024-01-27T16:01:07+00:00 DEBUG Tt4b_Pixel_Class::inject_add_to_cart_event: hit AddToCart
2024-01-27T16:01:07+00:00 DEBUG Tt4b_Pixel_Class::inject_add_to_cart_event: Missing option "access_token"
2024-01-27T16:01:07+00:00 DEBUG Tt4b_Pixel_Class::inject_view_content_event: hit ViewContent
2024-01-27T16:01:07+00:00 DEBUG Tt4b_Pixel_Class::inject_view_content_event: Missing option "access_token"
2024-01-27T16:01:07+00:00 DEBUG Tt4b_Pixel_Class::inject_view_content_event: hit ViewContent
2024-01-27T16:01:07+00:00 DEBUG Tt4b_Pixel_Class::inject_view_content_event: Missing option "access_token"
2024-01-27T16:01:09+00:00 DEBUG Tt4b_Pixel_Class::inject_view_content_event: hit ViewContent
2024-01-27T16:01:09+00:00 DEBUG Tt4b_Pixel_Class::inject_view_content_event: Missing option "access_token"
2024-01-27T16:01:10+00:00 DEBUG Tt4b_Pixel_Class::inject_view_content_event: hit ViewContent
2024-01-27T16:01:10+00:00 DEBUG Tt4b_Pixel_Class::inject_view_content_event: Missing option "access_token"
2024-01-27T16:01:10+00:00 DEBUG Tt4b_Pixel_Class::inject_view_content_event: hit ViewContent
2024-01-27T16:01:10+00:00 DEBUG Tt4b_Pixel_Class::inject_view_content_event: Missing option "access_token"
2024-01-27T16:01:12+00:00 DEBUG Tt4b_Pixel_Class::inject_view_content_event: hit ViewContent
2024-01-27T16:01:12+00:00 DEBUG Tt4b_Pixel_Class::inject_view_content_event: Missing option "access_token"
2024-01-27T16:01:13+00:00 DEBUG Tt4b_Pixel_Class::inject_view_content_event: hit ViewContent
2024-01-27T16:01:13+00:00 DEBUG Tt4b_Pixel_Class::inject_view_content_event: Missing option "access_token"
2024-01-27T16:01:13+00:00 DEBUG Tt4b_Pixel_Class::inject_add_to_cart_event: hit AddToCart
2024-01-27T16:01:13+00:00 DEBUG Tt4b_Pixel_Class::inject_add_to_cart_event: Missing option "access_token"
2024-01-27T16:01:14+00:00 DEBUG Tt4b_Pixel_Class::inject_view_content_event: hit ViewContent
2024-01-27T16:01:14+00:00 DEBUG Tt4b_Pixel_Class::inject_view_content_event: Missing option "access_token"
2024-01-27T16:01:15+00:00 DEBUG Tt4b_Pixel_Class::inject_view_content_event: hit ViewContent
2024-01-27T16:01:15+00:00 DEBUG Tt4b_Pixel_Class::inject_view_content_event: Missing option "access_token"
2024-01-27T16:01:17+00:00 DEBUG Tt4b_Pixel_Class::inject_view_content_event: hit ViewContent
2024-01-27T16:01:17+00:00 DEBUG Tt4b_Pixel_Class::inject_view_content_event: Missing option "access_token"
2024-01-27T16:01:18+00:00 DEBUG Tt4b_Pixel_Class::inject_view_content_event: hit ViewContent
2024-01-27T16:01:18+00:00 DEBUG Tt4b_Pixel_Class::inject_view_content_event: Missing option "access_token"
2024-01-27T16:01:20+00:00 DEBUG Tt4b_Pixel_Class::inject_view_content_event: hit ViewContent
2024-01-27T16:01:20+00:00 DEBUG Tt4b_Pixel_Class::inject_view_content_event: Missing option "access_token"
2024-01-27T16:01:23+00:00 DEBUG Tt4b_Pixel_Class::inject_view_content_event: hit ViewContent
2024-01-27T16:01:23+00:00 DEBUG Tt4b_Pixel_Class::inject_view_content_event: Missing option "access_token"
2024-01-27T16:01:25+00:00 DEBUG Tt4b_Pixel_Class::inject_add_to_cart_event: hit AddToCart
2024-01-27T16:01:25+00:00 DEBUG Tt4b_Pixel_Class::inject_add_to_cart_event: Missing option "access_token"
2024-01-27T16:01:25+00:00 DEBUG Tt4b_Pixel_Class::inject_view_content_event: hit ViewContent
2024-01-27T16:01:25+00:00 DEBUG Tt4b_Pixel_Class::inject_view_content_event: Missing option "access_token"
2024-01-27T16:01:25+00:00 DEBUG Tt4b_Pixel_Class::inject_view_content_event: hit ViewContent
2024-01-27T16:01:25+00:00 DEBUG Tt4b_Pixel_Class::inject_view_content_event: Missing option "access_token"
2024-01-27T16:01:26+00:00 DEBUG Tt4b_Pixel_Class::inject_view_content_event: hit ViewContent
2024-01-27T16:01:26+00:00 DEBUG Tt4b_Pixel_Class::inject_view_content_event: Missing option "access_token"
2024-01-27T16:01:27+00:00 DEBUG Tt4b_Pixel_Class::inject_view_content_event: hit ViewContent
2024-01-27T16:01:27+00:00 DEBUG Tt4b_Pixel_Class::inject_view_content_event: Missing option "access_token"
2024-01-27T16:01:28+00:00 DEBUG Tt4b_Pixel_Class::inject_view_content_event: hit ViewContent
2024-01-27T16:01:28+00:00 DEBUG Tt4b_Pixel_Class::inject_view_content_event: Missing option "access_token"
2024-01-27T16:01:29+00:00 DEBUG Tt4b_Pixel_Class::inject_view_content_event: hit ViewContent
2024-01-27T16:01:29+00:00 DEBUG Tt4b_Pixel_Class::inject_view_content_event: Missing option "access_token"
2024-01-27T16:01:29+00:00 DEBUG Tt4b_Pixel_Class::inject_view_content_event: hit ViewContent
2024-01-27T16:01:29+00:00 DEBUG Tt4b_Pixel_Class::inject_view_content_event: Missing option "access_token"
2024-01-27T16:01:30+00:00 DEBUG Tt4b_Pixel_Class::inject_view_content_event: hit ViewContent
2024-01-27T16:01:30+00:00 DEBUG Tt4b_Pixel_Class::inject_view_content_event: Missing option "access_token"
2024-01-27T16:01:32+00:00 DEBUG Tt4b_Pixel_Class::inject_view_content_event: hit ViewContent
2024-01-27T16:01:32+00:00 DEBUG Tt4b_Pixel_Class::inject_view_content_event: Missing option "access_token"
2024-01-27T16:01:33+00:00 DEBUG Tt4b_Pixel_Class::inject_view_content_event: hit ViewContent
2024-01-27T16:01:33+00:00 DEBUG Tt4b_Pixel_Class::inject_view_content_event: Missing option "access_token"
2024-01-27T16:01:34+00:00 DEBUG Tt4b_Pixel_Class::inject_view_content_event: hit ViewContent
2024-01-27T16:01:34+00:00 DEBUG Tt4b_Pixel_Class::inject_view_content_event: Missing option "access_token"
2024-01-27T16:01:36+00:00 DEBUG Tt4b_Pixel_Class::inject_view_content_event: hit ViewContent
2024-01-27T16:01:36+00:00 DEBUG Tt4b_Pixel_Class::inject_view_content_event: Missing option "access_token"
2024-01-27T16:01:38+00:00 DEBUG Tt4b_Pixel_Class::inject_view_content_event: hit ViewContent
2024-01-27T16:01:38+00:00 DEBUG Tt4b_Pixel_Class::inject_view_content_event: Missing option "access_token"
2024-01-27T16:01:39+00:00 DEBUG Tt4b_Pixel_Class::inject_view_content_event: hit ViewContent
2024-01-27T16:01:39+00:00 DEBUG Tt4b_Pixel_Class::inject_view_content_event: Missing option "access_token"
2024-01-27T16:01:39+00:00 DEBUG Tt4b_Pixel_Class::inject_view_content_event: hit ViewContent
2024-01-27T16:01:39+00:00 DEBUG Tt4b_Pixel_Class::inject_view_content_event: Missing option "access_token"
2024-01-27T16:01:40+00:00 DEBUG Tt4b_Pixel_Class::inject_view_content_event: hit ViewContent
2024-01-27T16:01:40+00:00 DEBUG Tt4b_Pixel_Class::inject_view_content_event: Missing option "access_token"
2024-01-27T16:01:41+00:00 DEBUG Tt4b_Pixel_Class::inject_view_content_event: hit ViewContent
2024-01-27T16:01:41+00:00 DEBUG Tt4b_Pixel_Class::inject_view_content_event: Missing option "access_token"
2024-01-27T16:01:43+00:00 DEBUG Tt4b_Pixel_Class::inject_view_content_event: hit ViewContent
2024-01-27T16:01:43+00:00 DEBUG Tt4b_Pixel_Class::inject_view_content_event: Missing option "access_token"
2024-01-27T16:01:44+00:00 DEBUG Tt4b_Pixel_Class::inject_view_content_event: hit ViewContent
2024-01-27T16:01:44+00:00 DEBUG Tt4b_Pixel_Class::inject_view_content_event: Missing option "access_token"
2024-01-27T16:01:45+00:00 DEBUG Tt4b_Pixel_Class::inject_add_to_cart_event: hit AddToCart
2024-01-27T16:01:45+00:00 DEBUG Tt4b_Pixel_Class::inject_add_to_cart_event: Missing option "access_token"
2024-01-27T16:01:46+00:00 DEBUG Tt4b_Pixel_Class::inject_view_content_event: hit ViewContent
2024-01-27T16:01:46+00:00 DEBUG Tt4b_Pixel_Class::inject_view_content_event: Missing option "access_token"
2024-01-27T16:01:47+00:00 DEBUG Tt4b_Pixel_Class::inject_view_content_event: hit ViewContent
2024-01-27T16:01:47+00:00 DEBUG Tt4b_Pixel_Class::inject_view_content_event: Missing option "access_token"
2024-01-27T16:01:49+00:00 DEBUG Tt4b_Pixel_Class::inject_view_content_event: hit ViewContent
2024-01-27T16:01:49+00:00 DEBUG Tt4b_Pixel_Class::inject_view_content_event: Missing option "access_token"
2024-01-27T16:01:49+00:00 DEBUG Tt4b_Pixel_Class::inject_view_content_event: hit ViewContent
2024-01-27T16:01:49+00:00 DEBUG Tt4b_Pixel_Class::inject_view_content_event: Missing option "access_token"
2024-01-27T16:01:51+00:00 DEBUG Tt4b_Pixel_Class::inject_view_content_event: hit ViewContent
2024-01-27T16:01:51+00:00 DEBUG Tt4b_Pixel_Class::inject_view_content_event: Missing option "access_token"
2024-01-27T16:01:53+00:00 DEBUG Tt4b_Pixel_Class::inject_view_content_event: hit ViewContent
2024-01-27T16:01:53+00:00 DEBUG Tt4b_Pixel_Class::inject_view_content_event: Missing option "access_token"
2024-01-27T16:01:57+00:00 DEBUG Tt4b_Pixel_Class::inject_add_to_cart_event: hit AddToCart
2024-01-27T16:01:57+00:00 DEBUG Tt4b_Pixel_Class::inject_add_to_cart_event: Missing option "access_token"
2024-01-27T16:01:58+00:00 DEBUG Tt4b_Pixel_Class::inject_view_content_event: hit ViewContent
2024-01-27T16:01:58+00:00 DEBUG Tt4b_Pixel_Class::inject_view_content_event: Missing option "access_token"
2024-01-27T16:02:07+00:00 DEBUG Tt4b_Pixel_Class::inject_view_content_event: hit ViewContent
2024-01-27T16:02:07+00:00 DEBUG Tt4b_Pixel_Class::inject_view_content_event: Missing option "access_token"
2024-01-27T16:02:09+00:00 DEBUG Tt4b_Pixel_Class::inject_view_content_event: hit ViewContent
2024-01-27T16:02:09+00:00 DEBUG Tt4b_Pixel_Class::inject_view_content_event: Missing option "access_token"
2024-01-27T16:02:11+00:00 DEBUG Tt4b_Pixel_Class::inject_view_content_event: hit ViewContent
2024-01-27T16:02:11+00:00 DEBUG Tt4b_Pixel_Class::inject_view_content_event: Missing option "access_token"
2024-01-27T16:02:15+00:00 DEBUG Tt4b_Pixel_Class::inject_add_to_cart_event: hit AddToCart
2024-01-27T16:02:15+00:00 DEBUG Tt4b_Pixel_Class::inject_add_to_cart_event: Missing option "access_token"
2024-01-27T16:02:16+00:00 DEBUG Tt4b_Pixel_Class::inject_view_content_event: hit ViewContent
2024-01-27T16:02:16+00:00 DEBUG Tt4b_Pixel_Class::inject_view_content_event: Missing option "access_token"
2024-01-27T16:02:26+00:00 DEBUG Tt4b_Pixel_Class::inject_view_content_event: hit ViewContent
2024-01-27T16:02:26+00:00 DEBUG Tt4b_Pixel_Class::inject_view_content_event: Missing option "access_token"
2024-01-27T16:02:28+00:00 DEBUG Tt4b_Pixel_Class::inject_add_to_cart_event: hit AddToCart
2024-01-27T16:02:28+00:00 DEBUG Tt4b_Pixel_Class::inject_add_to_cart_event: Missing option "access_token"
2024-01-27T16:02:36+00:00 DEBUG Tt4b_Pixel_Class::inject_view_content_event: hit ViewContent
2024-01-27T16:02:36+00:00 DEBUG Tt4b_Pixel_Class::inject_view_content_event: Missing option "access_token"
2024-01-27T16:02:42+00:00 DEBUG Tt4b_Pixel_Class::inject_view_content_event: hit ViewContent
2024-01-27T16:02:42+00:00 DEBUG Tt4b_Pixel_Class::inject_view_content_event: Missing option "access_token"
2024-01-27T16:02:44+00:00 DEBUG Tt4b_Pixel_Class::inject_view_content_event: hit ViewContent
2024-01-27T16:02:44+00:00 DEBUG Tt4b_Pixel_Class::inject_view_content_event: Missing option "access_token"
2024-01-27T16:02:48+00:00 DEBUG Tt4b_Pixel_Class::inject_view_content_event: hit ViewContent
2024-01-27T16:02:48+00:00 DEBUG Tt4b_Pixel_Class::inject_view_content_event: Missing option "access_token"
2024-01-27T16:02:51+00:00 DEBUG Tt4b_Pixel_Class::inject_view_content_event: hit ViewContent
2024-01-27T16:02:51+00:00 DEBUG Tt4b_Pixel_Class::inject_view_content_event: Missing option "access_token"
2024-01-27T16:02:51+00:00 DEBUG Tt4b_Pixel_Class::inject_add_to_cart_event: hit AddToCart
2024-01-27T16:02:51+00:00 DEBUG Tt4b_Pixel_Class::inject_add_to_cart_event: Missing option "access_token"
2024-01-27T16:02:53+00:00 DEBUG Tt4b_Pixel_Class::inject_view_content_event: hit ViewContent
2024-01-27T16:02:53+00:00 DEBUG Tt4b_Pixel_Class::inject_view_content_event: Missing option "access_token"
2024-01-27T16:02:59+00:00 DEBUG Tt4b_Pixel_Class::inject_view_content_event: hit ViewContent
2024-01-27T16:02:59+00:00 DEBUG Tt4b_Pixel_Class::inject_view_content_event: Missing option "access_token"
2024-01-27T16:03:08+00:00 DEBUG Tt4b_Pixel_Class::inject_add_to_cart_event: hit AddToCart
2024-01-27T16:03:08+00:00 DEBUG Tt4b_Pixel_Class::inject_add_to_cart_event: Missing option "access_token"
2024-01-27T16:03:12+00:00 DEBUG Tt4b_Pixel_Class::inject_view_content_event: hit ViewContent
2024-01-27T16:03:12+00:00 DEBUG Tt4b_Pixel_Class::inject_view_content_event: Missing option "access_token"
2024-01-27T16:03:19+00:00 DEBUG Tt4b_Pixel_Class::inject_view_content_event: hit ViewContent
2024-01-27T16:03:19+00:00 DEBUG Tt4b_Pixel_Class::inject_view_content_event: Missing option "access_token"
2024-01-27T16:03:21+00:00 DEBUG Tt4b_Pixel_Class::inject_add_to_cart_event: hit AddToCart
2024-01-27T16:03:21+00:00 DEBUG Tt4b_Pixel_Class::inject_add_to_cart_event: Missing option "access_token"
2024-01-27T16:03:21+00:00 DEBUG Tt4b_Pixel_Class::inject_view_content_event: hit ViewContent
2024-01-27T16:03:21+00:00 DEBUG Tt4b_Pixel_Class::inject_view_content_event: Missing option "access_token"
2024-01-27T16:03:21+00:00 DEBUG Tt4b_Pixel_Class::inject_add_to_cart_event: hit AddToCart
2024-01-27T16:03:21+00:00 DEBUG Tt4b_Pixel_Class::inject_add_to_cart_event: Missing option "access_token"
2024-01-27T16:03:23+00:00 DEBUG Tt4b_Pixel_Class::inject_add_to_cart_event: hit AddToCart
2024-01-27T16:03:23+00:00 DEBUG Tt4b_Pixel_Class::inject_add_to_cart_event: Missing option "access_token"
2024-01-27T16:03:25+00:00 DEBUG Tt4b_Pixel_Class::inject_add_to_cart_event: hit AddToCart
2024-01-27T16:03:25+00:00 DEBUG Tt4b_Pixel_Class::inject_add_to_cart_event: Missing option "access_token"
2024-01-27T16:03:26+00:00 DEBUG Tt4b_Pixel_Class::inject_add_to_cart_event: hit AddToCart
2024-01-27T16:03:26+00:00 DEBUG Tt4b_Pixel_Class::inject_add_to_cart_event: Missing option "access_token"
2024-01-27T16:03:28+00:00 DEBUG Tt4b_Pixel_Class::inject_add_to_cart_event: hit AddToCart
2024-01-27T16:03:28+00:00 DEBUG Tt4b_Pixel_Class::inject_add_to_cart_event: Missing option "access_token"
2024-01-27T16:03:32+00:00 DEBUG Tt4b_Pixel_Class::inject_add_to_cart_event: hit AddToCart
2024-01-27T16:03:32+00:00 DEBUG Tt4b_Pixel_Class::inject_add_to_cart_event: Missing option "access_token"
2024-01-27T16:03:35+00:00 DEBUG Tt4b_Pixel_Class::inject_view_content_event: hit ViewContent
2024-01-27T16:03:35+00:00 DEBUG Tt4b_Pixel_Class::inject_view_content_event: Missing option "access_token"
2024-01-27T16:03:38+00:00 DEBUG Tt4b_Pixel_Class::inject_view_content_event: hit ViewContent
2024-01-27T16:03:38+00:00 DEBUG Tt4b_Pixel_Class::inject_view_content_event: Missing option "access_token"
2024-01-27T16:03:40+00:00 DEBUG Tt4b_Pixel_Class::inject_view_content_event: hit ViewContent
2024-01-27T16:03:40+00:00 DEBUG Tt4b_Pixel_Class::inject_view_content_event: Missing option "access_token"
2024-01-27T16:03:44+00:00 DEBUG Tt4b_Pixel_Class::inject_view_content_event: hit ViewContent
2024-01-27T16:03:44+00:00 DEBUG Tt4b_Pixel_Class::inject_view_content_event: Missing option "access_token"
2024-01-27T16:03:50+00:00 DEBUG Tt4b_Pixel_Class::inject_view_content_event: hit ViewContent
2024-01-27T16:03:50+00:00 DEBUG Tt4b_Pixel_Class::inject_view_content_event: Missing option "access_token"
2024-01-27T16:03:55+00:00 DEBUG Tt4b_Pixel_Class::inject_add_to_cart_event: hit AddToCart
2024-01-27T16:03:55+00:00 DEBUG Tt4b_Pixel_Class::inject_add_to_cart_event: Missing option "access_token"
2024-01-27T16:03:57+00:00 DEBUG Tt4b_Pixel_Class::inject_add_to_cart_event: hit AddToCart
2024-01-27T16:03:57+00:00 DEBUG Tt4b_Pixel_Class::inject_add_to_cart_event: Missing option "access_token"
2024-01-27T16:04:00+00:00 DEBUG Tt4b_Pixel_Class::inject_view_content_event: hit ViewContent
2024-01-27T16:04:00+00:00 DEBUG Tt4b_Pixel_Class::inject_view_content_event: Missing option "access_token"
2024-01-27T16:04:25+00:00 DEBUG Tt4b_Pixel_Class::inject_add_to_cart_event: hit AddToCart
2024-01-27T16:04:25+00:00 DEBUG Tt4b_Pixel_Class::inject_add_to_cart_event: Missing option "access_token"
2024-01-27T16:04:28+00:00 DEBUG Tt4b_Pixel_Class::inject_add_to_cart_event: hit AddToCart
2024-01-27T16:04:28+00:00 DEBUG Tt4b_Pixel_Class::inject_add_to_cart_event: Missing option "access_token"
2024-01-27T16:04:30+00:00 DEBUG Tt4b_Pixel_Class::inject_add_to_cart_event: hit AddToCart
2024-01-27T16:04:30+00:00 DEBUG Tt4b_Pixel_Class::inject_add_to_cart_event: Missing option "access_token"
2024-01-27T16:04:33+00:00 DEBUG Tt4b_Pixel_Class::inject_add_to_cart_event: hit AddToCart
2024-01-27T16:04:33+00:00 DEBUG Tt4b_Pixel_Class::inject_add_to_cart_event: Missing option "access_token"
2024-01-27T16:04:35+00:00 DEBUG Tt4b_Pixel_Class::inject_view_content_event: hit ViewContent
2024-01-27T16:04:35+00:00 DEBUG Tt4b_Pixel_Class::inject_view_content_event: Missing option "access_token"
2024-01-27T16:04:35+00:00 DEBUG Tt4b_Pixel_Class::inject_add_to_cart_event: hit AddToCart
2024-01-27T16:04:35+00:00 DEBUG Tt4b_Pixel_Class::inject_add_to_cart_event: Missing option "access_token"
2024-01-27T16:04:37+00:00 DEBUG Tt4b_Pixel_Class::inject_add_to_cart_event: hit AddToCart
2024-01-27T16:04:37+00:00 DEBUG Tt4b_Pixel_Class::inject_add_to_cart_event: Missing option "access_token"
2024-01-27T16:04:38+00:00 DEBUG Tt4b_Pixel_Class::inject_add_to_cart_event: hit AddToCart
2024-01-27T16:04:38+00:00 DEBUG Tt4b_Pixel_Class::inject_add_to_cart_event: Missing option "access_token"
2024-01-27T16:04:38+00:00 DEBUG Tt4b_Pixel_Class::inject_view_content_event: hit ViewContent
2024-01-27T16:04:38+00:00 DEBUG Tt4b_Pixel_Class::inject_view_content_event: Missing option "access_token"
2024-01-27T16:04:46+00:00 DEBUG Tt4b_Pixel_Class::inject_view_content_event: hit ViewContent
2024-01-27T16:04:46+00:00 DEBUG Tt4b_Pixel_Class::inject_view_content_event: Missing option "access_token"
2024-01-27T16:04:57+00:00 DEBUG Tt4b_Pixel_Class::inject_add_to_cart_event: hit AddToCart
2024-01-27T16:04:57+00:00 DEBUG Tt4b_Pixel_Class::inject_add_to_cart_event: Missing option "access_token"
2024-01-27T16:05:10+00:00 DEBUG Tt4b_Pixel_Class::inject_view_content_event: hit ViewContent
2024-01-27T16:05:10+00:00 DEBUG Tt4b_Pixel_Class::inject_view_content_event: Missing option "access_token"
2024-01-27T16:05:11+00:00 DEBUG Tt4b_Pixel_Class::inject_add_to_cart_event: hit AddToCart
2024-01-27T16:05:11+00:00 DEBUG Tt4b_Pixel_Class::inject_add_to_cart_event: Missing option "access_token"
2024-01-27T16:05:21+00:00 DEBUG Tt4b_Pixel_Class::inject_view_content_event: hit ViewContent
2024-01-27T16:05:21+00:00 DEBUG Tt4b_Pixel_Class::inject_view_content_event: Missing option "access_token"
2024-01-27T16:05:41+00:00 DEBUG Tt4b_Pixel_Class::inject_add_to_cart_event: hit AddToCart
2024-01-27T16:05:41+00:00 DEBUG Tt4b_Pixel_Class::inject_add_to_cart_event: Missing option "access_token"
2024-01-27T16:05:41+00:00 DEBUG Tt4b_Pixel_Class::inject_view_content_event: hit ViewContent
2024-01-27T16:05:41+00:00 DEBUG Tt4b_Pixel_Class::inject_view_content_event: Missing option "access_token"
2024-01-27T16:05:45+00:00 DEBUG Tt4b_Pixel_Class::inject_add_to_cart_event: hit AddToCart
2024-01-27T16:05:45+00:00 DEBUG Tt4b_Pixel_Class::inject_add_to_cart_event: Missing option "access_token"
2024-01-27T16:05:52+00:00 DEBUG Tt4b_Pixel_Class::inject_view_content_event: hit ViewContent
2024-01-27T16:05:52+00:00 DEBUG Tt4b_Pixel_Class::inject_view_content_event: Missing option "access_token"
2024-01-27T16:06:01+00:00 DEBUG Tt4b_Pixel_Class::inject_view_content_event: hit ViewContent
2024-01-27T16:06:01+00:00 DEBUG Tt4b_Pixel_Class::inject_view_content_event: Missing option "access_token"
2024-01-27T16:06:39+00:00 DEBUG Tt4b_Pixel_Class::inject_view_content_event: hit ViewContent
2024-01-27T16:06:39+00:00 DEBUG Tt4b_Pixel_Class::inject_view_content_event: Missing option "access_token"
2024-01-27T16:06:42+00:00 DEBUG Tt4b_Pixel_Class::inject_add_to_cart_event: hit AddToCart
2024-01-27T16:06:42+00:00 DEBUG Tt4b_Pixel_Class::inject_add_to_cart_event: Missing option "access_token"
2024-01-27T16:06:59+00:00 DEBUG Tt4b_Pixel_Class::inject_view_content_event: hit ViewContent
2024-01-27T16:06:59+00:00 DEBUG Tt4b_Pixel_Class::inject_view_content_event: Missing option "access_token"
2024-01-27T16:07:11+00:00 DEBUG Tt4b_Pixel_Class::inject_add_to_cart_event: hit AddToCart
2024-01-27T16:07:11+00:00 DEBUG Tt4b_Pixel_Class::inject_add_to_cart_event: Missing option "access_token"
2024-01-27T16:07:19+00:00 DEBUG Tt4b_Pixel_Class::inject_view_content_event: hit ViewContent
2024-01-27T16:07:19+00:00 DEBUG Tt4b_Pixel_Class::inject_view_content_event: Missing option "access_token"
2024-01-27T16:07:29+00:00 DEBUG Tt4b_Pixel_Class::inject_view_content_event: hit ViewContent
2024-01-27T16:07:29+00:00 DEBUG Tt4b_Pixel_Class::inject_view_content_event: Missing option "access_token"
2024-01-27T16:07:38+00:00 DEBUG Tt4b_Pixel_Class::inject_add_to_cart_event: hit AddToCart
2024-01-27T16:07:38+00:00 DEBUG Tt4b_Pixel_Class::inject_add_to_cart_event: Missing option "access_token"
2024-01-27T16:07:49+00:00 DEBUG Tt4b_Pixel_Class::inject_view_content_event: hit ViewContent
2024-01-27T16:07:49+00:00 DEBUG Tt4b_Pixel_Class::inject_view_content_event: Missing option "access_token"
2024-01-27T16:07:56+00:00 DEBUG Tt4b_Pixel_Class::inject_view_content_event: hit ViewContent
2024-01-27T16:07:56+00:00 DEBUG Tt4b_Pixel_Class::inject_view_content_event: Missing option "access_token"
2024-01-27T16:08:15+00:00 DEBUG Tt4b_Pixel_Class::inject_add_to_cart_event: hit AddToCart
2024-01-27T16:08:15+00:00 DEBUG Tt4b_Pixel_Class::inject_add_to_cart_event: Missing option "access_token"
2024-01-27T16:08:24+00:00 DEBUG Tt4b_Pixel_Class::inject_view_content_event: hit ViewContent
2024-01-27T16:08:24+00:00 DEBUG Tt4b_Pixel_Class::inject_view_content_event: Missing option "access_token"
2024-01-27T16:08:30+00:00 DEBUG Tt4b_Pixel_Class::inject_view_content_event: hit ViewContent
2024-01-27T16:08:30+00:00 DEBUG Tt4b_Pixel_Class::inject_view_content_event: Missing option "access_token"
2024-01-27T16:08:44+00:00 DEBUG Tt4b_Pixel_Class::inject_add_to_cart_event: hit AddToCart
2024-01-27T16:08:44+00:00 DEBUG Tt4b_Pixel_Class::inject_add_to_cart_event: Missing option "access_token"
2024-01-27T16:08:56+00:00 DEBUG Tt4b_Pixel_Class::inject_view_content_event: hit ViewContent
2024-01-27T16:08:56+00:00 DEBUG Tt4b_Pixel_Class::inject_view_content_event: Missing option "access_token"
2024-01-27T16:09:03+00:00 DEBUG Tt4b_Pixel_Class::inject_view_content_event: hit ViewContent
2024-01-27T16:09:03+00:00 DEBUG Tt4b_Pixel_Class::inject_view_content_event: Missing option "access_token"
2024-01-27T16:09:09+00:00 DEBUG Tt4b_Pixel_Class::inject_add_to_cart_event: hit AddToCart
2024-01-27T16:09:09+00:00 DEBUG Tt4b_Pixel_Class::inject_add_to_cart_event: Missing option "access_token"
2024-01-27T16:09:15+00:00 DEBUG Tt4b_Pixel_Class::inject_view_content_event: hit ViewContent
2024-01-27T16:09:15+00:00 DEBUG Tt4b_Pixel_Class::inject_view_content_event: Missing option "access_token"
2024-01-27T16:09:18+00:00 DEBUG Tt4b_Pixel_Class::inject_view_content_event: hit ViewContent
2024-01-27T16:09:18+00:00 DEBUG Tt4b_Pixel_Class::inject_view_content_event: Missing option "access_token"
2024-01-27T16:09:29+00:00 DEBUG Tt4b_Pixel_Class::inject_add_to_cart_event: hit AddToCart
2024-01-27T16:09:29+00:00 DEBUG Tt4b_Pixel_Class::inject_add_to_cart_event: Missing option "access_token"
2024-01-27T16:09:29+00:00 DEBUG Tt4b_Pixel_Class::inject_add_to_cart_event: hit AddToCart
2024-01-27T16:09:29+00:00 DEBUG Tt4b_Pixel_Class::inject_add_to_cart_event: Missing option "access_token"
2024-01-27T16:09:32+00:00 DEBUG Tt4b_Pixel_Class::inject_add_to_cart_event: hit AddToCart
2024-01-27T16:09:32+00:00 DEBUG Tt4b_Pixel_Class::inject_add_to_cart_event: Missing option "access_token"
2024-01-27T16:09:33+00:00 DEBUG Tt4b_Pixel_Class::inject_view_content_event: hit ViewContent
2024-01-27T16:09:33+00:00 DEBUG Tt4b_Pixel_Class::inject_view_content_event: Missing option "access_token"
2024-01-27T16:09:41+00:00 DEBUG Tt4b_Pixel_Class::inject_add_to_cart_event: hit AddToCart
2024-01-27T16:09:41+00:00 DEBUG Tt4b_Pixel_Class::inject_add_to_cart_event: Missing option "access_token"
2024-01-27T16:09:43+00:00 DEBUG Tt4b_Pixel_Class::inject_view_content_event: hit ViewContent
2024-01-27T16:09:43+00:00 DEBUG Tt4b_Pixel_Class::inject_view_content_event: Missing option "access_token"
2024-01-27T16:09:44+00:00 DEBUG Tt4b_Pixel_Class::inject_add_to_cart_event: hit AddToCart
2024-01-27T16:09:44+00:00 DEBUG Tt4b_Pixel_Class::inject_add_to_cart_event: Missing option "access_token"
2024-01-27T16:09:55+00:00 DEBUG Tt4b_Pixel_Class::inject_add_to_cart_event: hit AddToCart
2024-01-27T16:09:55+00:00 DEBUG Tt4b_Pixel_Class::inject_add_to_cart_event: Missing option "access_token"
2024-01-27T16:10:11+00:00 DEBUG Tt4b_Pixel_Class::inject_view_content_event: hit ViewContent
2024-01-27T16:10:11+00:00 DEBUG Tt4b_Pixel_Class::inject_view_content_event: Missing option "access_token"
2024-01-27T16:10:13+00:00 DEBUG Tt4b_Pixel_Class::inject_add_to_cart_event: hit AddToCart
2024-01-27T16:10:13+00:00 DEBUG Tt4b_Pixel_Class::inject_add_to_cart_event: Missing option "access_token"
2024-01-27T16:10:16+00:00 DEBUG Tt4b_Pixel_Class::inject_view_content_event: hit ViewContent
2024-01-27T16:10:16+00:00 DEBUG Tt4b_Pixel_Class::inject_view_content_event: Missing option "access_token"
2024-01-27T16:10:18+00:00 DEBUG Tt4b_Pixel_Class::inject_view_content_event: hit ViewContent
2024-01-27T16:10:18+00:00 DEBUG Tt4b_Pixel_Class::inject_view_content_event: Missing option "access_token"
2024-01-27T16:10:21+00:00 DEBUG Tt4b_Pixel_Class::inject_view_content_event: hit ViewContent
2024-01-27T16:10:21+00:00 DEBUG Tt4b_Pixel_Class::inject_view_content_event: Missing option "access_token"
2024-01-27T16:10:23+00:00 DEBUG Tt4b_Pixel_Class::inject_view_content_event: hit ViewContent
2024-01-27T16:10:23+00:00 DEBUG Tt4b_Pixel_Class::inject_view_content_event: Missing option "access_token"
2024-01-27T16:10:29+00:00 DEBUG Tt4b_Pixel_Class::inject_add_to_cart_event: hit AddToCart
2024-01-27T16:10:29+00:00 DEBUG Tt4b_Pixel_Class::inject_add_to_cart_event: Missing option "access_token"
2024-01-27T16:10:29+00:00 DEBUG Tt4b_Pixel_Class::inject_view_content_event: hit ViewContent
2024-01-27T16:10:29+00:00 DEBUG Tt4b_Pixel_Class::inject_view_content_event: Missing option "access_token"
2024-01-27T16:10:32+00:00 DEBUG Tt4b_Pixel_Class::inject_add_to_cart_event: hit AddToCart
2024-01-27T16:10:32+00:00 DEBUG Tt4b_Pixel_Class::inject_add_to_cart_event: Missing option "access_token"
2024-01-27T16:10:37+00:00 DEBUG Tt4b_Pixel_Class::inject_view_content_event: hit ViewContent
2024-01-27T16:10:37+00:00 DEBUG Tt4b_Pixel_Class::inject_view_content_event: Missing option "access_token"
2024-01-27T16:10:54+00:00 DEBUG Tt4b_Pixel_Class::inject_add_to_cart_event: hit AddToCart
2024-01-27T16:10:54+00:00 DEBUG Tt4b_Pixel_Class::inject_add_to_cart_event: Missing option "access_token"
2024-01-27T16:11:06+00:00 DEBUG Tt4b_Pixel_Class::inject_view_content_event: hit ViewContent
2024-01-27T16:11:06+00:00 DEBUG Tt4b_Pixel_Class::inject_view_content_event: Missing option "access_token"
2024-01-27T16:11:09+00:00 DEBUG Tt4b_Pixel_Class::inject_view_content_event: hit ViewContent
2024-01-27T16:11:09+00:00 DEBUG Tt4b_Pixel_Class::inject_view_content_event: Missing option "access_token"
2024-01-27T16:11:14+00:00 DEBUG Tt4b_Pixel_Class::inject_add_to_cart_event: hit AddToCart
2024-01-27T16:11:14+00:00 DEBUG Tt4b_Pixel_Class::inject_add_to_cart_event: Missing option "access_token"
2024-01-27T16:11:15+00:00 DEBUG Tt4b_Pixel_Class::inject_view_content_event: hit ViewContent
2024-01-27T16:11:15+00:00 DEBUG Tt4b_Pixel_Class::inject_view_content_event: Missing option "access_token"
2024-01-27T16:11:16+00:00 DEBUG Tt4b_Pixel_Class::inject_view_content_event: hit ViewContent
2024-01-27T16:11:16+00:00 DEBUG Tt4b_Pixel_Class::inject_view_content_event: Missing option "access_token"
2024-01-27T16:11:34+00:00 DEBUG Tt4b_Pixel_Class::inject_add_to_cart_event: hit AddToCart
2024-01-27T16:11:34+00:00 DEBUG Tt4b_Pixel_Class::inject_add_to_cart_event: Missing option "access_token"
2024-01-27T16:12:15+00:00 DEBUG Tt4b_Pixel_Class::inject_add_to_cart_event: hit AddToCart
2024-01-27T16:12:15+00:00 DEBUG Tt4b_Pixel_Class::inject_add_to_cart_event: Missing option "access_token"
2024-01-27T16:12:18+00:00 DEBUG Tt4b_Pixel_Class::inject_add_to_cart_event: hit AddToCart
2024-01-27T16:12:18+00:00 DEBUG Tt4b_Pixel_Class::inject_add_to_cart_event: Missing option "access_token"
2024-01-27T16:12:20+00:00 DEBUG Tt4b_Pixel_Class::inject_add_to_cart_event: hit AddToCart
2024-01-27T16:12:20+00:00 DEBUG Tt4b_Pixel_Class::inject_add_to_cart_event: Missing option "access_token"
2024-01-27T16:12:23+00:00 DEBUG Tt4b_Pixel_Class::inject_add_to_cart_event: hit AddToCart
2024-01-27T16:12:23+00:00 DEBUG Tt4b_Pixel_Class::inject_add_to_cart_event: Missing option "access_token"
2024-01-27T16:12:42+00:00 DEBUG Tt4b_Pixel_Class::inject_add_to_cart_event: hit AddToCart
2024-01-27T16:12:42+00:00 DEBUG Tt4b_Pixel_Class::inject_add_to_cart_event: Missing option "access_token"
2024-01-27T16:13:19+00:00 DEBUG Tt4b_Pixel_Class::inject_add_to_cart_event: hit AddToCart
2024-01-27T16:13:19+00:00 DEBUG Tt4b_Pixel_Class::inject_add_to_cart_event: Missing option "access_token"
2024-01-27T16:13:40+00:00 DEBUG Tt4b_Pixel_Class::inject_add_to_cart_event: hit AddToCart
2024-01-27T16:13:40+00:00 DEBUG Tt4b_Pixel_Class::inject_add_to_cart_event: Missing option "access_token"
2024-01-27T16:13:41+00:00 DEBUG Tt4b_Pixel_Class::inject_view_content_event: hit ViewContent
2024-01-27T16:13:41+00:00 DEBUG Tt4b_Pixel_Class::inject_view_content_event: Missing option "access_token"
2024-01-27T16:13:53+00:00 DEBUG Tt4b_Pixel_Class::inject_add_to_cart_event: hit AddToCart
2024-01-27T16:13:53+00:00 DEBUG Tt4b_Pixel_Class::inject_add_to_cart_event: Missing option "access_token"
2024-01-27T16:14:38+00:00 DEBUG Tt4b_Pixel_Class::inject_add_to_cart_event: hit AddToCart
2024-01-27T16:14:38+00:00 DEBUG Tt4b_Pixel_Class::inject_add_to_cart_event: Missing option "access_token"
2024-01-27T16:14:40+00:00 DEBUG Tt4b_Pixel_Class::inject_add_to_cart_event: hit AddToCart
2024-01-27T16:14:40+00:00 DEBUG Tt4b_Pixel_Class::inject_add_to_cart_event: Missing option "access_token"
2024-01-27T16:14:43+00:00 DEBUG Tt4b_Pixel_Class::inject_add_to_cart_event: hit AddToCart
2024-01-27T16:14:43+00:00 DEBUG Tt4b_Pixel_Class::inject_add_to_cart_event: Missing option "access_token"
2024-01-27T16:14:45+00:00 DEBUG Tt4b_Pixel_Class::inject_add_to_cart_event: hit AddToCart
2024-01-27T16:14:45+00:00 DEBUG Tt4b_Pixel_Class::inject_add_to_cart_event: Missing option "access_token"
2024-01-27T16:14:47+00:00 DEBUG Tt4b_Pixel_Class::inject_add_to_cart_event: hit AddToCart
2024-01-27T16:14:47+00:00 DEBUG Tt4b_Pixel_Class::inject_add_to_cart_event: Missing option "access_token"
2024-01-27T16:14:49+00:00 DEBUG Tt4b_Pixel_Class::inject_add_to_cart_event: hit AddToCart
2024-01-27T16:14:49+00:00 DEBUG Tt4b_Pixel_Class::inject_add_to_cart_event: Missing option "access_token"
2024-01-27T16:15:29+00:00 DEBUG Tt4b_Pixel_Class::inject_add_to_cart_event: hit AddToCart
2024-01-27T16:15:29+00:00 DEBUG Tt4b_Pixel_Class::inject_add_to_cart_event: Missing option "access_token"
2024-01-27T16:16:05+00:00 DEBUG Tt4b_Pixel_Class::inject_add_to_cart_event: hit AddToCart
2024-01-27T16:16:05+00:00 DEBUG Tt4b_Pixel_Class::inject_add_to_cart_event: Missing option "access_token"
2024-01-27T16:16:30+00:00 DEBUG Tt4b_Pixel_Class::inject_add_to_cart_event: hit AddToCart
2024-01-27T16:16:30+00:00 DEBUG Tt4b_Pixel_Class::inject_add_to_cart_event: Missing option "access_token"
2024-01-27T16:16:52+00:00 DEBUG Tt4b_Pixel_Class::inject_add_to_cart_event: hit AddToCart
2024-01-27T16:16:52+00:00 DEBUG Tt4b_Pixel_Class::inject_add_to_cart_event: Missing option "access_token"
2024-01-27T16:16:52+00:00 DEBUG Tt4b_Pixel_Class::inject_view_content_event: hit ViewContent
2024-01-27T16:16:52+00:00 DEBUG Tt4b_Pixel_Class::inject_view_content_event: Missing option "access_token"
2024-01-27T16:16:53+00:00 DEBUG Tt4b_Pixel_Class::inject_add_to_cart_event: hit AddToCart
2024-01-27T16:16:53+00:00 DEBUG Tt4b_Pixel_Class::inject_add_to_cart_event: Missing option "access_token"
2024-01-27T16:16:59+00:00 DEBUG Tt4b_Pixel_Class::inject_add_to_cart_event: hit AddToCart
2024-01-27T16:16:59+00:00 DEBUG Tt4b_Pixel_Class::inject_add_to_cart_event: Missing option "access_token"
2024-01-27T16:16:59+00:00 DEBUG Tt4b_Pixel_Class::inject_view_content_event: hit ViewContent
2024-01-27T16:16:59+00:00 DEBUG Tt4b_Pixel_Class::inject_view_content_event: Missing option "access_token"
2024-01-27T16:17:12+00:00 DEBUG Tt4b_Pixel_Class::inject_add_to_cart_event: hit AddToCart
2024-01-27T16:17:12+00:00 DEBUG Tt4b_Pixel_Class::inject_add_to_cart_event: Missing option "access_token"
2024-01-27T16:17:18+00:00 DEBUG Tt4b_Pixel_Class::inject_add_to_cart_event: hit AddToCart
2024-01-27T16:17:18+00:00 DEBUG Tt4b_Pixel_Class::inject_add_to_cart_event: Missing option "access_token"
2024-01-27T16:17:18+00:00 DEBUG Tt4b_Pixel_Class::inject_view_content_event: hit ViewContent
2024-01-27T16:17:18+00:00 DEBUG Tt4b_Pixel_Class::inject_view_content_event: Missing option "access_token"
2024-01-27T16:17:20+00:00 DEBUG Tt4b_Pixel_Class::inject_view_content_event: hit ViewContent
2024-01-27T16:17:20+00:00 DEBUG Tt4b_Pixel_Class::inject_view_content_event: Missing option "access_token"
2024-01-27T16:17:23+00:00 DEBUG Tt4b_Pixel_Class::inject_view_content_event: hit ViewContent
2024-01-27T16:17:23+00:00 DEBUG Tt4b_Pixel_Class::inject_view_content_event: Missing option "access_token"
2024-01-27T16:17:25+00:00 DEBUG Tt4b_Pixel_Class::inject_view_content_event: hit ViewContent
2024-01-27T16:17:25+00:00 DEBUG Tt4b_Pixel_Class::inject_view_content_event: Missing option "access_token"
2024-01-27T16:17:27+00:00 DEBUG Tt4b_Pixel_Class::inject_view_content_event: hit ViewContent
2024-01-27T16:17:27+00:00 DEBUG Tt4b_Pixel_Class::inject_view_content_event: Missing option "access_token"
2024-01-27T16:17:29+00:00 DEBUG Tt4b_Pixel_Class::inject_view_content_event: hit ViewContent
2024-01-27T16:17:29+00:00 DEBUG Tt4b_Pixel_Class::inject_view_content_event: Missing option "access_token"
2024-01-27T16:17:30+00:00 DEBUG Tt4b_Pixel_Class::inject_view_content_event: hit ViewContent
2024-01-27T16:17:30+00:00 DEBUG Tt4b_Pixel_Class::inject_view_content_event: Missing option "access_token"
2024-01-27T16:17:32+00:00 DEBUG Tt4b_Pixel_Class::inject_view_content_event: hit ViewContent
2024-01-27T16:17:32+00:00 DEBUG Tt4b_Pixel_Class::inject_view_content_event: Missing option "access_token"
2024-01-27T16:17:33+00:00 DEBUG Tt4b_Pixel_Class::inject_add_to_cart_event: hit AddToCart
2024-01-27T16:17:33+00:00 DEBUG Tt4b_Pixel_Class::inject_add_to_cart_event: Missing option "access_token"
2024-01-27T16:17:34+00:00 DEBUG Tt4b_Pixel_Class::inject_view_content_event: hit ViewContent
2024-01-27T16:17:34+00:00 DEBUG Tt4b_Pixel_Class::inject_view_content_event: Missing option "access_token"
2024-01-27T16:17:36+00:00 DEBUG Tt4b_Pixel_Class::inject_view_content_event: hit ViewContent
2024-01-27T16:17:36+00:00 DEBUG Tt4b_Pixel_Class::inject_view_content_event: Missing option "access_token"
2024-01-27T16:17:38+00:00 DEBUG Tt4b_Pixel_Class::inject_view_content_event: hit ViewContent
2024-01-27T16:17:38+00:00 DEBUG Tt4b_Pixel_Class::inject_view_content_event: Missing option "access_token"
2024-01-27T16:17:39+00:00 DEBUG Tt4b_Pixel_Class::inject_view_content_event: hit ViewContent
2024-01-27T16:17:39+00:00 DEBUG Tt4b_Pixel_Class::inject_view_content_event: Missing option "access_token"
2024-01-27T16:17:41+00:00 DEBUG Tt4b_Pixel_Class::inject_view_content_event: hit ViewContent
2024-01-27T16:17:41+00:00 DEBUG Tt4b_Pixel_Class::inject_view_content_event: Missing option "access_token"
2024-01-27T16:17:43+00:00 DEBUG Tt4b_Pixel_Class::inject_view_content_event: hit ViewContent
2024-01-27T16:17:43+00:00 DEBUG Tt4b_Pixel_Class::inject_view_content_event: Missing option "access_token"
2024-01-27T16:17:45+00:00 DEBUG Tt4b_Pixel_Class::inject_view_content_event: hit ViewContent
2024-01-27T16:17:45+00:00 DEBUG Tt4b_Pixel_Class::inject_view_content_event: Missing option "access_token"
2024-01-27T16:17:46+00:00 DEBUG Tt4b_Pixel_Class::inject_view_content_event: hit ViewContent
2024-01-27T16:17:46+00:00 DEBUG Tt4b_Pixel_Class::inject_view_content_event: Missing option "access_token"
2024-01-27T16:17:48+00:00 DEBUG Tt4b_Pixel_Class::inject_view_content_event: hit ViewContent
2024-01-27T16:17:48+00:00 DEBUG Tt4b_Pixel_Class::inject_view_content_event: Missing option "access_token"
2024-01-27T16:17:50+00:00 DEBUG Tt4b_Pixel_Class::inject_view_content_event: hit ViewContent
2024-01-27T16:17:50+00:00 DEBUG Tt4b_Pixel_Class::inject_view_content_event: Missing option "access_token"
2024-01-27T16:17:50+00:00 DEBUG Tt4b_Pixel_Class::inject_add_to_cart_event: hit AddToCart
2024-01-27T16:17:50+00:00 DEBUG Tt4b_Pixel_Class::inject_add_to_cart_event: Missing option "access_token"
2024-01-27T16:18:08+00:00 DEBUG Tt4b_Pixel_Class::inject_view_content_event: hit ViewContent
2024-01-27T16:18:08+00:00 DEBUG Tt4b_Pixel_Class::inject_view_content_event: Missing option "access_token"
2024-01-27T16:18:11+00:00 DEBUG Tt4b_Pixel_Class::inject_add_to_cart_event: hit AddToCart
2024-01-27T16:18:11+00:00 DEBUG Tt4b_Pixel_Class::inject_add_to_cart_event: Missing option "access_token"
2024-01-27T16:18:27+00:00 DEBUG Tt4b_Pixel_Class::inject_view_content_event: hit ViewContent
2024-01-27T16:18:27+00:00 DEBUG Tt4b_Pixel_Class::inject_view_content_event: Missing option "access_token"
2024-01-27T16:18:29+00:00 DEBUG Tt4b_Pixel_Class::inject_add_to_cart_event: hit AddToCart
2024-01-27T16:18:29+00:00 DEBUG Tt4b_Pixel_Class::inject_add_to_cart_event: Missing option "access_token"
2024-01-27T16:19:04+00:00 DEBUG Tt4b_Pixel_Class::inject_view_content_event: hit ViewContent
2024-01-27T16:19:04+00:00 DEBUG Tt4b_Pixel_Class::inject_view_content_event: Missing option "access_token"
2024-01-27T16:19:08+00:00 DEBUG Tt4b_Pixel_Class::inject_add_to_cart_event: hit AddToCart
2024-01-27T16:19:08+00:00 DEBUG Tt4b_Pixel_Class::inject_add_to_cart_event: Missing option "access_token"
2024-01-27T16:19:12+00:00 DEBUG Tt4b_Pixel_Class::inject_add_to_cart_event: hit AddToCart
2024-01-27T16:19:12+00:00 DEBUG Tt4b_Pixel_Class::inject_add_to_cart_event: Missing option "access_token"
2024-01-27T16:19:15+00:00 DEBUG Tt4b_Pixel_Class::inject_add_to_cart_event: hit AddToCart
2024-01-27T16:19:15+00:00 DEBUG Tt4b_Pixel_Class::inject_add_to_cart_event: Missing option "access_token"
2024-01-27T16:19:18+00:00 DEBUG Tt4b_Pixel_Class::inject_add_to_cart_event: hit AddToCart
2024-01-27T16:19:18+00:00 DEBUG Tt4b_Pixel_Class::inject_add_to_cart_event: Missing option "access_token"
2024-01-27T16:19:27+00:00 DEBUG Tt4b_Pixel_Class::inject_add_to_cart_event: hit AddToCart
2024-01-27T16:19:27+00:00 DEBUG Tt4b_Pixel_Class::inject_add_to_cart_event: Missing option "access_token"
2024-01-27T16:19:27+00:00 DEBUG Tt4b_Pixel_Class::inject_view_content_event: hit ViewContent
2024-01-27T16:19:27+00:00 DEBUG Tt4b_Pixel_Class::inject_view_content_event: Missing option "access_token"
2024-01-27T16:19:44+00:00 DEBUG Tt4b_Pixel_Class::inject_view_content_event: hit ViewContent
2024-01-27T16:19:44+00:00 DEBUG Tt4b_Pixel_Class::inject_view_content_event: Missing option "access_token"
2024-01-27T16:20:00+00:00 DEBUG Tt4b_Pixel_Class::inject_add_to_cart_event: hit AddToCart
2024-01-27T16:20:00+00:00 DEBUG Tt4b_Pixel_Class::inject_add_to_cart_event: Missing option "access_token"
2024-01-27T16:20:00+00:00 DEBUG Tt4b_Pixel_Class::inject_view_content_event: hit ViewContent
2024-01-27T16:20:00+00:00 DEBUG Tt4b_Pixel_Class::inject_view_content_event: Missing option "access_token"
2024-01-27T16:20:18+00:00 DEBUG Tt4b_Pixel_Class::inject_view_content_event: hit ViewContent
2024-01-27T16:20:18+00:00 DEBUG Tt4b_Pixel_Class::inject_view_content_event: Missing option "access_token"
2024-01-27T16:20:41+00:00 DEBUG Tt4b_Pixel_Class::inject_add_to_cart_event: hit AddToCart
2024-01-27T16:20:41+00:00 DEBUG Tt4b_Pixel_Class::inject_add_to_cart_event: Missing option "access_token"
2024-01-27T16:20:41+00:00 DEBUG Tt4b_Pixel_Class::inject_view_content_event: hit ViewContent
2024-01-27T16:20:41+00:00 DEBUG Tt4b_Pixel_Class::inject_view_content_event: Missing option "access_token"
2024-01-27T16:20:44+00:00 DEBUG Tt4b_Pixel_Class::inject_view_content_event: hit ViewContent
2024-01-27T16:20:44+00:00 DEBUG Tt4b_Pixel_Class::inject_view_content_event: Missing option "access_token"
2024-01-27T16:20:47+00:00 DEBUG Tt4b_Pixel_Class::inject_view_content_event: hit ViewContent
2024-01-27T16:20:47+00:00 DEBUG Tt4b_Pixel_Class::inject_view_content_event: Missing option "access_token"
2024-01-27T16:20:52+00:00 DEBUG Tt4b_Pixel_Class::inject_view_content_event: hit ViewContent
2024-01-27T16:20:52+00:00 DEBUG Tt4b_Pixel_Class::inject_view_content_event: Missing option "access_token"
2024-01-27T16:20:55+00:00 DEBUG Tt4b_Pixel_Class::inject_view_content_event: hit ViewContent
2024-01-27T16:20:55+00:00 DEBUG Tt4b_Pixel_Class::inject_view_content_event: Missing option "access_token"
2024-01-27T16:20:58+00:00 DEBUG Tt4b_Pixel_Class::inject_view_content_event: hit ViewContent
2024-01-27T16:20:58+00:00 DEBUG Tt4b_Pixel_Class::inject_view_content_event: Missing option "access_token"
2024-01-27T16:21:04+00:00 DEBUG Tt4b_Pixel_Class::inject_view_content_event: hit ViewContent
2024-01-27T16:21:04+00:00 DEBUG Tt4b_Pixel_Class::inject_view_content_event: Missing option "access_token"
2024-01-27T16:21:07+00:00 DEBUG Tt4b_Pixel_Class::inject_view_content_event: hit ViewContent
2024-01-27T16:21:07+00:00 DEBUG Tt4b_Pixel_Class::inject_view_content_event: Missing option "access_token"
2024-01-27T16:21:09+00:00 DEBUG Tt4b_Pixel_Class::inject_view_content_event: hit ViewContent
2024-01-27T16:21:09+00:00 DEBUG Tt4b_Pixel_Class::inject_view_content_event: Missing option "access_token"
2024-01-27T16:21:11+00:00 DEBUG Tt4b_Pixel_Class::inject_view_content_event: hit ViewContent
2024-01-27T16:21:11+00:00 DEBUG Tt4b_Pixel_Class::inject_view_content_event: Missing option "access_token"
2024-01-27T16:21:14+00:00 DEBUG Tt4b_Pixel_Class::inject_view_content_event: hit ViewContent
2024-01-27T16:21:14+00:00 DEBUG Tt4b_Pixel_Class::inject_view_content_event: Missing option "access_token"
2024-01-27T16:21:16+00:00 DEBUG Tt4b_Pixel_Class::inject_view_content_event: hit ViewContent
2024-01-27T16:21:16+00:00 DEBUG Tt4b_Pixel_Class::inject_view_content_event: Missing option "access_token"
2024-01-27T16:21:21+00:00 DEBUG Tt4b_Pixel_Class::inject_view_content_event: hit ViewContent
2024-01-27T16:21:21+00:00 DEBUG Tt4b_Pixel_Class::inject_view_content_event: Missing option "access_token"
2024-01-27T16:21:24+00:00 DEBUG Tt4b_Pixel_Class::inject_view_content_event: hit ViewContent
2024-01-27T16:21:24+00:00 DEBUG Tt4b_Pixel_Class::inject_view_content_event: Missing option "access_token"
2024-01-27T16:21:25+00:00 DEBUG Tt4b_Pixel_Class::inject_view_content_event: hit ViewContent
2024-01-27T16:21:25+00:00 DEBUG Tt4b_Pixel_Class::inject_view_content_event: Missing option "access_token"
2024-01-27T16:21:26+00:00 DEBUG Tt4b_Pixel_Class::inject_view_content_event: hit ViewContent
2024-01-27T16:21:26+00:00 DEBUG Tt4b_Pixel_Class::inject_view_content_event: Missing option "access_token"
2024-01-27T16:21:28+00:00 DEBUG Tt4b_Pixel_Class::inject_view_content_event: hit ViewContent
2024-01-27T16:21:28+00:00 DEBUG Tt4b_Pixel_Class::inject_view_content_event: Missing option "access_token"
2024-01-27T16:21:30+00:00 DEBUG Tt4b_Pixel_Class::inject_view_content_event: hit ViewContent
2024-01-27T16:21:30+00:00 DEBUG Tt4b_Pixel_Class::inject_view_content_event: Missing option "access_token"
2024-01-27T16:21:32+00:00 DEBUG Tt4b_Pixel_Class::inject_view_content_event: hit ViewContent
2024-01-27T16:21:32+00:00 DEBUG Tt4b_Pixel_Class::inject_view_content_event: Missing option "access_token"
2024-01-27T16:21:34+00:00 DEBUG Tt4b_Pixel_Class::inject_view_content_event: hit ViewContent
2024-01-27T16:21:34+00:00 DEBUG Tt4b_Pixel_Class::inject_view_content_event: Missing option "access_token"
2024-01-27T16:21:37+00:00 DEBUG Tt4b_Pixel_Class::inject_view_content_event: hit ViewContent
2024-01-27T16:21:37+00:00 DEBUG Tt4b_Pixel_Class::inject_view_content_event: Missing option "access_token"
2024-01-27T16:21:39+00:00 DEBUG Tt4b_Pixel_Class::inject_view_content_event: hit ViewContent
2024-01-27T16:21:39+00:00 DEBUG Tt4b_Pixel_Class::inject_view_content_event: Missing option "access_token"
2024-01-27T16:21:56+00:00 DEBUG Tt4b_Pixel_Class::inject_view_content_event: hit ViewContent
2024-01-27T16:21:56+00:00 DEBUG Tt4b_Pixel_Class::inject_view_content_event: Missing option "access_token"
2024-01-27T16:22:07+00:00 DEBUG Tt4b_Pixel_Class::inject_view_content_event: hit ViewContent
2024-01-27T16:22:07+00:00 DEBUG Tt4b_Pixel_Class::inject_view_content_event: Missing option "access_token"
2024-01-27T16:22:30+00:00 DEBUG Tt4b_Pixel_Class::inject_view_content_event: hit ViewContent
2024-01-27T16:22:30+00:00 DEBUG Tt4b_Pixel_Class::inject_view_content_event: Missing option "access_token"
2024-01-27T16:22:44+00:00 DEBUG Tt4b_Pixel_Class::inject_view_content_event: hit ViewContent
2024-01-27T16:22:44+00:00 DEBUG Tt4b_Pixel_Class::inject_view_content_event: Missing option "access_token"
2024-01-27T16:22:59+00:00 DEBUG Tt4b_Pixel_Class::inject_view_content_event: hit ViewContent
2024-01-27T16:22:59+00:00 DEBUG Tt4b_Pixel_Class::inject_view_content_event: Missing option "access_token"
2024-01-27T16:23:14+00:00 DEBUG Tt4b_Pixel_Class::inject_view_content_event: hit ViewContent
2024-01-27T16:23:14+00:00 DEBUG Tt4b_Pixel_Class::inject_view_content_event: Missing option "access_token"
2024-01-27T16:23:28+00:00 DEBUG Tt4b_Pixel_Class::inject_view_content_event: hit ViewContent
2024-01-27T16:23:28+00:00 DEBUG Tt4b_Pixel_Class::inject_view_content_event: Missing option "access_token"
2024-01-27T16:23:46+00:00 DEBUG Tt4b_Pixel_Class::inject_view_content_event: hit ViewContent
2024-01-27T16:23:46+00:00 DEBUG Tt4b_Pixel_Class::inject_view_content_event: Missing option "access_token"
2024-01-27T16:23:57+00:00 DEBUG Tt4b_Pixel_Class::inject_view_content_event: hit ViewContent
2024-01-27T16:23:57+00:00 DEBUG Tt4b_Pixel_Class::inject_view_content_event: Missing option "access_token"
2024-01-27T16:24:20+00:00 DEBUG Tt4b_Pixel_Class::inject_view_content_event: hit ViewContent
2024-01-27T16:24:20+00:00 DEBUG Tt4b_Pixel_Class::inject_view_content_event: Missing option "access_token"
2024-01-27T16:24:34+00:00 DEBUG Tt4b_Pixel_Class::inject_view_content_event: hit ViewContent
2024-01-27T16:24:34+00:00 DEBUG Tt4b_Pixel_Class::inject_view_content_event: Missing option "access_token"
2024-01-27T16:24:57+00:00 DEBUG Tt4b_Pixel_Class::inject_view_content_event: hit ViewContent
2024-01-27T16:24:57+00:00 DEBUG Tt4b_Pixel_Class::inject_view_content_event: Missing option "access_token"
2024-01-27T16:25:07+00:00 DEBUG Tt4b_Pixel_Class::inject_view_content_event: hit ViewContent
2024-01-27T16:25:07+00:00 DEBUG Tt4b_Pixel_Class::inject_view_content_event: Missing option "access_token"
2024-01-27T16:25:25+00:00 DEBUG Tt4b_Pixel_Class::inject_view_content_event: hit ViewContent
2024-01-27T16:25:25+00:00 DEBUG Tt4b_Pixel_Class::inject_view_content_event: Missing option "access_token"
2024-01-27T16:25:36+00:00 DEBUG Tt4b_Pixel_Class::inject_view_content_event: hit ViewContent
2024-01-27T16:25:36+00:00 DEBUG Tt4b_Pixel_Class::inject_view_content_event: Missing option "access_token"
2024-01-27T16:26:02+00:00 DEBUG Tt4b_Pixel_Class::inject_view_content_event: hit ViewContent
2024-01-27T16:26:02+00:00 DEBUG Tt4b_Pixel_Class::inject_view_content_event: Missing option "access_token"
2024-01-27T16:26:18+00:00 DEBUG Tt4b_Pixel_Class::inject_view_content_event: hit ViewContent
2024-01-27T16:26:18+00:00 DEBUG Tt4b_Pixel_Class::inject_view_content_event: Missing option "access_token"
2024-01-27T16:26:22+00:00 DEBUG Tt4b_Pixel_Class::inject_view_content_event: hit ViewContent
2024-01-27T16:26:22+00:00 DEBUG Tt4b_Pixel_Class::inject_view_content_event: Missing option "access_token"
2024-01-27T16:26:25+00:00 DEBUG Tt4b_Pixel_Class::inject_view_content_event: hit ViewContent
2024-01-27T16:26:25+00:00 DEBUG Tt4b_Pixel_Class::inject_view_content_event: Missing option "access_token"
2024-01-27T16:26:27+00:00 DEBUG Tt4b_Pixel_Class::inject_view_content_event: hit ViewContent
2024-01-27T16:26:27+00:00 DEBUG Tt4b_Pixel_Class::inject_view_content_event: Missing option "access_token"
2024-01-27T16:26:36+00:00 DEBUG Tt4b_Pixel_Class::inject_view_content_event: hit ViewContent
2024-01-27T16:26:36+00:00 DEBUG Tt4b_Pixel_Class::inject_view_content_event: Missing option "access_token"
2024-01-27T16:26:51+00:00 DEBUG Tt4b_Pixel_Class::inject_add_to_cart_event: hit AddToCart
2024-01-27T16:26:51+00:00 DEBUG Tt4b_Pixel_Class::inject_add_to_cart_event: Missing option "access_token"
2024-01-27T16:26:51+00:00 DEBUG Tt4b_Pixel_Class::inject_view_content_event: hit ViewContent
2024-01-27T16:26:51+00:00 DEBUG Tt4b_Pixel_Class::inject_view_content_event: Missing option "access_token"
2024-01-27T16:26:53+00:00 DEBUG Tt4b_Pixel_Class::inject_add_to_cart_event: hit AddToCart
2024-01-27T16:26:53+00:00 DEBUG Tt4b_Pixel_Class::inject_add_to_cart_event: Missing option "access_token"
2024-01-27T16:26:53+00:00 DEBUG Tt4b_Pixel_Class::inject_view_content_event: hit ViewContent
2024-01-27T16:26:53+00:00 DEBUG Tt4b_Pixel_Class::inject_view_content_event: Missing option "access_token"
2024-01-27T16:26:54+00:00 DEBUG Tt4b_Pixel_Class::inject_add_to_cart_event: hit AddToCart
2024-01-27T16:26:54+00:00 DEBUG Tt4b_Pixel_Class::inject_add_to_cart_event: Missing option "access_token"
2024-01-27T16:26:54+00:00 DEBUG Tt4b_Pixel_Class::inject_view_content_event: hit ViewContent
2024-01-27T16:26:54+00:00 DEBUG Tt4b_Pixel_Class::inject_view_content_event: Missing option "access_token"
2024-01-27T16:26:58+00:00 DEBUG Tt4b_Pixel_Class::inject_add_to_cart_event: hit AddToCart
2024-01-27T16:26:58+00:00 DEBUG Tt4b_Pixel_Class::inject_add_to_cart_event: Missing option "access_token"
2024-01-27T16:26:58+00:00 DEBUG Tt4b_Pixel_Class::inject_view_content_event: hit ViewContent
2024-01-27T16:26:58+00:00 DEBUG Tt4b_Pixel_Class::inject_view_content_event: Missing option "access_token"
2024-01-27T16:27:08+00:00 DEBUG Tt4b_Pixel_Class::inject_view_content_event: hit ViewContent
2024-01-27T16:27:08+00:00 DEBUG Tt4b_Pixel_Class::inject_view_content_event: Missing option "access_token"
2024-01-27T16:27:25+00:00 DEBUG Tt4b_Pixel_Class::inject_add_to_cart_event: hit AddToCart
2024-01-27T16:27:25+00:00 DEBUG Tt4b_Pixel_Class::inject_add_to_cart_event: Missing option "access_token"
2024-01-27T16:27:26+00:00 DEBUG Tt4b_Pixel_Class::inject_view_content_event: hit ViewContent
2024-01-27T16:27:26+00:00 DEBUG Tt4b_Pixel_Class::inject_view_content_event: Missing option "access_token"
2024-01-27T16:27:28+00:00 DEBUG Tt4b_Pixel_Class::inject_view_content_event: hit ViewContent
2024-01-27T16:27:28+00:00 DEBUG Tt4b_Pixel_Class::inject_view_content_event: Missing option "access_token"
2024-01-27T16:27:30+00:00 DEBUG Tt4b_Pixel_Class::inject_view_content_event: hit ViewContent
2024-01-27T16:27:30+00:00 DEBUG Tt4b_Pixel_Class::inject_view_content_event: Missing option "access_token"
2024-01-27T16:27:32+00:00 DEBUG Tt4b_Pixel_Class::inject_view_content_event: hit ViewContent
2024-01-27T16:27:32+00:00 DEBUG Tt4b_Pixel_Class::inject_view_content_event: Missing option "access_token"
2024-01-27T16:27:35+00:00 DEBUG Tt4b_Pixel_Class::inject_view_content_event: hit ViewContent
2024-01-27T16:27:35+00:00 DEBUG Tt4b_Pixel_Class::inject_view_content_event: Missing option "access_token"
2024-01-27T16:27:38+00:00 DEBUG Tt4b_Pixel_Class::inject_view_content_event: hit ViewContent
2024-01-27T16:27:38+00:00 DEBUG Tt4b_Pixel_Class::inject_view_content_event: Missing option "access_token"
2024-01-27T16:27:41+00:00 DEBUG Tt4b_Pixel_Class::inject_view_content_event: hit ViewContent
2024-01-27T16:27:41+00:00 DEBUG Tt4b_Pixel_Class::inject_view_content_event: Missing option "access_token"
2024-01-27T16:27:41+00:00 DEBUG Tt4b_Pixel_Class::inject_view_content_event: hit ViewContent
2024-01-27T16:27:41+00:00 DEBUG Tt4b_Pixel_Class::inject_view_content_event: Missing option "access_token"
2024-01-27T16:27:45+00:00 DEBUG Tt4b_Pixel_Class::inject_view_content_event: hit ViewContent
2024-01-27T16:27:45+00:00 DEBUG Tt4b_Pixel_Class::inject_view_content_event: Missing option "access_token"
2024-01-27T16:27:51+00:00 DEBUG Tt4b_Pixel_Class::inject_view_content_event: hit ViewContent
2024-01-27T16:27:51+00:00 DEBUG Tt4b_Pixel_Class::inject_view_content_event: Missing option "access_token"
2024-01-27T16:27:54+00:00 DEBUG Tt4b_Pixel_Class::inject_view_content_event: hit ViewContent
2024-01-27T16:27:54+00:00 DEBUG Tt4b_Pixel_Class::inject_view_content_event: Missing option "access_token"
2024-01-27T16:27:57+00:00 DEBUG Tt4b_Pixel_Class::inject_view_content_event: hit ViewContent
2024-01-27T16:27:57+00:00 DEBUG Tt4b_Pixel_Class::inject_view_content_event: Missing option "access_token"
2024-01-27T16:28:00+00:00 DEBUG Tt4b_Pixel_Class::inject_view_content_event: hit ViewContent
2024-01-27T16:28:00+00:00 DEBUG Tt4b_Pixel_Class::inject_view_content_event: Missing option "access_token"
2024-01-27T16:28:02+00:00 DEBUG Tt4b_Pixel_Class::inject_view_content_event: hit ViewContent
2024-01-27T16:28:02+00:00 DEBUG Tt4b_Pixel_Class::inject_view_content_event: Missing option "access_token"
2024-01-27T16:28:04+00:00 DEBUG Tt4b_Pixel_Class::inject_view_content_event: hit ViewContent
2024-01-27T16:28:04+00:00 DEBUG Tt4b_Pixel_Class::inject_view_content_event: Missing option "access_token"
2024-01-27T16:28:08+00:00 DEBUG Tt4b_Pixel_Class::inject_view_content_event: hit ViewContent
2024-01-27T16:28:08+00:00 DEBUG Tt4b_Pixel_Class::inject_view_content_event: Missing option "access_token"
2024-01-27T16:28:10+00:00 DEBUG Tt4b_Pixel_Class::inject_view_content_event: hit ViewContent
2024-01-27T16:28:10+00:00 DEBUG Tt4b_Pixel_Class::inject_view_content_event: Missing option "access_token"
2024-01-27T16:28:11+00:00 DEBUG Tt4b_Pixel_Class::inject_view_content_event: hit ViewContent
2024-01-27T16:28:11+00:00 DEBUG Tt4b_Pixel_Class::inject_view_content_event: Missing option "access_token"
2024-01-27T16:28:13+00:00 DEBUG Tt4b_Pixel_Class::inject_view_content_event: hit ViewContent
2024-01-27T16:28:13+00:00 DEBUG Tt4b_Pixel_Class::inject_view_content_event: Missing option "access_token"
2024-01-27T16:28:15+00:00 DEBUG Tt4b_Pixel_Class::inject_view_content_event: hit ViewContent
2024-01-27T16:28:15+00:00 DEBUG Tt4b_Pixel_Class::inject_view_content_event: Missing option "access_token"
2024-01-27T16:28:17+00:00 DEBUG Tt4b_Pixel_Class::inject_view_content_event: hit ViewContent
2024-01-27T16:28:17+00:00 DEBUG Tt4b_Pixel_Class::inject_view_content_event: Missing option "access_token"
2024-01-27T16:28:40+00:00 DEBUG Tt4b_Pixel_Class::inject_view_content_event: hit ViewContent
2024-01-27T16:28:40+00:00 DEBUG Tt4b_Pixel_Class::inject_view_content_event: Missing option "access_token"
2024-01-27T16:28:48+00:00 DEBUG Tt4b_Pixel_Class::inject_view_content_event: hit ViewContent
2024-01-27T16:28:48+00:00 DEBUG Tt4b_Pixel_Class::inject_view_content_event: Missing option "access_token"
2024-01-27T16:29:07+00:00 DEBUG Tt4b_Pixel_Class::inject_view_content_event: hit ViewContent
2024-01-27T16:29:07+00:00 DEBUG Tt4b_Pixel_Class::inject_view_content_event: Missing option "access_token"
2024-01-27T16:29:18+00:00 DEBUG Tt4b_Pixel_Class::inject_view_content_event: hit ViewContent
2024-01-27T16:29:18+00:00 DEBUG Tt4b_Pixel_Class::inject_view_content_event: Missing option "access_token"
2024-01-27T16:29:20+00:00 DEBUG Tt4b_Pixel_Class::inject_add_to_cart_event: hit AddToCart
2024-01-27T16:29:20+00:00 DEBUG Tt4b_Pixel_Class::inject_add_to_cart_event: Missing option "access_token"
2024-01-27T16:29:20+00:00 DEBUG Tt4b_Pixel_Class::inject_view_content_event: hit ViewContent
2024-01-27T16:29:20+00:00 DEBUG Tt4b_Pixel_Class::inject_view_content_event: Missing option "access_token"
2024-01-27T16:29:27+00:00 DEBUG Tt4b_Pixel_Class::inject_add_to_cart_event: hit AddToCart
2024-01-27T16:29:27+00:00 DEBUG Tt4b_Pixel_Class::inject_add_to_cart_event: Missing option "access_token"
2024-01-27T16:29:27+00:00 DEBUG Tt4b_Pixel_Class::inject_view_content_event: hit ViewContent
2024-01-27T16:29:27+00:00 DEBUG Tt4b_Pixel_Class::inject_view_content_event: Missing option "access_token"
2024-01-27T16:29:29+00:00 DEBUG Tt4b_Pixel_Class::inject_add_to_cart_event: hit AddToCart
2024-01-27T16:29:29+00:00 DEBUG Tt4b_Pixel_Class::inject_add_to_cart_event: Missing option "access_token"
2024-01-27T16:29:29+00:00 DEBUG Tt4b_Pixel_Class::inject_view_content_event: hit ViewContent
2024-01-27T16:29:29+00:00 DEBUG Tt4b_Pixel_Class::inject_view_content_event: Missing option "access_token"
2024-01-27T16:29:33+00:00 DEBUG Tt4b_Pixel_Class::inject_view_content_event: hit ViewContent
2024-01-27T16:29:33+00:00 DEBUG Tt4b_Pixel_Class::inject_view_content_event: Missing option "access_token"
2024-01-27T16:29:42+00:00 DEBUG Tt4b_Pixel_Class::inject_view_content_event: hit ViewContent
2024-01-27T16:29:42+00:00 DEBUG Tt4b_Pixel_Class::inject_view_content_event: Missing option "access_token"
2024-01-27T16:29:55+00:00 DEBUG Tt4b_Pixel_Class::inject_view_content_event: hit ViewContent
2024-01-27T16:29:55+00:00 DEBUG Tt4b_Pixel_Class::inject_view_content_event: Missing option "access_token"
2024-01-27T16:29:56+00:00 DEBUG Tt4b_Pixel_Class::inject_view_content_event: hit ViewContent
2024-01-27T16:29:56+00:00 DEBUG Tt4b_Pixel_Class::inject_view_content_event: Missing option "access_token"
2024-01-27T16:29:57+00:00 DEBUG Tt4b_Pixel_Class::inject_view_content_event: hit ViewContent
2024-01-27T16:29:57+00:00 DEBUG Tt4b_Pixel_Class::inject_view_content_event: Missing option "access_token"
2024-01-27T16:29:59+00:00 DEBUG Tt4b_Pixel_Class::inject_view_content_event: hit ViewContent
2024-01-27T16:29:59+00:00 DEBUG Tt4b_Pixel_Class::inject_view_content_event: Missing option "access_token"
2024-01-27T16:30:02+00:00 DEBUG Tt4b_Pixel_Class::inject_view_content_event: hit ViewContent
2024-01-27T16:30:02+00:00 DEBUG Tt4b_Pixel_Class::inject_view_content_event: Missing option "access_token"
2024-01-27T16:30:12+00:00 DEBUG Tt4b_Pixel_Class::inject_add_to_cart_event: hit AddToCart
2024-01-27T16:30:12+00:00 DEBUG Tt4b_Pixel_Class::inject_add_to_cart_event: Missing option "access_token"
2024-01-27T16:30:13+00:00 DEBUG Tt4b_Pixel_Class::inject_view_content_event: hit ViewContent
2024-01-27T16:30:13+00:00 DEBUG Tt4b_Pixel_Class::inject_view_content_event: Missing option "access_token"
2024-01-27T16:30:20+00:00 DEBUG Tt4b_Pixel_Class::inject_view_content_event: hit ViewContent
2024-01-27T16:30:20+00:00 DEBUG Tt4b_Pixel_Class::inject_view_content_event: Missing option "access_token"
2024-01-27T16:30:22+00:00 DEBUG Tt4b_Pixel_Class::inject_add_to_cart_event: hit AddToCart
2024-01-27T16:30:22+00:00 DEBUG Tt4b_Pixel_Class::inject_add_to_cart_event: Missing option "access_token"
2024-01-27T16:30:22+00:00 DEBUG Tt4b_Pixel_Class::inject_view_content_event: hit ViewContent
2024-01-27T16:30:22+00:00 DEBUG Tt4b_Pixel_Class::inject_view_content_event: Missing option "access_token"
2024-01-27T16:30:22+00:00 DEBUG Tt4b_Pixel_Class::inject_add_to_cart_event: hit AddToCart
2024-01-27T16:30:22+00:00 DEBUG Tt4b_Pixel_Class::inject_add_to_cart_event: Missing option "access_token"
2024-01-27T16:30:23+00:00 DEBUG Tt4b_Pixel_Class::inject_view_content_event: hit ViewContent
2024-01-27T16:30:23+00:00 DEBUG Tt4b_Pixel_Class::inject_view_content_event: Missing option "access_token"
2024-01-27T16:30:23+00:00 DEBUG Tt4b_Pixel_Class::inject_add_to_cart_event: hit AddToCart
2024-01-27T16:30:23+00:00 DEBUG Tt4b_Pixel_Class::inject_add_to_cart_event: Missing option "access_token"
2024-01-27T16:30:23+00:00 DEBUG Tt4b_Pixel_Class::inject_view_content_event: hit ViewContent
2024-01-27T16:30:23+00:00 DEBUG Tt4b_Pixel_Class::inject_view_content_event: Missing option "access_token"
2024-01-27T16:30:23+00:00 DEBUG Tt4b_Pixel_Class::inject_add_to_cart_event: hit AddToCart
2024-01-27T16:30:23+00:00 DEBUG Tt4b_Pixel_Class::inject_add_to_cart_event: Missing option "access_token"
2024-01-27T16:30:24+00:00 DEBUG Tt4b_Pixel_Class::inject_view_content_event: hit ViewContent
2024-01-27T16:30:24+00:00 DEBUG Tt4b_Pixel_Class::inject_view_content_event: Missing option "access_token"
2024-01-27T16:30:32+00:00 DEBUG Tt4b_Pixel_Class::inject_add_to_cart_event: hit AddToCart
2024-01-27T16:30:32+00:00 DEBUG Tt4b_Pixel_Class::inject_add_to_cart_event: Missing option "access_token"
2024-01-27T16:30:32+00:00 DEBUG Tt4b_Pixel_Class::inject_view_content_event: hit ViewContent
2024-01-27T16:30:32+00:00 DEBUG Tt4b_Pixel_Class::inject_view_content_event: Missing option "access_token"
2024-01-27T16:30:35+00:00 DEBUG Tt4b_Pixel_Class::inject_view_content_event: hit ViewContent
2024-01-27T16:30:35+00:00 DEBUG Tt4b_Pixel_Class::inject_view_content_event: Missing option "access_token"
2024-01-27T16:30:37+00:00 DEBUG Tt4b_Pixel_Class::inject_view_content_event: hit ViewContent
2024-01-27T16:30:37+00:00 DEBUG Tt4b_Pixel_Class::inject_view_content_event: Missing option "access_token"
2024-01-27T16:30:39+00:00 DEBUG Tt4b_Pixel_Class::inject_view_content_event: hit ViewContent
2024-01-27T16:30:39+00:00 DEBUG Tt4b_Pixel_Class::inject_view_content_event: Missing option "access_token"
2024-01-27T16:30:39+00:00 DEBUG Tt4b_Pixel_Class::inject_view_content_event: hit ViewContent
2024-01-27T16:30:39+00:00 DEBUG Tt4b_Pixel_Class::inject_view_content_event: Missing option "access_token"
2024-01-27T16:30:41+00:00 DEBUG Tt4b_Pixel_Class::inject_view_content_event: hit ViewContent
2024-01-27T16:30:41+00:00 DEBUG Tt4b_Pixel_Class::inject_view_content_event: Missing option "access_token"
2024-01-27T16:30:43+00:00 DEBUG Tt4b_Pixel_Class::inject_view_content_event: hit ViewContent
2024-01-27T16:30:43+00:00 DEBUG Tt4b_Pixel_Class::inject_view_content_event: Missing option "access_token"
2024-01-27T16:30:45+00:00 DEBUG Tt4b_Pixel_Class::inject_view_content_event: hit ViewContent
2024-01-27T16:30:45+00:00 DEBUG Tt4b_Pixel_Class::inject_view_content_event: Missing option "access_token"
2024-01-27T16:30:47+00:00 DEBUG Tt4b_Pixel_Class::inject_view_content_event: hit ViewContent
2024-01-27T16:30:47+00:00 DEBUG Tt4b_Pixel_Class::inject_view_content_event: Missing option "access_token"
2024-01-27T16:30:48+00:00 DEBUG Tt4b_Pixel_Class::inject_view_content_event: hit ViewContent
2024-01-27T16:30:48+00:00 DEBUG Tt4b_Pixel_Class::inject_view_content_event: Missing option "access_token"
2024-01-27T16:30:49+00:00 DEBUG Tt4b_Pixel_Class::inject_view_content_event: hit ViewContent
2024-01-27T16:30:49+00:00 DEBUG Tt4b_Pixel_Class::inject_view_content_event: Missing option "access_token"
2024-01-27T16:30:52+00:00 DEBUG Tt4b_Pixel_Class::inject_view_content_event: hit ViewContent
2024-01-27T16:30:52+00:00 DEBUG Tt4b_Pixel_Class::inject_view_content_event: Missing option "access_token"
2024-01-27T16:30:55+00:00 DEBUG Tt4b_Pixel_Class::inject_view_content_event: hit ViewContent
2024-01-27T16:30:55+00:00 DEBUG Tt4b_Pixel_Class::inject_view_content_event: Missing option "access_token"
2024-01-27T16:30:57+00:00 DEBUG Tt4b_Pixel_Class::inject_view_content_event: hit ViewContent
2024-01-27T16:30:57+00:00 DEBUG Tt4b_Pixel_Class::inject_view_content_event: Missing option "access_token"
2024-01-27T16:31:01+00:00 DEBUG Tt4b_Pixel_Class::inject_view_content_event: hit ViewContent
2024-01-27T16:31:01+00:00 DEBUG Tt4b_Pixel_Class::inject_view_content_event: Missing option "access_token"
2024-01-27T16:31:02+00:00 DEBUG Tt4b_Pixel_Class::inject_view_content_event: hit ViewContent
2024-01-27T16:31:02+00:00 DEBUG Tt4b_Pixel_Class::inject_view_content_event: Missing option "access_token"
2024-01-27T16:31:02+00:00 DEBUG Tt4b_Pixel_Class::inject_view_content_event: hit ViewContent
2024-01-27T16:31:02+00:00 DEBUG Tt4b_Pixel_Class::inject_view_content_event: Missing option "access_token"
2024-01-27T16:31:05+00:00 DEBUG Tt4b_Pixel_Class::inject_view_content_event: hit ViewContent
2024-01-27T16:31:05+00:00 DEBUG Tt4b_Pixel_Class::inject_view_content_event: Missing option "access_token"
2024-01-27T16:31:07+00:00 DEBUG Tt4b_Pixel_Class::inject_view_content_event: hit ViewContent
2024-01-27T16:31:07+00:00 DEBUG Tt4b_Pixel_Class::inject_view_content_event: Missing option "access_token"
2024-01-27T16:31:09+00:00 DEBUG Tt4b_Pixel_Class::inject_view_content_event: hit ViewContent
2024-01-27T16:31:09+00:00 DEBUG Tt4b_Pixel_Class::inject_view_content_event: Missing option "access_token"
2024-01-27T16:31:16+00:00 DEBUG Tt4b_Pixel_Class::inject_view_content_event: hit ViewContent
2024-01-27T16:31:16+00:00 DEBUG Tt4b_Pixel_Class::inject_view_content_event: Missing option "access_token"
2024-01-27T16:31:17+00:00 DEBUG Tt4b_Pixel_Class::inject_view_content_event: hit ViewContent
2024-01-27T16:31:17+00:00 DEBUG Tt4b_Pixel_Class::inject_view_content_event: Missing option "access_token"
2024-01-27T16:31:18+00:00 DEBUG Tt4b_Pixel_Class::inject_add_to_cart_event: hit AddToCart
2024-01-27T16:31:18+00:00 DEBUG Tt4b_Pixel_Class::inject_add_to_cart_event: Missing option "access_token"
2024-01-27T16:31:18+00:00 DEBUG Tt4b_Pixel_Class::inject_view_content_event: hit ViewContent
2024-01-27T16:31:18+00:00 DEBUG Tt4b_Pixel_Class::inject_view_content_event: Missing option "access_token"
2024-01-27T16:31:19+00:00 DEBUG Tt4b_Pixel_Class::inject_view_content_event: hit ViewContent
2024-01-27T16:31:19+00:00 DEBUG Tt4b_Pixel_Class::inject_view_content_event: Missing option "access_token"
2024-01-27T16:31:23+00:00 DEBUG Tt4b_Pixel_Class::inject_view_content_event: hit ViewContent
2024-01-27T16:31:23+00:00 DEBUG Tt4b_Pixel_Class::inject_view_content_event: Missing option "access_token"
2024-01-27T16:31:30+00:00 DEBUG Tt4b_Pixel_Class::inject_view_content_event: hit ViewContent
2024-01-27T16:31:30+00:00 DEBUG Tt4b_Pixel_Class::inject_view_content_event: Missing option "access_token"
2024-01-27T16:31:33+00:00 DEBUG Tt4b_Pixel_Class::inject_add_to_cart_event: hit AddToCart
2024-01-27T16:31:33+00:00 DEBUG Tt4b_Pixel_Class::inject_add_to_cart_event: Missing option "access_token"
2024-01-27T16:31:33+00:00 DEBUG Tt4b_Pixel_Class::inject_view_content_event: hit ViewContent
2024-01-27T16:31:33+00:00 DEBUG Tt4b_Pixel_Class::inject_view_content_event: Missing option "access_token"
2024-01-27T16:31:35+00:00 DEBUG Tt4b_Pixel_Class::inject_view_content_event: hit ViewContent
2024-01-27T16:31:35+00:00 DEBUG Tt4b_Pixel_Class::inject_view_content_event: Missing option "access_token"
2024-01-27T16:31:37+00:00 DEBUG Tt4b_Pixel_Class::inject_view_content_event: hit ViewContent
2024-01-27T16:31:37+00:00 DEBUG Tt4b_Pixel_Class::inject_view_content_event: Missing option "access_token"
2024-01-27T16:31:38+00:00 DEBUG Tt4b_Pixel_Class::inject_view_content_event: hit ViewContent
2024-01-27T16:31:38+00:00 DEBUG Tt4b_Pixel_Class::inject_view_content_event: Missing option "access_token"
2024-01-27T16:31:39+00:00 DEBUG Tt4b_Pixel_Class::inject_view_content_event: hit ViewContent
2024-01-27T16:31:39+00:00 DEBUG Tt4b_Pixel_Class::inject_view_content_event: Missing option "access_token"
2024-01-27T16:31:40+00:00 DEBUG Tt4b_Pixel_Class::inject_view_content_event: hit ViewContent
2024-01-27T16:31:40+00:00 DEBUG Tt4b_Pixel_Class::inject_view_content_event: Missing option "access_token"
2024-01-27T16:31:42+00:00 DEBUG Tt4b_Pixel_Class::inject_view_content_event: hit ViewContent
2024-01-27T16:31:42+00:00 DEBUG Tt4b_Pixel_Class::inject_view_content_event: Missing option "access_token"
2024-01-27T16:31:43+00:00 DEBUG Tt4b_Pixel_Class::inject_view_content_event: hit ViewContent
2024-01-27T16:31:43+00:00 DEBUG Tt4b_Pixel_Class::inject_view_content_event: Missing option "access_token"
2024-01-27T16:31:45+00:00 DEBUG Tt4b_Pixel_Class::inject_view_content_event: hit ViewContent
2024-01-27T16:31:45+00:00 DEBUG Tt4b_Pixel_Class::inject_view_content_event: Missing option "access_token"
2024-01-27T16:31:47+00:00 DEBUG Tt4b_Pixel_Class::inject_view_content_event: hit ViewContent
2024-01-27T16:31:47+00:00 DEBUG Tt4b_Pixel_Class::inject_view_content_event: Missing option "access_token"
2024-01-27T16:31:47+00:00 DEBUG Tt4b_Pixel_Class::inject_view_content_event: hit ViewContent
2024-01-27T16:31:47+00:00 DEBUG Tt4b_Pixel_Class::inject_view_content_event: Missing option "access_token"
2024-01-27T16:31:48+00:00 DEBUG Tt4b_Pixel_Class::inject_view_content_event: hit ViewContent
2024-01-27T16:31:48+00:00 DEBUG Tt4b_Pixel_Class::inject_view_content_event: Missing option "access_token"
2024-01-27T16:31:50+00:00 DEBUG Tt4b_Pixel_Class::inject_view_content_event: hit ViewContent
2024-01-27T16:31:50+00:00 DEBUG Tt4b_Pixel_Class::inject_view_content_event: Missing option "access_token"
2024-01-27T16:31:52+00:00 DEBUG Tt4b_Pixel_Class::inject_view_content_event: hit ViewContent
2024-01-27T16:31:52+00:00 DEBUG Tt4b_Pixel_Class::inject_view_content_event: Missing option "access_token"
2024-01-27T16:31:56+00:00 DEBUG Tt4b_Pixel_Class::inject_view_content_event: hit ViewContent
2024-01-27T16:31:56+00:00 DEBUG Tt4b_Pixel_Class::inject_view_content_event: Missing option "access_token"
2024-01-27T16:31:59+00:00 DEBUG Tt4b_Pixel_Class::inject_view_content_event: hit ViewContent
2024-01-27T16:31:59+00:00 DEBUG Tt4b_Pixel_Class::inject_view_content_event: Missing option "access_token"
2024-01-27T16:32:08+00:00 DEBUG Tt4b_Pixel_Class::inject_view_content_event: hit ViewContent
2024-01-27T16:32:08+00:00 DEBUG Tt4b_Pixel_Class::inject_view_content_event: Missing option "access_token"
2024-01-27T16:32:16+00:00 DEBUG Tt4b_Pixel_Class::inject_view_content_event: hit ViewContent
2024-01-27T16:32:16+00:00 DEBUG Tt4b_Pixel_Class::inject_view_content_event: Missing option "access_token"
2024-01-27T16:32:19+00:00 DEBUG Tt4b_Pixel_Class::inject_view_content_event: hit ViewContent
2024-01-27T16:32:19+00:00 DEBUG Tt4b_Pixel_Class::inject_view_content_event: Missing option "access_token"
2024-01-27T16:32:21+00:00 DEBUG Tt4b_Pixel_Class::inject_view_content_event: hit ViewContent
2024-01-27T16:32:21+00:00 DEBUG Tt4b_Pixel_Class::inject_view_content_event: Missing option "access_token"
2024-01-27T16:32:23+00:00 DEBUG Tt4b_Pixel_Class::inject_view_content_event: hit ViewContent
2024-01-27T16:32:23+00:00 DEBUG Tt4b_Pixel_Class::inject_view_content_event: Missing option "access_token"
2024-01-27T16:32:25+00:00 DEBUG Tt4b_Pixel_Class::inject_view_content_event: hit ViewContent
2024-01-27T16:32:25+00:00 DEBUG Tt4b_Pixel_Class::inject_view_content_event: Missing option "access_token"
2024-01-27T16:32:30+00:00 DEBUG Tt4b_Pixel_Class::inject_view_content_event: hit ViewContent
2024-01-27T16:32:30+00:00 DEBUG Tt4b_Pixel_Class::inject_view_content_event: Missing option "access_token"
2024-01-27T16:32:31+00:00 DEBUG Tt4b_Pixel_Class::inject_view_content_event: hit ViewContent
2024-01-27T16:32:31+00:00 DEBUG Tt4b_Pixel_Class::inject_view_content_event: Missing option "access_token"
2024-01-27T16:32:31+00:00 DEBUG Tt4b_Pixel_Class::inject_view_content_event: hit ViewContent
2024-01-27T16:32:31+00:00 DEBUG Tt4b_Pixel_Class::inject_view_content_event: Missing option "access_token"
2024-01-27T16:32:33+00:00 DEBUG Tt4b_Pixel_Class::inject_view_content_event: hit ViewContent
2024-01-27T16:32:33+00:00 DEBUG Tt4b_Pixel_Class::inject_view_content_event: Missing option "access_token"
2024-01-27T16:32:35+00:00 DEBUG Tt4b_Pixel_Class::inject_view_content_event: hit ViewContent
2024-01-27T16:32:35+00:00 DEBUG Tt4b_Pixel_Class::inject_view_content_event: Missing option "access_token"
2024-01-27T16:32:38+00:00 DEBUG Tt4b_Pixel_Class::inject_view_content_event: hit ViewContent
2024-01-27T16:32:38+00:00 DEBUG Tt4b_Pixel_Class::inject_view_content_event: Missing option "access_token"
2024-01-27T16:32:46+00:00 DEBUG Tt4b_Pixel_Class::inject_view_content_event: hit ViewContent
2024-01-27T16:32:46+00:00 DEBUG Tt4b_Pixel_Class::inject_view_content_event: Missing option "access_token"
2024-01-27T16:32:52+00:00 DEBUG Tt4b_Pixel_Class::inject_view_content_event: hit ViewContent
2024-01-27T16:32:52+00:00 DEBUG Tt4b_Pixel_Class::inject_view_content_event: Missing option "access_token"
2024-01-27T16:32:55+00:00 DEBUG Tt4b_Pixel_Class::inject_view_content_event: hit ViewContent
2024-01-27T16:32:55+00:00 DEBUG Tt4b_Pixel_Class::inject_view_content_event: Missing option "access_token"
2024-01-27T16:33:05+00:00 DEBUG Tt4b_Pixel_Class::inject_view_content_event: hit ViewContent
2024-01-27T16:33:05+00:00 DEBUG Tt4b_Pixel_Class::inject_view_content_event: Missing option "access_token"
2024-01-27T16:33:11+00:00 DEBUG Tt4b_Pixel_Class::inject_view_content_event: hit ViewContent
2024-01-27T16:33:11+00:00 DEBUG Tt4b_Pixel_Class::inject_view_content_event: Missing option "access_token"
2024-01-27T16:33:13+00:00 DEBUG Tt4b_Pixel_Class::inject_view_content_event: hit ViewContent
2024-01-27T16:33:13+00:00 DEBUG Tt4b_Pixel_Class::inject_view_content_event: Missing option "access_token"
2024-01-27T16:33:24+00:00 DEBUG Tt4b_Pixel_Class::inject_view_content_event: hit ViewContent
2024-01-27T16:33:24+00:00 DEBUG Tt4b_Pixel_Class::inject_view_content_event: Missing option "access_token"
2024-01-27T16:33:25+00:00 DEBUG Tt4b_Pixel_Class::inject_view_content_event: hit ViewContent
2024-01-27T16:33:25+00:00 DEBUG Tt4b_Pixel_Class::inject_view_content_event: Missing option "access_token"
2024-01-27T16:33:27+00:00 DEBUG Tt4b_Pixel_Class::inject_view_content_event: hit ViewContent
2024-01-27T16:33:27+00:00 DEBUG Tt4b_Pixel_Class::inject_view_content_event: Missing option "access_token"
2024-01-27T16:33:28+00:00 DEBUG Tt4b_Pixel_Class::inject_view_content_event: hit ViewContent
2024-01-27T16:33:28+00:00 DEBUG Tt4b_Pixel_Class::inject_view_content_event: Missing option "access_token"
2024-01-27T16:33:31+00:00 DEBUG Tt4b_Pixel_Class::inject_view_content_event: hit ViewContent
2024-01-27T16:33:31+00:00 DEBUG Tt4b_Pixel_Class::inject_view_content_event: Missing option "access_token"
2024-01-27T16:33:33+00:00 DEBUG Tt4b_Pixel_Class::inject_view_content_event: hit ViewContent
2024-01-27T16:33:33+00:00 DEBUG Tt4b_Pixel_Class::inject_view_content_event: Missing option "access_token"
2024-01-27T16:33:48+00:00 DEBUG Tt4b_Pixel_Class::inject_view_content_event: hit ViewContent
2024-01-27T16:33:48+00:00 DEBUG Tt4b_Pixel_Class::inject_view_content_event: Missing option "access_token"
2024-01-27T16:33:51+00:00 DEBUG Tt4b_Pixel_Class::inject_view_content_event: hit ViewContent
2024-01-27T16:33:51+00:00 DEBUG Tt4b_Pixel_Class::inject_view_content_event: Missing option "access_token"
2024-01-27T16:34:01+00:00 DEBUG Tt4b_Pixel_Class::inject_view_content_event: hit ViewContent
2024-01-27T16:34:01+00:00 DEBUG Tt4b_Pixel_Class::inject_view_content_event: Missing option "access_token"
2024-01-27T16:34:07+00:00 DEBUG Tt4b_Pixel_Class::inject_view_content_event: hit ViewContent
2024-01-27T16:34:07+00:00 DEBUG Tt4b_Pixel_Class::inject_view_content_event: Missing option "access_token"
2024-01-27T16:34:20+00:00 DEBUG Tt4b_Pixel_Class::inject_view_content_event: hit ViewContent
2024-01-27T16:34:20+00:00 DEBUG Tt4b_Pixel_Class::inject_view_content_event: Missing option "access_token"
2024-01-27T16:34:25+00:00 DEBUG Tt4b_Pixel_Class::inject_view_content_event: hit ViewContent
2024-01-27T16:34:25+00:00 DEBUG Tt4b_Pixel_Class::inject_view_content_event: Missing option "access_token"
2024-01-27T16:34:41+00:00 DEBUG Tt4b_Pixel_Class::inject_view_content_event: hit ViewContent
2024-01-27T16:34:41+00:00 DEBUG Tt4b_Pixel_Class::inject_view_content_event: Missing option "access_token"
2024-01-27T16:34:51+00:00 DEBUG Tt4b_Pixel_Class::inject_view_content_event: hit ViewContent
2024-01-27T16:34:51+00:00 DEBUG Tt4b_Pixel_Class::inject_view_content_event: Missing option "access_token"
2024-01-27T16:35:09+00:00 DEBUG Tt4b_Pixel_Class::inject_view_content_event: hit ViewContent
2024-01-27T16:35:09+00:00 DEBUG Tt4b_Pixel_Class::inject_view_content_event: Missing option "access_token"
2024-01-27T16:35:25+00:00 DEBUG Tt4b_Pixel_Class::inject_view_content_event: hit ViewContent
2024-01-27T16:35:25+00:00 DEBUG Tt4b_Pixel_Class::inject_view_content_event: Missing option "access_token"
2024-01-27T16:35:40+00:00 DEBUG Tt4b_Pixel_Class::inject_view_content_event: hit ViewContent
2024-01-27T16:35:40+00:00 DEBUG Tt4b_Pixel_Class::inject_view_content_event: Missing option "access_token"
2024-01-27T16:35:53+00:00 DEBUG Tt4b_Pixel_Class::inject_view_content_event: hit ViewContent
2024-01-27T16:35:53+00:00 DEBUG Tt4b_Pixel_Class::inject_view_content_event: Missing option "access_token"
2024-01-27T16:36:11+00:00 DEBUG Tt4b_Pixel_Class::inject_view_content_event: hit ViewContent
2024-01-27T16:36:11+00:00 DEBUG Tt4b_Pixel_Class::inject_view_content_event: Missing option "access_token"
2024-01-27T16:36:34+00:00 DEBUG Tt4b_Pixel_Class::inject_view_content_event: hit ViewContent
2024-01-27T16:36:34+00:00 DEBUG Tt4b_Pixel_Class::inject_view_content_event: Missing option "access_token"
2024-01-27T16:36:45+00:00 DEBUG Tt4b_Pixel_Class::inject_view_content_event: hit ViewContent
2024-01-27T16:36:45+00:00 DEBUG Tt4b_Pixel_Class::inject_view_content_event: Missing option "access_token"
2024-01-27T16:36:59+00:00 DEBUG Tt4b_Pixel_Class::inject_view_content_event: hit ViewContent
2024-01-27T16:36:59+00:00 DEBUG Tt4b_Pixel_Class::inject_view_content_event: Missing option "access_token"
2024-01-27T16:37:06+00:00 DEBUG Tt4b_Pixel_Class::inject_view_content_event: hit ViewContent
2024-01-27T16:37:06+00:00 DEBUG Tt4b_Pixel_Class::inject_view_content_event: Missing option "access_token"
2024-01-27T16:37:18+00:00 DEBUG Tt4b_Pixel_Class::inject_view_content_event: hit ViewContent
2024-01-27T16:37:18+00:00 DEBUG Tt4b_Pixel_Class::inject_view_content_event: Missing option "access_token"
2024-01-27T16:37:19+00:00 DEBUG Tt4b_Pixel_Class::inject_view_content_event: hit ViewContent
2024-01-27T16:37:19+00:00 DEBUG Tt4b_Pixel_Class::inject_view_content_event: Missing option "access_token"
2024-01-27T16:37:20+00:00 DEBUG Tt4b_Pixel_Class::inject_view_content_event: hit ViewContent
2024-01-27T16:37:20+00:00 DEBUG Tt4b_Pixel_Class::inject_view_content_event: Missing option "access_token"
2024-01-27T16:37:22+00:00 DEBUG Tt4b_Pixel_Class::inject_view_content_event: hit ViewContent
2024-01-27T16:37:22+00:00 DEBUG Tt4b_Pixel_Class::inject_view_content_event: Missing option "access_token"
2024-01-27T16:37:25+00:00 DEBUG Tt4b_Pixel_Class::inject_view_content_event: hit ViewContent
2024-01-27T16:37:25+00:00 DEBUG Tt4b_Pixel_Class::inject_view_content_event: Missing option "access_token"
2024-01-27T16:37:42+00:00 DEBUG Tt4b_Pixel_Class::inject_view_content_event: hit ViewContent
2024-01-27T16:37:42+00:00 DEBUG Tt4b_Pixel_Class::inject_view_content_event: Missing option "access_token"
2024-01-27T16:38:02+00:00 DEBUG Tt4b_Pixel_Class::inject_view_content_event: hit ViewContent
2024-01-27T16:38:02+00:00 DEBUG Tt4b_Pixel_Class::inject_view_content_event: Missing option "access_token"
2024-01-27T16:38:33+00:00 DEBUG Tt4b_Pixel_Class::inject_view_content_event: hit ViewContent
2024-01-27T16:38:33+00:00 DEBUG Tt4b_Pixel_Class::inject_view_content_event: Missing option "access_token"
2024-01-27T16:38:36+00:00 DEBUG Tt4b_Pixel_Class::inject_view_content_event: hit ViewContent
2024-01-27T16:38:36+00:00 DEBUG Tt4b_Pixel_Class::inject_view_content_event: Missing option "access_token"
2024-01-27T16:38:38+00:00 DEBUG Tt4b_Pixel_Class::inject_view_content_event: hit ViewContent
2024-01-27T16:38:38+00:00 DEBUG Tt4b_Pixel_Class::inject_view_content_event: Missing option "access_token"
2024-01-27T16:38:40+00:00 DEBUG Tt4b_Pixel_Class::inject_view_content_event: hit ViewContent
2024-01-27T16:38:40+00:00 DEBUG Tt4b_Pixel_Class::inject_view_content_event: Missing option "access_token"
2024-01-27T18:24:51+00:00 DEBUG Tt4b_Pixel_Class::inject_view_content_event: hit ViewContent
2024-01-27T18:24:51+00:00 DEBUG Tt4b_Pixel_Class::inject_view_content_event: Missing option "access_token"
2024-01-27T19:37:58+00:00 DEBUG Tt4b_Pixel_Class::inject_view_content_event: hit ViewContent
2024-01-27T19:37:58+00:00 DEBUG Tt4b_Pixel_Class::inject_view_content_event: Missing option "access_token"
