2024-01-19T00:36:23+00:00 DEBUG Tt4b_Pixel_Class::inject_view_content_event: hit ViewContent
2024-01-19T00:36:23+00:00 DEBUG Tt4b_Pixel_Class::inject_view_content_event: Missing option "access_token"
2024-01-19T00:36:43+00:00 DEBUG Tt4b_Pixel_Class::inject_add_to_cart_event: hit AddToCart
2024-01-19T00:36:43+00:00 DEBUG Tt4b_Pixel_Class::inject_add_to_cart_event: Missing option "access_token"
2024-01-19T00:36:43+00:00 DEBUG Tt4b_Pixel_Class::inject_view_content_event: hit ViewContent
2024-01-19T00:36:43+00:00 DEBUG Tt4b_Pixel_Class::inject_view_content_event: Missing option "access_token"
2024-01-19T01:11:02+00:00 DEBUG Tt4b_Pixel_Class::inject_purchase_event: hit Purchase
2024-01-19T01:11:02+00:00 DEBUG Tt4b_Pixel_Class::inject_purchase_event: Missing option "access_token"
2024-01-19T01:32:40+00:00 DEBUG Tt4b_Pixel_Class::inject_view_content_event: hit ViewContent
2024-01-19T01:32:40+00:00 DEBUG Tt4b_Pixel_Class::inject_view_content_event: Missing option "access_token"
2024-01-19T01:32:43+00:00 DEBUG Tt4b_Pixel_Class::inject_add_to_cart_event: hit AddToCart
2024-01-19T01:32:43+00:00 DEBUG Tt4b_Pixel_Class::inject_add_to_cart_event: Missing option "access_token"
2024-01-19T01:32:44+00:00 DEBUG Tt4b_Pixel_Class::inject_add_to_cart_event: hit AddToCart
2024-01-19T01:32:44+00:00 DEBUG Tt4b_Pixel_Class::inject_add_to_cart_event: Missing option "access_token"
2024-01-19T01:32:46+00:00 DEBUG Tt4b_Pixel_Class::inject_view_content_event: hit ViewContent
2024-01-19T01:32:46+00:00 DEBUG Tt4b_Pixel_Class::inject_view_content_event: Missing option "access_token"
2024-01-19T01:32:48+00:00 DEBUG Tt4b_Pixel_Class::inject_add_to_cart_event: hit AddToCart
2024-01-19T01:32:48+00:00 DEBUG Tt4b_Pixel_Class::inject_add_to_cart_event: Missing option "access_token"
2024-01-19T01:32:49+00:00 DEBUG Tt4b_Pixel_Class::inject_add_to_cart_event: hit AddToCart
2024-01-19T01:32:49+00:00 DEBUG Tt4b_Pixel_Class::inject_add_to_cart_event: Missing option "access_token"
2024-01-19T01:32:51+00:00 DEBUG Tt4b_Pixel_Class::inject_view_content_event: hit ViewContent
2024-01-19T01:32:51+00:00 DEBUG Tt4b_Pixel_Class::inject_view_content_event: Missing option "access_token"
2024-01-19T01:32:53+00:00 DEBUG Tt4b_Pixel_Class::inject_add_to_cart_event: hit AddToCart
2024-01-19T01:32:53+00:00 DEBUG Tt4b_Pixel_Class::inject_add_to_cart_event: Missing option "access_token"
2024-01-19T01:32:53+00:00 DEBUG Tt4b_Pixel_Class::inject_add_to_cart_event: hit AddToCart
2024-01-19T01:32:53+00:00 DEBUG Tt4b_Pixel_Class::inject_add_to_cart_event: Missing option "access_token"
2024-01-19T01:32:56+00:00 DEBUG Tt4b_Pixel_Class::inject_view_content_event: hit ViewContent
2024-01-19T01:32:56+00:00 DEBUG Tt4b_Pixel_Class::inject_view_content_event: Missing option "access_token"
2024-01-19T01:32:58+00:00 DEBUG Tt4b_Pixel_Class::inject_add_to_cart_event: hit AddToCart
2024-01-19T01:32:58+00:00 DEBUG Tt4b_Pixel_Class::inject_add_to_cart_event: Missing option "access_token"
2024-01-19T01:32:59+00:00 DEBUG Tt4b_Pixel_Class::inject_add_to_cart_event: hit AddToCart
2024-01-19T01:32:59+00:00 DEBUG Tt4b_Pixel_Class::inject_add_to_cart_event: Missing option "access_token"
2024-01-19T01:33:01+00:00 DEBUG Tt4b_Pixel_Class::inject_view_content_event: hit ViewContent
2024-01-19T01:33:01+00:00 DEBUG Tt4b_Pixel_Class::inject_view_content_event: Missing option "access_token"
2024-01-19T01:33:03+00:00 DEBUG Tt4b_Pixel_Class::inject_add_to_cart_event: hit AddToCart
2024-01-19T01:33:03+00:00 DEBUG Tt4b_Pixel_Class::inject_add_to_cart_event: Missing option "access_token"
2024-01-19T01:33:04+00:00 DEBUG Tt4b_Pixel_Class::inject_add_to_cart_event: hit AddToCart
2024-01-19T01:33:04+00:00 DEBUG Tt4b_Pixel_Class::inject_add_to_cart_event: Missing option "access_token"
2024-01-19T01:33:06+00:00 DEBUG Tt4b_Pixel_Class::inject_view_content_event: hit ViewContent
2024-01-19T01:33:06+00:00 DEBUG Tt4b_Pixel_Class::inject_view_content_event: Missing option "access_token"
2024-01-19T01:33:08+00:00 DEBUG Tt4b_Pixel_Class::inject_add_to_cart_event: hit AddToCart
2024-01-19T01:33:08+00:00 DEBUG Tt4b_Pixel_Class::inject_add_to_cart_event: Missing option "access_token"
2024-01-19T01:33:09+00:00 DEBUG Tt4b_Pixel_Class::inject_add_to_cart_event: hit AddToCart
2024-01-19T01:33:09+00:00 DEBUG Tt4b_Pixel_Class::inject_add_to_cart_event: Missing option "access_token"
2024-01-19T01:33:11+00:00 DEBUG Tt4b_Pixel_Class::inject_view_content_event: hit ViewContent
2024-01-19T01:33:11+00:00 DEBUG Tt4b_Pixel_Class::inject_view_content_event: Missing option "access_token"
2024-01-19T01:33:13+00:00 DEBUG Tt4b_Pixel_Class::inject_add_to_cart_event: hit AddToCart
2024-01-19T01:33:13+00:00 DEBUG Tt4b_Pixel_Class::inject_add_to_cart_event: Missing option "access_token"
2024-01-19T01:33:14+00:00 DEBUG Tt4b_Pixel_Class::inject_add_to_cart_event: hit AddToCart
2024-01-19T01:33:14+00:00 DEBUG Tt4b_Pixel_Class::inject_add_to_cart_event: Missing option "access_token"
2024-01-19T01:33:16+00:00 DEBUG Tt4b_Pixel_Class::inject_view_content_event: hit ViewContent
2024-01-19T01:33:16+00:00 DEBUG Tt4b_Pixel_Class::inject_view_content_event: Missing option "access_token"
2024-01-19T01:33:18+00:00 DEBUG Tt4b_Pixel_Class::inject_add_to_cart_event: hit AddToCart
2024-01-19T01:33:18+00:00 DEBUG Tt4b_Pixel_Class::inject_add_to_cart_event: Missing option "access_token"
2024-01-19T01:33:19+00:00 DEBUG Tt4b_Pixel_Class::inject_add_to_cart_event: hit AddToCart
2024-01-19T01:33:19+00:00 DEBUG Tt4b_Pixel_Class::inject_add_to_cart_event: Missing option "access_token"
2024-01-19T01:33:21+00:00 DEBUG Tt4b_Pixel_Class::inject_view_content_event: hit ViewContent
2024-01-19T01:33:21+00:00 DEBUG Tt4b_Pixel_Class::inject_view_content_event: Missing option "access_token"
2024-01-19T01:33:23+00:00 DEBUG Tt4b_Pixel_Class::inject_add_to_cart_event: hit AddToCart
2024-01-19T01:33:23+00:00 DEBUG Tt4b_Pixel_Class::inject_add_to_cart_event: Missing option "access_token"
2024-01-19T01:33:24+00:00 DEBUG Tt4b_Pixel_Class::inject_add_to_cart_event: hit AddToCart
2024-01-19T01:33:24+00:00 DEBUG Tt4b_Pixel_Class::inject_add_to_cart_event: Missing option "access_token"
2024-01-19T01:33:43+00:00 DEBUG Tt4b_Pixel_Class::inject_add_to_cart_event: hit AddToCart
2024-01-19T01:33:43+00:00 DEBUG Tt4b_Pixel_Class::inject_add_to_cart_event: Missing option "access_token"
2024-01-19T01:33:44+00:00 DEBUG Tt4b_Pixel_Class::inject_add_to_cart_event: hit AddToCart
2024-01-19T01:33:44+00:00 DEBUG Tt4b_Pixel_Class::inject_add_to_cart_event: Missing option "access_token"
2024-01-19T01:33:46+00:00 DEBUG Tt4b_Pixel_Class::inject_add_to_cart_event: hit AddToCart
2024-01-19T01:33:46+00:00 DEBUG Tt4b_Pixel_Class::inject_add_to_cart_event: Missing option "access_token"
2024-01-19T01:33:47+00:00 DEBUG Tt4b_Pixel_Class::inject_add_to_cart_event: hit AddToCart
2024-01-19T01:33:47+00:00 DEBUG Tt4b_Pixel_Class::inject_add_to_cart_event: Missing option "access_token"
2024-01-19T01:33:48+00:00 DEBUG Tt4b_Pixel_Class::inject_add_to_cart_event: hit AddToCart
2024-01-19T01:33:48+00:00 DEBUG Tt4b_Pixel_Class::inject_add_to_cart_event: Missing option "access_token"
2024-01-19T01:33:49+00:00 DEBUG Tt4b_Pixel_Class::inject_add_to_cart_event: hit AddToCart
2024-01-19T01:33:49+00:00 DEBUG Tt4b_Pixel_Class::inject_add_to_cart_event: Missing option "access_token"
2024-01-19T01:33:51+00:00 DEBUG Tt4b_Pixel_Class::inject_add_to_cart_event: hit AddToCart
2024-01-19T01:33:51+00:00 DEBUG Tt4b_Pixel_Class::inject_add_to_cart_event: Missing option "access_token"
2024-01-19T01:33:52+00:00 DEBUG Tt4b_Pixel_Class::inject_add_to_cart_event: hit AddToCart
2024-01-19T01:33:52+00:00 DEBUG Tt4b_Pixel_Class::inject_add_to_cart_event: Missing option "access_token"
2024-01-19T01:34:39+00:00 DEBUG Tt4b_Pixel_Class::inject_view_content_event: hit ViewContent
2024-01-19T01:34:39+00:00 DEBUG Tt4b_Pixel_Class::inject_view_content_event: Missing option "access_token"
2024-01-19T01:34:49+00:00 DEBUG Tt4b_Pixel_Class::inject_add_to_cart_event: hit AddToCart
2024-01-19T01:34:49+00:00 DEBUG Tt4b_Pixel_Class::inject_add_to_cart_event: Missing option "access_token"
2024-01-19T01:34:50+00:00 DEBUG Tt4b_Pixel_Class::inject_add_to_cart_event: hit AddToCart
2024-01-19T01:34:50+00:00 DEBUG Tt4b_Pixel_Class::inject_add_to_cart_event: Missing option "access_token"
2024-01-19T01:34:50+00:00 DEBUG Tt4b_Pixel_Class::inject_view_content_event: hit ViewContent
2024-01-19T01:34:50+00:00 DEBUG Tt4b_Pixel_Class::inject_view_content_event: Missing option "access_token"
2024-01-19T01:34:51+00:00 DEBUG Tt4b_Pixel_Class::inject_add_to_cart_event: hit AddToCart
2024-01-19T01:34:51+00:00 DEBUG Tt4b_Pixel_Class::inject_add_to_cart_event: Missing option "access_token"
2024-01-19T01:34:52+00:00 DEBUG Tt4b_Pixel_Class::inject_add_to_cart_event: hit AddToCart
2024-01-19T01:34:52+00:00 DEBUG Tt4b_Pixel_Class::inject_add_to_cart_event: Missing option "access_token"
2024-01-19T01:34:52+00:00 DEBUG Tt4b_Pixel_Class::inject_view_content_event: hit ViewContent
2024-01-19T01:34:52+00:00 DEBUG Tt4b_Pixel_Class::inject_view_content_event: Missing option "access_token"
2024-01-19T01:34:53+00:00 DEBUG Tt4b_Pixel_Class::inject_add_to_cart_event: hit AddToCart
2024-01-19T01:34:53+00:00 DEBUG Tt4b_Pixel_Class::inject_add_to_cart_event: Missing option "access_token"
2024-01-19T01:34:54+00:00 DEBUG Tt4b_Pixel_Class::inject_add_to_cart_event: hit AddToCart
2024-01-19T01:34:54+00:00 DEBUG Tt4b_Pixel_Class::inject_add_to_cart_event: Missing option "access_token"
2024-01-19T01:34:54+00:00 DEBUG Tt4b_Pixel_Class::inject_view_content_event: hit ViewContent
2024-01-19T01:34:54+00:00 DEBUG Tt4b_Pixel_Class::inject_view_content_event: Missing option "access_token"
2024-01-19T01:34:55+00:00 DEBUG Tt4b_Pixel_Class::inject_add_to_cart_event: hit AddToCart
2024-01-19T01:34:55+00:00 DEBUG Tt4b_Pixel_Class::inject_add_to_cart_event: Missing option "access_token"
2024-01-19T01:34:56+00:00 DEBUG Tt4b_Pixel_Class::inject_add_to_cart_event: hit AddToCart
2024-01-19T01:34:56+00:00 DEBUG Tt4b_Pixel_Class::inject_add_to_cart_event: Missing option "access_token"
2024-01-19T01:34:56+00:00 DEBUG Tt4b_Pixel_Class::inject_view_content_event: hit ViewContent
2024-01-19T01:34:56+00:00 DEBUG Tt4b_Pixel_Class::inject_view_content_event: Missing option "access_token"
2024-01-19T01:35:01+00:00 DEBUG Tt4b_Pixel_Class::inject_view_content_event: hit ViewContent
2024-01-19T01:35:01+00:00 DEBUG Tt4b_Pixel_Class::inject_view_content_event: Missing option "access_token"
2024-01-19T01:35:11+00:00 DEBUG Tt4b_Pixel_Class::inject_add_to_cart_event: hit AddToCart
2024-01-19T01:35:11+00:00 DEBUG Tt4b_Pixel_Class::inject_add_to_cart_event: Missing option "access_token"
2024-01-19T01:35:11+00:00 DEBUG Tt4b_Pixel_Class::inject_add_to_cart_event: hit AddToCart
2024-01-19T01:35:11+00:00 DEBUG Tt4b_Pixel_Class::inject_add_to_cart_event: Missing option "access_token"
2024-01-19T01:35:11+00:00 DEBUG Tt4b_Pixel_Class::inject_view_content_event: hit ViewContent
2024-01-19T01:35:11+00:00 DEBUG Tt4b_Pixel_Class::inject_view_content_event: Missing option "access_token"
2024-01-19T01:35:16+00:00 DEBUG Tt4b_Pixel_Class::inject_view_content_event: hit ViewContent
2024-01-19T01:35:16+00:00 DEBUG Tt4b_Pixel_Class::inject_view_content_event: Missing option "access_token"
2024-01-19T01:35:21+00:00 DEBUG Tt4b_Pixel_Class::inject_add_to_cart_event: hit AddToCart
2024-01-19T01:35:21+00:00 DEBUG Tt4b_Pixel_Class::inject_add_to_cart_event: Missing option "access_token"
2024-01-19T01:35:22+00:00 DEBUG Tt4b_Pixel_Class::inject_add_to_cart_event: hit AddToCart
2024-01-19T01:35:22+00:00 DEBUG Tt4b_Pixel_Class::inject_add_to_cart_event: Missing option "access_token"
2024-01-19T01:35:22+00:00 DEBUG Tt4b_Pixel_Class::inject_view_content_event: hit ViewContent
2024-01-19T01:35:22+00:00 DEBUG Tt4b_Pixel_Class::inject_view_content_event: Missing option "access_token"
2024-01-19T01:35:23+00:00 DEBUG Tt4b_Pixel_Class::inject_add_to_cart_event: hit AddToCart
2024-01-19T01:35:23+00:00 DEBUG Tt4b_Pixel_Class::inject_add_to_cart_event: Missing option "access_token"
2024-01-19T01:35:24+00:00 DEBUG Tt4b_Pixel_Class::inject_add_to_cart_event: hit AddToCart
2024-01-19T01:35:24+00:00 DEBUG Tt4b_Pixel_Class::inject_add_to_cart_event: Missing option "access_token"
2024-01-19T01:35:24+00:00 DEBUG Tt4b_Pixel_Class::inject_view_content_event: hit ViewContent
2024-01-19T01:35:24+00:00 DEBUG Tt4b_Pixel_Class::inject_view_content_event: Missing option "access_token"
2024-01-19T01:35:25+00:00 DEBUG Tt4b_Pixel_Class::inject_add_to_cart_event: hit AddToCart
2024-01-19T01:35:25+00:00 DEBUG Tt4b_Pixel_Class::inject_add_to_cart_event: Missing option "access_token"
2024-01-19T01:35:26+00:00 DEBUG Tt4b_Pixel_Class::inject_add_to_cart_event: hit AddToCart
2024-01-19T01:35:26+00:00 DEBUG Tt4b_Pixel_Class::inject_add_to_cart_event: Missing option "access_token"
2024-01-19T01:35:26+00:00 DEBUG Tt4b_Pixel_Class::inject_view_content_event: hit ViewContent
2024-01-19T01:35:26+00:00 DEBUG Tt4b_Pixel_Class::inject_view_content_event: Missing option "access_token"
2024-01-19T01:35:28+00:00 DEBUG Tt4b_Pixel_Class::inject_add_to_cart_event: hit AddToCart
2024-01-19T01:35:28+00:00 DEBUG Tt4b_Pixel_Class::inject_add_to_cart_event: Missing option "access_token"
2024-01-19T01:35:28+00:00 DEBUG Tt4b_Pixel_Class::inject_add_to_cart_event: hit AddToCart
2024-01-19T01:35:28+00:00 DEBUG Tt4b_Pixel_Class::inject_add_to_cart_event: Missing option "access_token"
2024-01-19T01:35:29+00:00 DEBUG Tt4b_Pixel_Class::inject_view_content_event: hit ViewContent
2024-01-19T01:35:29+00:00 DEBUG Tt4b_Pixel_Class::inject_view_content_event: Missing option "access_token"
2024-01-19T01:35:34+00:00 DEBUG Tt4b_Pixel_Class::inject_view_content_event: hit ViewContent
2024-01-19T01:35:34+00:00 DEBUG Tt4b_Pixel_Class::inject_view_content_event: Missing option "access_token"
2024-01-19T01:35:39+00:00 DEBUG Tt4b_Pixel_Class::inject_add_to_cart_event: hit AddToCart
2024-01-19T01:35:39+00:00 DEBUG Tt4b_Pixel_Class::inject_add_to_cart_event: Missing option "access_token"
2024-01-19T01:35:39+00:00 DEBUG Tt4b_Pixel_Class::inject_add_to_cart_event: hit AddToCart
2024-01-19T01:35:39+00:00 DEBUG Tt4b_Pixel_Class::inject_add_to_cart_event: Missing option "access_token"
2024-01-19T01:35:40+00:00 DEBUG Tt4b_Pixel_Class::inject_view_content_event: hit ViewContent
2024-01-19T01:35:40+00:00 DEBUG Tt4b_Pixel_Class::inject_view_content_event: Missing option "access_token"
2024-01-19T01:35:45+00:00 DEBUG Tt4b_Pixel_Class::inject_view_content_event: hit ViewContent
2024-01-19T01:35:45+00:00 DEBUG Tt4b_Pixel_Class::inject_view_content_event: Missing option "access_token"
2024-01-19T01:35:50+00:00 DEBUG Tt4b_Pixel_Class::inject_add_to_cart_event: hit AddToCart
2024-01-19T01:35:50+00:00 DEBUG Tt4b_Pixel_Class::inject_add_to_cart_event: Missing option "access_token"
2024-01-19T01:35:50+00:00 DEBUG Tt4b_Pixel_Class::inject_add_to_cart_event: hit AddToCart
2024-01-19T01:35:50+00:00 DEBUG Tt4b_Pixel_Class::inject_add_to_cart_event: Missing option "access_token"
2024-01-19T01:35:51+00:00 DEBUG Tt4b_Pixel_Class::inject_view_content_event: hit ViewContent
2024-01-19T01:35:51+00:00 DEBUG Tt4b_Pixel_Class::inject_view_content_event: Missing option "access_token"
2024-01-19T01:35:52+00:00 DEBUG Tt4b_Pixel_Class::inject_add_to_cart_event: hit AddToCart
2024-01-19T01:35:52+00:00 DEBUG Tt4b_Pixel_Class::inject_add_to_cart_event: Missing option "access_token"
2024-01-19T01:35:53+00:00 DEBUG Tt4b_Pixel_Class::inject_add_to_cart_event: hit AddToCart
2024-01-19T01:35:53+00:00 DEBUG Tt4b_Pixel_Class::inject_add_to_cart_event: Missing option "access_token"
2024-01-19T01:35:53+00:00 DEBUG Tt4b_Pixel_Class::inject_view_content_event: hit ViewContent
2024-01-19T01:35:53+00:00 DEBUG Tt4b_Pixel_Class::inject_view_content_event: Missing option "access_token"
2024-01-19T01:35:54+00:00 DEBUG Tt4b_Pixel_Class::inject_add_to_cart_event: hit AddToCart
2024-01-19T01:35:54+00:00 DEBUG Tt4b_Pixel_Class::inject_add_to_cart_event: Missing option "access_token"
2024-01-19T01:35:55+00:00 DEBUG Tt4b_Pixel_Class::inject_add_to_cart_event: hit AddToCart
2024-01-19T01:35:55+00:00 DEBUG Tt4b_Pixel_Class::inject_add_to_cart_event: Missing option "access_token"
2024-01-19T01:35:55+00:00 DEBUG Tt4b_Pixel_Class::inject_view_content_event: hit ViewContent
2024-01-19T01:35:55+00:00 DEBUG Tt4b_Pixel_Class::inject_view_content_event: Missing option "access_token"
2024-01-19T01:35:56+00:00 DEBUG Tt4b_Pixel_Class::inject_add_to_cart_event: hit AddToCart
2024-01-19T01:35:56+00:00 DEBUG Tt4b_Pixel_Class::inject_add_to_cart_event: Missing option "access_token"
2024-01-19T01:35:57+00:00 DEBUG Tt4b_Pixel_Class::inject_add_to_cart_event: hit AddToCart
2024-01-19T01:35:57+00:00 DEBUG Tt4b_Pixel_Class::inject_add_to_cart_event: Missing option "access_token"
2024-01-19T01:35:57+00:00 DEBUG Tt4b_Pixel_Class::inject_view_content_event: hit ViewContent
2024-01-19T01:35:57+00:00 DEBUG Tt4b_Pixel_Class::inject_view_content_event: Missing option "access_token"
2024-01-19T01:36:03+00:00 DEBUG Tt4b_Pixel_Class::inject_view_content_event: hit ViewContent
2024-01-19T01:36:03+00:00 DEBUG Tt4b_Pixel_Class::inject_view_content_event: Missing option "access_token"
2024-01-19T01:36:09+00:00 DEBUG Tt4b_Pixel_Class::inject_add_to_cart_event: hit AddToCart
2024-01-19T01:36:09+00:00 DEBUG Tt4b_Pixel_Class::inject_add_to_cart_event: Missing option "access_token"
2024-01-19T01:36:10+00:00 DEBUG Tt4b_Pixel_Class::inject_add_to_cart_event: hit AddToCart
2024-01-19T01:36:10+00:00 DEBUG Tt4b_Pixel_Class::inject_add_to_cart_event: Missing option "access_token"
2024-01-19T01:36:10+00:00 DEBUG Tt4b_Pixel_Class::inject_view_content_event: hit ViewContent
2024-01-19T01:36:10+00:00 DEBUG Tt4b_Pixel_Class::inject_view_content_event: Missing option "access_token"
2024-01-19T01:36:11+00:00 DEBUG Tt4b_Pixel_Class::inject_add_to_cart_event: hit AddToCart
2024-01-19T01:36:11+00:00 DEBUG Tt4b_Pixel_Class::inject_add_to_cart_event: Missing option "access_token"
2024-01-19T01:36:12+00:00 DEBUG Tt4b_Pixel_Class::inject_add_to_cart_event: hit AddToCart
2024-01-19T01:36:12+00:00 DEBUG Tt4b_Pixel_Class::inject_add_to_cart_event: Missing option "access_token"
2024-01-19T01:36:12+00:00 DEBUG Tt4b_Pixel_Class::inject_view_content_event: hit ViewContent
2024-01-19T01:36:12+00:00 DEBUG Tt4b_Pixel_Class::inject_view_content_event: Missing option "access_token"
2024-01-19T01:36:13+00:00 DEBUG Tt4b_Pixel_Class::inject_add_to_cart_event: hit AddToCart
2024-01-19T01:36:13+00:00 DEBUG Tt4b_Pixel_Class::inject_add_to_cart_event: Missing option "access_token"
2024-01-19T01:36:14+00:00 DEBUG Tt4b_Pixel_Class::inject_add_to_cart_event: hit AddToCart
2024-01-19T01:36:14+00:00 DEBUG Tt4b_Pixel_Class::inject_add_to_cart_event: Missing option "access_token"
2024-01-19T01:36:14+00:00 DEBUG Tt4b_Pixel_Class::inject_view_content_event: hit ViewContent
2024-01-19T01:36:14+00:00 DEBUG Tt4b_Pixel_Class::inject_view_content_event: Missing option "access_token"
2024-01-19T01:36:15+00:00 DEBUG Tt4b_Pixel_Class::inject_add_to_cart_event: hit AddToCart
2024-01-19T01:36:15+00:00 DEBUG Tt4b_Pixel_Class::inject_add_to_cart_event: Missing option "access_token"
2024-01-19T01:36:16+00:00 DEBUG Tt4b_Pixel_Class::inject_add_to_cart_event: hit AddToCart
2024-01-19T01:36:16+00:00 DEBUG Tt4b_Pixel_Class::inject_add_to_cart_event: Missing option "access_token"
2024-01-19T01:36:16+00:00 DEBUG Tt4b_Pixel_Class::inject_view_content_event: hit ViewContent
2024-01-19T01:36:16+00:00 DEBUG Tt4b_Pixel_Class::inject_view_content_event: Missing option "access_token"
2024-01-19T01:36:21+00:00 DEBUG Tt4b_Pixel_Class::inject_view_content_event: hit ViewContent
2024-01-19T01:36:21+00:00 DEBUG Tt4b_Pixel_Class::inject_view_content_event: Missing option "access_token"
2024-01-19T01:36:24+00:00 DEBUG Tt4b_Pixel_Class::inject_add_to_cart_event: hit AddToCart
2024-01-19T01:36:24+00:00 DEBUG Tt4b_Pixel_Class::inject_add_to_cart_event: Missing option "access_token"
2024-01-19T01:36:25+00:00 DEBUG Tt4b_Pixel_Class::inject_add_to_cart_event: hit AddToCart
2024-01-19T01:36:25+00:00 DEBUG Tt4b_Pixel_Class::inject_add_to_cart_event: Missing option "access_token"
2024-01-19T01:36:25+00:00 DEBUG Tt4b_Pixel_Class::inject_view_content_event: hit ViewContent
2024-01-19T01:36:25+00:00 DEBUG Tt4b_Pixel_Class::inject_view_content_event: Missing option "access_token"
2024-01-19T01:36:26+00:00 DEBUG Tt4b_Pixel_Class::inject_add_to_cart_event: hit AddToCart
2024-01-19T01:36:26+00:00 DEBUG Tt4b_Pixel_Class::inject_add_to_cart_event: Missing option "access_token"
2024-01-19T01:36:27+00:00 DEBUG Tt4b_Pixel_Class::inject_add_to_cart_event: hit AddToCart
2024-01-19T01:36:27+00:00 DEBUG Tt4b_Pixel_Class::inject_add_to_cart_event: Missing option "access_token"
2024-01-19T01:36:27+00:00 DEBUG Tt4b_Pixel_Class::inject_view_content_event: hit ViewContent
2024-01-19T01:36:27+00:00 DEBUG Tt4b_Pixel_Class::inject_view_content_event: Missing option "access_token"
2024-01-19T01:36:28+00:00 DEBUG Tt4b_Pixel_Class::inject_add_to_cart_event: hit AddToCart
2024-01-19T01:36:28+00:00 DEBUG Tt4b_Pixel_Class::inject_add_to_cart_event: Missing option "access_token"
2024-01-19T01:36:29+00:00 DEBUG Tt4b_Pixel_Class::inject_add_to_cart_event: hit AddToCart
2024-01-19T01:36:29+00:00 DEBUG Tt4b_Pixel_Class::inject_add_to_cart_event: Missing option "access_token"
2024-01-19T01:36:29+00:00 DEBUG Tt4b_Pixel_Class::inject_view_content_event: hit ViewContent
2024-01-19T01:36:29+00:00 DEBUG Tt4b_Pixel_Class::inject_view_content_event: Missing option "access_token"
2024-01-19T01:36:31+00:00 DEBUG Tt4b_Pixel_Class::inject_add_to_cart_event: hit AddToCart
2024-01-19T01:36:31+00:00 DEBUG Tt4b_Pixel_Class::inject_add_to_cart_event: Missing option "access_token"
2024-01-19T01:36:31+00:00 DEBUG Tt4b_Pixel_Class::inject_add_to_cart_event: hit AddToCart
2024-01-19T01:36:31+00:00 DEBUG Tt4b_Pixel_Class::inject_add_to_cart_event: Missing option "access_token"
2024-01-19T01:36:32+00:00 DEBUG Tt4b_Pixel_Class::inject_view_content_event: hit ViewContent
2024-01-19T01:36:32+00:00 DEBUG Tt4b_Pixel_Class::inject_view_content_event: Missing option "access_token"
2024-01-19T01:36:37+00:00 DEBUG Tt4b_Pixel_Class::inject_view_content_event: hit ViewContent
2024-01-19T01:36:37+00:00 DEBUG Tt4b_Pixel_Class::inject_view_content_event: Missing option "access_token"
2024-01-19T01:36:42+00:00 DEBUG Tt4b_Pixel_Class::inject_add_to_cart_event: hit AddToCart
2024-01-19T01:36:42+00:00 DEBUG Tt4b_Pixel_Class::inject_add_to_cart_event: Missing option "access_token"
2024-01-19T01:36:42+00:00 DEBUG Tt4b_Pixel_Class::inject_add_to_cart_event: hit AddToCart
2024-01-19T01:36:42+00:00 DEBUG Tt4b_Pixel_Class::inject_add_to_cart_event: Missing option "access_token"
2024-01-19T01:36:43+00:00 DEBUG Tt4b_Pixel_Class::inject_view_content_event: hit ViewContent
2024-01-19T01:36:43+00:00 DEBUG Tt4b_Pixel_Class::inject_view_content_event: Missing option "access_token"
2024-01-19T01:36:44+00:00 DEBUG Tt4b_Pixel_Class::inject_add_to_cart_event: hit AddToCart
2024-01-19T01:36:44+00:00 DEBUG Tt4b_Pixel_Class::inject_add_to_cart_event: Missing option "access_token"
2024-01-19T01:36:45+00:00 DEBUG Tt4b_Pixel_Class::inject_add_to_cart_event: hit AddToCart
2024-01-19T01:36:45+00:00 DEBUG Tt4b_Pixel_Class::inject_add_to_cart_event: Missing option "access_token"
2024-01-19T01:36:45+00:00 DEBUG Tt4b_Pixel_Class::inject_view_content_event: hit ViewContent
2024-01-19T01:36:45+00:00 DEBUG Tt4b_Pixel_Class::inject_view_content_event: Missing option "access_token"
2024-01-19T01:36:46+00:00 DEBUG Tt4b_Pixel_Class::inject_add_to_cart_event: hit AddToCart
2024-01-19T01:36:46+00:00 DEBUG Tt4b_Pixel_Class::inject_add_to_cart_event: Missing option "access_token"
2024-01-19T01:36:47+00:00 DEBUG Tt4b_Pixel_Class::inject_add_to_cart_event: hit AddToCart
2024-01-19T01:36:47+00:00 DEBUG Tt4b_Pixel_Class::inject_add_to_cart_event: Missing option "access_token"
2024-01-19T01:36:47+00:00 DEBUG Tt4b_Pixel_Class::inject_view_content_event: hit ViewContent
2024-01-19T01:36:47+00:00 DEBUG Tt4b_Pixel_Class::inject_view_content_event: Missing option "access_token"
2024-01-19T01:36:48+00:00 DEBUG Tt4b_Pixel_Class::inject_add_to_cart_event: hit AddToCart
2024-01-19T01:36:48+00:00 DEBUG Tt4b_Pixel_Class::inject_add_to_cart_event: Missing option "access_token"
2024-01-19T01:36:49+00:00 DEBUG Tt4b_Pixel_Class::inject_add_to_cart_event: hit AddToCart
2024-01-19T01:36:49+00:00 DEBUG Tt4b_Pixel_Class::inject_add_to_cart_event: Missing option "access_token"
2024-01-19T01:36:49+00:00 DEBUG Tt4b_Pixel_Class::inject_view_content_event: hit ViewContent
2024-01-19T01:36:49+00:00 DEBUG Tt4b_Pixel_Class::inject_view_content_event: Missing option "access_token"
2024-01-19T01:36:54+00:00 DEBUG Tt4b_Pixel_Class::inject_view_content_event: hit ViewContent
2024-01-19T01:36:54+00:00 DEBUG Tt4b_Pixel_Class::inject_view_content_event: Missing option "access_token"
2024-01-19T01:37:04+00:00 DEBUG Tt4b_Pixel_Class::inject_add_to_cart_event: hit AddToCart
2024-01-19T01:37:04+00:00 DEBUG Tt4b_Pixel_Class::inject_add_to_cart_event: Missing option "access_token"
2024-01-19T01:37:05+00:00 DEBUG Tt4b_Pixel_Class::inject_add_to_cart_event: hit AddToCart
2024-01-19T01:37:05+00:00 DEBUG Tt4b_Pixel_Class::inject_add_to_cart_event: Missing option "access_token"
2024-01-19T01:37:07+00:00 DEBUG Tt4b_Pixel_Class::inject_add_to_cart_event: hit AddToCart
2024-01-19T01:37:07+00:00 DEBUG Tt4b_Pixel_Class::inject_add_to_cart_event: Missing option "access_token"
2024-01-19T01:37:08+00:00 DEBUG Tt4b_Pixel_Class::inject_add_to_cart_event: hit AddToCart
2024-01-19T01:37:08+00:00 DEBUG Tt4b_Pixel_Class::inject_add_to_cart_event: Missing option "access_token"
2024-01-19T01:37:09+00:00 DEBUG Tt4b_Pixel_Class::inject_add_to_cart_event: hit AddToCart
2024-01-19T01:37:09+00:00 DEBUG Tt4b_Pixel_Class::inject_add_to_cart_event: Missing option "access_token"
2024-01-19T01:37:10+00:00 DEBUG Tt4b_Pixel_Class::inject_add_to_cart_event: hit AddToCart
2024-01-19T01:37:10+00:00 DEBUG Tt4b_Pixel_Class::inject_add_to_cart_event: Missing option "access_token"
2024-01-19T01:37:12+00:00 DEBUG Tt4b_Pixel_Class::inject_add_to_cart_event: hit AddToCart
2024-01-19T01:37:12+00:00 DEBUG Tt4b_Pixel_Class::inject_add_to_cart_event: Missing option "access_token"
2024-01-19T01:37:12+00:00 DEBUG Tt4b_Pixel_Class::inject_add_to_cart_event: hit AddToCart
2024-01-19T01:37:12+00:00 DEBUG Tt4b_Pixel_Class::inject_add_to_cart_event: Missing option "access_token"
2024-01-19T01:37:14+00:00 DEBUG Tt4b_Pixel_Class::inject_add_to_cart_event: hit AddToCart
2024-01-19T01:37:14+00:00 DEBUG Tt4b_Pixel_Class::inject_add_to_cart_event: Missing option "access_token"
2024-01-19T01:37:14+00:00 DEBUG Tt4b_Pixel_Class::inject_add_to_cart_event: hit AddToCart
2024-01-19T01:37:14+00:00 DEBUG Tt4b_Pixel_Class::inject_add_to_cart_event: Missing option "access_token"
2024-01-19T01:37:16+00:00 DEBUG Tt4b_Pixel_Class::inject_add_to_cart_event: hit AddToCart
2024-01-19T01:37:16+00:00 DEBUG Tt4b_Pixel_Class::inject_add_to_cart_event: Missing option "access_token"
2024-01-19T01:37:17+00:00 DEBUG Tt4b_Pixel_Class::inject_add_to_cart_event: hit AddToCart
2024-01-19T01:37:17+00:00 DEBUG Tt4b_Pixel_Class::inject_add_to_cart_event: Missing option "access_token"
2024-01-19T01:37:18+00:00 DEBUG Tt4b_Pixel_Class::inject_add_to_cart_event: hit AddToCart
2024-01-19T01:37:18+00:00 DEBUG Tt4b_Pixel_Class::inject_add_to_cart_event: Missing option "access_token"
2024-01-19T01:37:19+00:00 DEBUG Tt4b_Pixel_Class::inject_add_to_cart_event: hit AddToCart
2024-01-19T01:37:19+00:00 DEBUG Tt4b_Pixel_Class::inject_add_to_cart_event: Missing option "access_token"
2024-01-19T01:37:19+00:00 DEBUG Tt4b_Pixel_Class::inject_view_content_event: hit ViewContent
2024-01-19T01:37:19+00:00 DEBUG Tt4b_Pixel_Class::inject_view_content_event: Missing option "access_token"
2024-01-19T01:37:21+00:00 DEBUG Tt4b_Pixel_Class::inject_add_to_cart_event: hit AddToCart
2024-01-19T01:37:21+00:00 DEBUG Tt4b_Pixel_Class::inject_add_to_cart_event: Missing option "access_token"
2024-01-19T01:37:22+00:00 DEBUG Tt4b_Pixel_Class::inject_add_to_cart_event: hit AddToCart
2024-01-19T01:37:22+00:00 DEBUG Tt4b_Pixel_Class::inject_add_to_cart_event: Missing option "access_token"
2024-01-19T01:37:24+00:00 DEBUG Tt4b_Pixel_Class::inject_add_to_cart_event: hit AddToCart
2024-01-19T01:37:24+00:00 DEBUG Tt4b_Pixel_Class::inject_add_to_cart_event: Missing option "access_token"
2024-01-19T01:37:24+00:00 DEBUG Tt4b_Pixel_Class::inject_add_to_cart_event: hit AddToCart
2024-01-19T01:37:24+00:00 DEBUG Tt4b_Pixel_Class::inject_add_to_cart_event: Missing option "access_token"
2024-01-19T01:37:26+00:00 DEBUG Tt4b_Pixel_Class::inject_add_to_cart_event: hit AddToCart
2024-01-19T01:37:26+00:00 DEBUG Tt4b_Pixel_Class::inject_add_to_cart_event: Missing option "access_token"
2024-01-19T01:37:27+00:00 DEBUG Tt4b_Pixel_Class::inject_add_to_cart_event: hit AddToCart
2024-01-19T01:37:27+00:00 DEBUG Tt4b_Pixel_Class::inject_add_to_cart_event: Missing option "access_token"
2024-01-19T01:37:30+00:00 DEBUG Tt4b_Pixel_Class::inject_add_to_cart_event: hit AddToCart
2024-01-19T01:37:30+00:00 DEBUG Tt4b_Pixel_Class::inject_add_to_cart_event: Missing option "access_token"
2024-01-19T01:37:30+00:00 DEBUG Tt4b_Pixel_Class::inject_add_to_cart_event: hit AddToCart
2024-01-19T01:37:30+00:00 DEBUG Tt4b_Pixel_Class::inject_add_to_cart_event: Missing option "access_token"
2024-01-19T01:37:32+00:00 DEBUG Tt4b_Pixel_Class::inject_add_to_cart_event: hit AddToCart
2024-01-19T01:37:32+00:00 DEBUG Tt4b_Pixel_Class::inject_add_to_cart_event: Missing option "access_token"
2024-01-19T01:37:32+00:00 DEBUG Tt4b_Pixel_Class::inject_add_to_cart_event: hit AddToCart
2024-01-19T01:37:32+00:00 DEBUG Tt4b_Pixel_Class::inject_add_to_cart_event: Missing option "access_token"
2024-01-19T01:37:34+00:00 DEBUG Tt4b_Pixel_Class::inject_add_to_cart_event: hit AddToCart
2024-01-19T01:37:34+00:00 DEBUG Tt4b_Pixel_Class::inject_add_to_cart_event: Missing option "access_token"
2024-01-19T01:37:34+00:00 DEBUG Tt4b_Pixel_Class::inject_add_to_cart_event: hit AddToCart
2024-01-19T01:37:34+00:00 DEBUG Tt4b_Pixel_Class::inject_add_to_cart_event: Missing option "access_token"
2024-01-19T01:37:35+00:00 DEBUG Tt4b_Pixel_Class::inject_view_content_event: hit ViewContent
2024-01-19T01:37:35+00:00 DEBUG Tt4b_Pixel_Class::inject_view_content_event: Missing option "access_token"
2024-01-19T01:37:36+00:00 DEBUG Tt4b_Pixel_Class::inject_add_to_cart_event: hit AddToCart
2024-01-19T01:37:36+00:00 DEBUG Tt4b_Pixel_Class::inject_add_to_cart_event: Missing option "access_token"
2024-01-19T01:37:37+00:00 DEBUG Tt4b_Pixel_Class::inject_add_to_cart_event: hit AddToCart
2024-01-19T01:37:37+00:00 DEBUG Tt4b_Pixel_Class::inject_add_to_cart_event: Missing option "access_token"
2024-01-19T01:37:37+00:00 DEBUG Tt4b_Pixel_Class::inject_view_content_event: hit ViewContent
2024-01-19T01:37:37+00:00 DEBUG Tt4b_Pixel_Class::inject_view_content_event: Missing option "access_token"
2024-01-19T01:37:38+00:00 DEBUG Tt4b_Pixel_Class::inject_add_to_cart_event: hit AddToCart
2024-01-19T01:37:38+00:00 DEBUG Tt4b_Pixel_Class::inject_add_to_cart_event: Missing option "access_token"
2024-01-19T01:37:39+00:00 DEBUG Tt4b_Pixel_Class::inject_add_to_cart_event: hit AddToCart
2024-01-19T01:37:39+00:00 DEBUG Tt4b_Pixel_Class::inject_add_to_cart_event: Missing option "access_token"
2024-01-19T01:37:39+00:00 DEBUG Tt4b_Pixel_Class::inject_view_content_event: hit ViewContent
2024-01-19T01:37:39+00:00 DEBUG Tt4b_Pixel_Class::inject_view_content_event: Missing option "access_token"
2024-01-19T01:37:40+00:00 DEBUG Tt4b_Pixel_Class::inject_add_to_cart_event: hit AddToCart
2024-01-19T01:37:40+00:00 DEBUG Tt4b_Pixel_Class::inject_add_to_cart_event: Missing option "access_token"
2024-01-19T01:37:41+00:00 DEBUG Tt4b_Pixel_Class::inject_add_to_cart_event: hit AddToCart
2024-01-19T01:37:41+00:00 DEBUG Tt4b_Pixel_Class::inject_add_to_cart_event: Missing option "access_token"
2024-01-19T01:37:41+00:00 DEBUG Tt4b_Pixel_Class::inject_view_content_event: hit ViewContent
2024-01-19T01:37:41+00:00 DEBUG Tt4b_Pixel_Class::inject_view_content_event: Missing option "access_token"
2024-01-19T01:37:42+00:00 DEBUG Tt4b_Pixel_Class::inject_add_to_cart_event: hit AddToCart
2024-01-19T01:37:42+00:00 DEBUG Tt4b_Pixel_Class::inject_add_to_cart_event: Missing option "access_token"
2024-01-19T01:37:43+00:00 DEBUG Tt4b_Pixel_Class::inject_add_to_cart_event: hit AddToCart
2024-01-19T01:37:43+00:00 DEBUG Tt4b_Pixel_Class::inject_add_to_cart_event: Missing option "access_token"
2024-01-19T01:37:43+00:00 DEBUG Tt4b_Pixel_Class::inject_view_content_event: hit ViewContent
2024-01-19T01:37:43+00:00 DEBUG Tt4b_Pixel_Class::inject_view_content_event: Missing option "access_token"
2024-01-19T01:37:45+00:00 DEBUG Tt4b_Pixel_Class::inject_add_to_cart_event: hit AddToCart
2024-01-19T01:37:45+00:00 DEBUG Tt4b_Pixel_Class::inject_add_to_cart_event: Missing option "access_token"
2024-01-19T01:37:45+00:00 DEBUG Tt4b_Pixel_Class::inject_add_to_cart_event: hit AddToCart
2024-01-19T01:37:45+00:00 DEBUG Tt4b_Pixel_Class::inject_add_to_cart_event: Missing option "access_token"
2024-01-19T01:37:45+00:00 DEBUG Tt4b_Pixel_Class::inject_view_content_event: hit ViewContent
2024-01-19T01:37:45+00:00 DEBUG Tt4b_Pixel_Class::inject_view_content_event: Missing option "access_token"
2024-01-19T01:37:47+00:00 DEBUG Tt4b_Pixel_Class::inject_add_to_cart_event: hit AddToCart
2024-01-19T01:37:47+00:00 DEBUG Tt4b_Pixel_Class::inject_add_to_cart_event: Missing option "access_token"
2024-01-19T01:37:47+00:00 DEBUG Tt4b_Pixel_Class::inject_add_to_cart_event: hit AddToCart
2024-01-19T01:37:47+00:00 DEBUG Tt4b_Pixel_Class::inject_add_to_cart_event: Missing option "access_token"
2024-01-19T01:37:47+00:00 DEBUG Tt4b_Pixel_Class::inject_view_content_event: hit ViewContent
2024-01-19T01:37:47+00:00 DEBUG Tt4b_Pixel_Class::inject_view_content_event: Missing option "access_token"
2024-01-19T01:37:49+00:00 DEBUG Tt4b_Pixel_Class::inject_add_to_cart_event: hit AddToCart
2024-01-19T01:37:49+00:00 DEBUG Tt4b_Pixel_Class::inject_add_to_cart_event: Missing option "access_token"
2024-01-19T01:37:50+00:00 DEBUG Tt4b_Pixel_Class::inject_add_to_cart_event: hit AddToCart
2024-01-19T01:37:50+00:00 DEBUG Tt4b_Pixel_Class::inject_add_to_cart_event: Missing option "access_token"
2024-01-19T01:37:50+00:00 DEBUG Tt4b_Pixel_Class::inject_view_content_event: hit ViewContent
2024-01-19T01:37:50+00:00 DEBUG Tt4b_Pixel_Class::inject_view_content_event: Missing option "access_token"
2024-01-19T02:25:39+00:00 DEBUG Tt4b_Pixel_Class::inject_view_content_event: hit ViewContent
2024-01-19T02:25:39+00:00 DEBUG Tt4b_Pixel_Class::inject_view_content_event: Missing option "access_token"
2024-01-19T02:25:42+00:00 DEBUG Tt4b_Pixel_Class::inject_add_to_cart_event: hit AddToCart
2024-01-19T02:25:42+00:00 DEBUG Tt4b_Pixel_Class::inject_add_to_cart_event: Missing option "access_token"
2024-01-19T02:25:42+00:00 DEBUG Tt4b_Pixel_Class::inject_add_to_cart_event: hit AddToCart
2024-01-19T02:25:42+00:00 DEBUG Tt4b_Pixel_Class::inject_add_to_cart_event: Missing option "access_token"
2024-01-19T02:25:45+00:00 DEBUG Tt4b_Pixel_Class::inject_view_content_event: hit ViewContent
2024-01-19T02:25:45+00:00 DEBUG Tt4b_Pixel_Class::inject_view_content_event: Missing option "access_token"
2024-01-19T02:25:47+00:00 DEBUG Tt4b_Pixel_Class::inject_add_to_cart_event: hit AddToCart
2024-01-19T02:25:47+00:00 DEBUG Tt4b_Pixel_Class::inject_add_to_cart_event: Missing option "access_token"
2024-01-19T02:25:47+00:00 DEBUG Tt4b_Pixel_Class::inject_add_to_cart_event: hit AddToCart
2024-01-19T02:25:47+00:00 DEBUG Tt4b_Pixel_Class::inject_add_to_cart_event: Missing option "access_token"
2024-01-19T02:25:50+00:00 DEBUG Tt4b_Pixel_Class::inject_view_content_event: hit ViewContent
2024-01-19T02:25:50+00:00 DEBUG Tt4b_Pixel_Class::inject_view_content_event: Missing option "access_token"
2024-01-19T02:25:51+00:00 DEBUG Tt4b_Pixel_Class::inject_add_to_cart_event: hit AddToCart
2024-01-19T02:25:51+00:00 DEBUG Tt4b_Pixel_Class::inject_add_to_cart_event: Missing option "access_token"
2024-01-19T02:25:52+00:00 DEBUG Tt4b_Pixel_Class::inject_add_to_cart_event: hit AddToCart
2024-01-19T02:25:52+00:00 DEBUG Tt4b_Pixel_Class::inject_add_to_cart_event: Missing option "access_token"
2024-01-19T02:25:54+00:00 DEBUG Tt4b_Pixel_Class::inject_view_content_event: hit ViewContent
2024-01-19T02:25:54+00:00 DEBUG Tt4b_Pixel_Class::inject_view_content_event: Missing option "access_token"
2024-01-19T02:25:56+00:00 DEBUG Tt4b_Pixel_Class::inject_add_to_cart_event: hit AddToCart
2024-01-19T02:25:56+00:00 DEBUG Tt4b_Pixel_Class::inject_add_to_cart_event: Missing option "access_token"
2024-01-19T02:25:57+00:00 DEBUG Tt4b_Pixel_Class::inject_add_to_cart_event: hit AddToCart
2024-01-19T02:25:57+00:00 DEBUG Tt4b_Pixel_Class::inject_add_to_cart_event: Missing option "access_token"
2024-01-19T02:25:59+00:00 DEBUG Tt4b_Pixel_Class::inject_view_content_event: hit ViewContent
2024-01-19T02:25:59+00:00 DEBUG Tt4b_Pixel_Class::inject_view_content_event: Missing option "access_token"
2024-01-19T02:26:01+00:00 DEBUG Tt4b_Pixel_Class::inject_add_to_cart_event: hit AddToCart
2024-01-19T02:26:01+00:00 DEBUG Tt4b_Pixel_Class::inject_add_to_cart_event: Missing option "access_token"
2024-01-19T02:26:02+00:00 DEBUG Tt4b_Pixel_Class::inject_add_to_cart_event: hit AddToCart
2024-01-19T02:26:02+00:00 DEBUG Tt4b_Pixel_Class::inject_add_to_cart_event: Missing option "access_token"
2024-01-19T02:26:04+00:00 DEBUG Tt4b_Pixel_Class::inject_view_content_event: hit ViewContent
2024-01-19T02:26:04+00:00 DEBUG Tt4b_Pixel_Class::inject_view_content_event: Missing option "access_token"
2024-01-19T02:26:06+00:00 DEBUG Tt4b_Pixel_Class::inject_add_to_cart_event: hit AddToCart
2024-01-19T02:26:06+00:00 DEBUG Tt4b_Pixel_Class::inject_add_to_cart_event: Missing option "access_token"
2024-01-19T02:26:07+00:00 DEBUG Tt4b_Pixel_Class::inject_add_to_cart_event: hit AddToCart
2024-01-19T02:26:07+00:00 DEBUG Tt4b_Pixel_Class::inject_add_to_cart_event: Missing option "access_token"
2024-01-19T02:26:09+00:00 DEBUG Tt4b_Pixel_Class::inject_view_content_event: hit ViewContent
2024-01-19T02:26:09+00:00 DEBUG Tt4b_Pixel_Class::inject_view_content_event: Missing option "access_token"
2024-01-19T02:26:11+00:00 DEBUG Tt4b_Pixel_Class::inject_add_to_cart_event: hit AddToCart
2024-01-19T02:26:11+00:00 DEBUG Tt4b_Pixel_Class::inject_add_to_cart_event: Missing option "access_token"
2024-01-19T02:26:12+00:00 DEBUG Tt4b_Pixel_Class::inject_add_to_cart_event: hit AddToCart
2024-01-19T02:26:12+00:00 DEBUG Tt4b_Pixel_Class::inject_add_to_cart_event: Missing option "access_token"
2024-01-19T02:26:14+00:00 DEBUG Tt4b_Pixel_Class::inject_view_content_event: hit ViewContent
2024-01-19T02:26:14+00:00 DEBUG Tt4b_Pixel_Class::inject_view_content_event: Missing option "access_token"
2024-01-19T02:26:16+00:00 DEBUG Tt4b_Pixel_Class::inject_add_to_cart_event: hit AddToCart
2024-01-19T02:26:16+00:00 DEBUG Tt4b_Pixel_Class::inject_add_to_cart_event: Missing option "access_token"
2024-01-19T02:26:17+00:00 DEBUG Tt4b_Pixel_Class::inject_add_to_cart_event: hit AddToCart
2024-01-19T02:26:17+00:00 DEBUG Tt4b_Pixel_Class::inject_add_to_cart_event: Missing option "access_token"
2024-01-19T02:26:19+00:00 DEBUG Tt4b_Pixel_Class::inject_view_content_event: hit ViewContent
2024-01-19T02:26:19+00:00 DEBUG Tt4b_Pixel_Class::inject_view_content_event: Missing option "access_token"
2024-01-19T02:26:22+00:00 DEBUG Tt4b_Pixel_Class::inject_add_to_cart_event: hit AddToCart
2024-01-19T02:26:22+00:00 DEBUG Tt4b_Pixel_Class::inject_add_to_cart_event: Missing option "access_token"
2024-01-19T02:26:22+00:00 DEBUG Tt4b_Pixel_Class::inject_add_to_cart_event: hit AddToCart
2024-01-19T02:26:22+00:00 DEBUG Tt4b_Pixel_Class::inject_add_to_cart_event: Missing option "access_token"
2024-01-19T02:26:43+00:00 DEBUG Tt4b_Pixel_Class::inject_add_to_cart_event: hit AddToCart
2024-01-19T02:26:43+00:00 DEBUG Tt4b_Pixel_Class::inject_add_to_cart_event: Missing option "access_token"
2024-01-19T02:26:44+00:00 DEBUG Tt4b_Pixel_Class::inject_add_to_cart_event: hit AddToCart
2024-01-19T02:26:44+00:00 DEBUG Tt4b_Pixel_Class::inject_add_to_cart_event: Missing option "access_token"
2024-01-19T02:26:46+00:00 DEBUG Tt4b_Pixel_Class::inject_add_to_cart_event: hit AddToCart
2024-01-19T02:26:46+00:00 DEBUG Tt4b_Pixel_Class::inject_add_to_cart_event: Missing option "access_token"
2024-01-19T02:26:46+00:00 DEBUG Tt4b_Pixel_Class::inject_add_to_cart_event: hit AddToCart
2024-01-19T02:26:46+00:00 DEBUG Tt4b_Pixel_Class::inject_add_to_cart_event: Missing option "access_token"
2024-01-19T02:26:48+00:00 DEBUG Tt4b_Pixel_Class::inject_add_to_cart_event: hit AddToCart
2024-01-19T02:26:48+00:00 DEBUG Tt4b_Pixel_Class::inject_add_to_cart_event: Missing option "access_token"
2024-01-19T02:26:49+00:00 DEBUG Tt4b_Pixel_Class::inject_add_to_cart_event: hit AddToCart
2024-01-19T02:26:49+00:00 DEBUG Tt4b_Pixel_Class::inject_add_to_cart_event: Missing option "access_token"
2024-01-19T02:26:50+00:00 DEBUG Tt4b_Pixel_Class::inject_add_to_cart_event: hit AddToCart
2024-01-19T02:26:50+00:00 DEBUG Tt4b_Pixel_Class::inject_add_to_cart_event: Missing option "access_token"
2024-01-19T02:26:51+00:00 DEBUG Tt4b_Pixel_Class::inject_add_to_cart_event: hit AddToCart
2024-01-19T02:26:51+00:00 DEBUG Tt4b_Pixel_Class::inject_add_to_cart_event: Missing option "access_token"
2024-01-19T02:27:40+00:00 DEBUG Tt4b_Pixel_Class::inject_view_content_event: hit ViewContent
2024-01-19T02:27:40+00:00 DEBUG Tt4b_Pixel_Class::inject_view_content_event: Missing option "access_token"
2024-01-19T02:27:50+00:00 DEBUG Tt4b_Pixel_Class::inject_add_to_cart_event: hit AddToCart
2024-01-19T02:27:50+00:00 DEBUG Tt4b_Pixel_Class::inject_add_to_cart_event: Missing option "access_token"
2024-01-19T02:27:51+00:00 DEBUG Tt4b_Pixel_Class::inject_add_to_cart_event: hit AddToCart
2024-01-19T02:27:51+00:00 DEBUG Tt4b_Pixel_Class::inject_add_to_cart_event: Missing option "access_token"
2024-01-19T02:27:51+00:00 DEBUG Tt4b_Pixel_Class::inject_view_content_event: hit ViewContent
2024-01-19T02:27:51+00:00 DEBUG Tt4b_Pixel_Class::inject_view_content_event: Missing option "access_token"
2024-01-19T02:27:52+00:00 DEBUG Tt4b_Pixel_Class::inject_add_to_cart_event: hit AddToCart
2024-01-19T02:27:52+00:00 DEBUG Tt4b_Pixel_Class::inject_add_to_cart_event: Missing option "access_token"
2024-01-19T02:27:53+00:00 DEBUG Tt4b_Pixel_Class::inject_add_to_cart_event: hit AddToCart
2024-01-19T02:27:53+00:00 DEBUG Tt4b_Pixel_Class::inject_add_to_cart_event: Missing option "access_token"
2024-01-19T02:27:53+00:00 DEBUG Tt4b_Pixel_Class::inject_view_content_event: hit ViewContent
2024-01-19T02:27:53+00:00 DEBUG Tt4b_Pixel_Class::inject_view_content_event: Missing option "access_token"
2024-01-19T02:27:54+00:00 DEBUG Tt4b_Pixel_Class::inject_add_to_cart_event: hit AddToCart
2024-01-19T02:27:54+00:00 DEBUG Tt4b_Pixel_Class::inject_add_to_cart_event: Missing option "access_token"
2024-01-19T02:27:55+00:00 DEBUG Tt4b_Pixel_Class::inject_add_to_cart_event: hit AddToCart
2024-01-19T02:27:55+00:00 DEBUG Tt4b_Pixel_Class::inject_add_to_cart_event: Missing option "access_token"
2024-01-19T02:27:55+00:00 DEBUG Tt4b_Pixel_Class::inject_view_content_event: hit ViewContent
2024-01-19T02:27:55+00:00 DEBUG Tt4b_Pixel_Class::inject_view_content_event: Missing option "access_token"
2024-01-19T02:27:57+00:00 DEBUG Tt4b_Pixel_Class::inject_add_to_cart_event: hit AddToCart
2024-01-19T02:27:57+00:00 DEBUG Tt4b_Pixel_Class::inject_add_to_cart_event: Missing option "access_token"
2024-01-19T02:27:57+00:00 DEBUG Tt4b_Pixel_Class::inject_add_to_cart_event: hit AddToCart
2024-01-19T02:27:57+00:00 DEBUG Tt4b_Pixel_Class::inject_add_to_cart_event: Missing option "access_token"
2024-01-19T02:27:58+00:00 DEBUG Tt4b_Pixel_Class::inject_view_content_event: hit ViewContent
2024-01-19T02:27:58+00:00 DEBUG Tt4b_Pixel_Class::inject_view_content_event: Missing option "access_token"
2024-01-19T02:28:03+00:00 DEBUG Tt4b_Pixel_Class::inject_view_content_event: hit ViewContent
2024-01-19T02:28:03+00:00 DEBUG Tt4b_Pixel_Class::inject_view_content_event: Missing option "access_token"
2024-01-19T02:28:13+00:00 DEBUG Tt4b_Pixel_Class::inject_add_to_cart_event: hit AddToCart
2024-01-19T02:28:13+00:00 DEBUG Tt4b_Pixel_Class::inject_add_to_cart_event: Missing option "access_token"
2024-01-19T02:28:13+00:00 DEBUG Tt4b_Pixel_Class::inject_add_to_cart_event: hit AddToCart
2024-01-19T02:28:13+00:00 DEBUG Tt4b_Pixel_Class::inject_add_to_cart_event: Missing option "access_token"
2024-01-19T02:28:14+00:00 DEBUG Tt4b_Pixel_Class::inject_view_content_event: hit ViewContent
2024-01-19T02:28:14+00:00 DEBUG Tt4b_Pixel_Class::inject_view_content_event: Missing option "access_token"
2024-01-19T02:28:19+00:00 DEBUG Tt4b_Pixel_Class::inject_view_content_event: hit ViewContent
2024-01-19T02:28:19+00:00 DEBUG Tt4b_Pixel_Class::inject_view_content_event: Missing option "access_token"
2024-01-19T02:28:23+00:00 DEBUG Tt4b_Pixel_Class::inject_add_to_cart_event: hit AddToCart
2024-01-19T02:28:23+00:00 DEBUG Tt4b_Pixel_Class::inject_add_to_cart_event: Missing option "access_token"
2024-01-19T02:28:24+00:00 DEBUG Tt4b_Pixel_Class::inject_add_to_cart_event: hit AddToCart
2024-01-19T02:28:24+00:00 DEBUG Tt4b_Pixel_Class::inject_add_to_cart_event: Missing option "access_token"
2024-01-19T02:28:24+00:00 DEBUG Tt4b_Pixel_Class::inject_view_content_event: hit ViewContent
2024-01-19T02:28:24+00:00 DEBUG Tt4b_Pixel_Class::inject_view_content_event: Missing option "access_token"
2024-01-19T02:28:26+00:00 DEBUG Tt4b_Pixel_Class::inject_add_to_cart_event: hit AddToCart
2024-01-19T02:28:26+00:00 DEBUG Tt4b_Pixel_Class::inject_add_to_cart_event: Missing option "access_token"
2024-01-19T02:28:27+00:00 DEBUG Tt4b_Pixel_Class::inject_add_to_cart_event: hit AddToCart
2024-01-19T02:28:27+00:00 DEBUG Tt4b_Pixel_Class::inject_add_to_cart_event: Missing option "access_token"
2024-01-19T02:28:27+00:00 DEBUG Tt4b_Pixel_Class::inject_view_content_event: hit ViewContent
2024-01-19T02:28:27+00:00 DEBUG Tt4b_Pixel_Class::inject_view_content_event: Missing option "access_token"
2024-01-19T02:28:28+00:00 DEBUG Tt4b_Pixel_Class::inject_add_to_cart_event: hit AddToCart
2024-01-19T02:28:28+00:00 DEBUG Tt4b_Pixel_Class::inject_add_to_cart_event: Missing option "access_token"
2024-01-19T02:28:29+00:00 DEBUG Tt4b_Pixel_Class::inject_add_to_cart_event: hit AddToCart
2024-01-19T02:28:29+00:00 DEBUG Tt4b_Pixel_Class::inject_add_to_cart_event: Missing option "access_token"
2024-01-19T02:28:29+00:00 DEBUG Tt4b_Pixel_Class::inject_view_content_event: hit ViewContent
2024-01-19T02:28:29+00:00 DEBUG Tt4b_Pixel_Class::inject_view_content_event: Missing option "access_token"
2024-01-19T02:28:30+00:00 DEBUG Tt4b_Pixel_Class::inject_add_to_cart_event: hit AddToCart
2024-01-19T02:28:30+00:00 DEBUG Tt4b_Pixel_Class::inject_add_to_cart_event: Missing option "access_token"
2024-01-19T02:28:31+00:00 DEBUG Tt4b_Pixel_Class::inject_add_to_cart_event: hit AddToCart
2024-01-19T02:28:31+00:00 DEBUG Tt4b_Pixel_Class::inject_add_to_cart_event: Missing option "access_token"
2024-01-19T02:28:31+00:00 DEBUG Tt4b_Pixel_Class::inject_view_content_event: hit ViewContent
2024-01-19T02:28:31+00:00 DEBUG Tt4b_Pixel_Class::inject_view_content_event: Missing option "access_token"
2024-01-19T02:28:36+00:00 DEBUG Tt4b_Pixel_Class::inject_view_content_event: hit ViewContent
2024-01-19T02:28:36+00:00 DEBUG Tt4b_Pixel_Class::inject_view_content_event: Missing option "access_token"
2024-01-19T02:28:41+00:00 DEBUG Tt4b_Pixel_Class::inject_add_to_cart_event: hit AddToCart
2024-01-19T02:28:41+00:00 DEBUG Tt4b_Pixel_Class::inject_add_to_cart_event: Missing option "access_token"
2024-01-19T02:28:42+00:00 DEBUG Tt4b_Pixel_Class::inject_add_to_cart_event: hit AddToCart
2024-01-19T02:28:42+00:00 DEBUG Tt4b_Pixel_Class::inject_add_to_cart_event: Missing option "access_token"
2024-01-19T02:28:42+00:00 DEBUG Tt4b_Pixel_Class::inject_view_content_event: hit ViewContent
2024-01-19T02:28:42+00:00 DEBUG Tt4b_Pixel_Class::inject_view_content_event: Missing option "access_token"
2024-01-19T02:28:47+00:00 DEBUG Tt4b_Pixel_Class::inject_view_content_event: hit ViewContent
2024-01-19T02:28:47+00:00 DEBUG Tt4b_Pixel_Class::inject_view_content_event: Missing option "access_token"
2024-01-19T02:28:52+00:00 DEBUG Tt4b_Pixel_Class::inject_add_to_cart_event: hit AddToCart
2024-01-19T02:28:52+00:00 DEBUG Tt4b_Pixel_Class::inject_add_to_cart_event: Missing option "access_token"
2024-01-19T02:28:53+00:00 DEBUG Tt4b_Pixel_Class::inject_add_to_cart_event: hit AddToCart
2024-01-19T02:28:53+00:00 DEBUG Tt4b_Pixel_Class::inject_add_to_cart_event: Missing option "access_token"
2024-01-19T02:28:53+00:00 DEBUG Tt4b_Pixel_Class::inject_view_content_event: hit ViewContent
2024-01-19T02:28:53+00:00 DEBUG Tt4b_Pixel_Class::inject_view_content_event: Missing option "access_token"
2024-01-19T02:28:54+00:00 DEBUG Tt4b_Pixel_Class::inject_add_to_cart_event: hit AddToCart
2024-01-19T02:28:54+00:00 DEBUG Tt4b_Pixel_Class::inject_add_to_cart_event: Missing option "access_token"
2024-01-19T02:28:55+00:00 DEBUG Tt4b_Pixel_Class::inject_add_to_cart_event: hit AddToCart
2024-01-19T02:28:55+00:00 DEBUG Tt4b_Pixel_Class::inject_add_to_cart_event: Missing option "access_token"
2024-01-19T02:28:55+00:00 DEBUG Tt4b_Pixel_Class::inject_view_content_event: hit ViewContent
2024-01-19T02:28:55+00:00 DEBUG Tt4b_Pixel_Class::inject_view_content_event: Missing option "access_token"
2024-01-19T02:28:56+00:00 DEBUG Tt4b_Pixel_Class::inject_add_to_cart_event: hit AddToCart
2024-01-19T02:28:56+00:00 DEBUG Tt4b_Pixel_Class::inject_add_to_cart_event: Missing option "access_token"
2024-01-19T02:28:57+00:00 DEBUG Tt4b_Pixel_Class::inject_add_to_cart_event: hit AddToCart
2024-01-19T02:28:57+00:00 DEBUG Tt4b_Pixel_Class::inject_add_to_cart_event: Missing option "access_token"
2024-01-19T02:28:57+00:00 DEBUG Tt4b_Pixel_Class::inject_view_content_event: hit ViewContent
2024-01-19T02:28:57+00:00 DEBUG Tt4b_Pixel_Class::inject_view_content_event: Missing option "access_token"
2024-01-19T02:28:58+00:00 DEBUG Tt4b_Pixel_Class::inject_add_to_cart_event: hit AddToCart
2024-01-19T02:28:58+00:00 DEBUG Tt4b_Pixel_Class::inject_add_to_cart_event: Missing option "access_token"
2024-01-19T02:28:59+00:00 DEBUG Tt4b_Pixel_Class::inject_add_to_cart_event: hit AddToCart
2024-01-19T02:28:59+00:00 DEBUG Tt4b_Pixel_Class::inject_add_to_cart_event: Missing option "access_token"
2024-01-19T02:28:59+00:00 DEBUG Tt4b_Pixel_Class::inject_view_content_event: hit ViewContent
2024-01-19T02:28:59+00:00 DEBUG Tt4b_Pixel_Class::inject_view_content_event: Missing option "access_token"
2024-01-19T02:29:04+00:00 DEBUG Tt4b_Pixel_Class::inject_view_content_event: hit ViewContent
2024-01-19T02:29:04+00:00 DEBUG Tt4b_Pixel_Class::inject_view_content_event: Missing option "access_token"
2024-01-19T02:29:11+00:00 DEBUG Tt4b_Pixel_Class::inject_add_to_cart_event: hit AddToCart
2024-01-19T02:29:11+00:00 DEBUG Tt4b_Pixel_Class::inject_add_to_cart_event: Missing option "access_token"
2024-01-19T02:29:11+00:00 DEBUG Tt4b_Pixel_Class::inject_add_to_cart_event: hit AddToCart
2024-01-19T02:29:11+00:00 DEBUG Tt4b_Pixel_Class::inject_add_to_cart_event: Missing option "access_token"
2024-01-19T02:29:11+00:00 DEBUG Tt4b_Pixel_Class::inject_view_content_event: hit ViewContent
2024-01-19T02:29:11+00:00 DEBUG Tt4b_Pixel_Class::inject_view_content_event: Missing option "access_token"
2024-01-19T02:29:13+00:00 DEBUG Tt4b_Pixel_Class::inject_add_to_cart_event: hit AddToCart
2024-01-19T02:29:13+00:00 DEBUG Tt4b_Pixel_Class::inject_add_to_cart_event: Missing option "access_token"
2024-01-19T02:29:14+00:00 DEBUG Tt4b_Pixel_Class::inject_add_to_cart_event: hit AddToCart
2024-01-19T02:29:14+00:00 DEBUG Tt4b_Pixel_Class::inject_add_to_cart_event: Missing option "access_token"
2024-01-19T02:29:14+00:00 DEBUG Tt4b_Pixel_Class::inject_view_content_event: hit ViewContent
2024-01-19T02:29:14+00:00 DEBUG Tt4b_Pixel_Class::inject_view_content_event: Missing option "access_token"
2024-01-19T02:29:15+00:00 DEBUG Tt4b_Pixel_Class::inject_add_to_cart_event: hit AddToCart
2024-01-19T02:29:15+00:00 DEBUG Tt4b_Pixel_Class::inject_add_to_cart_event: Missing option "access_token"
2024-01-19T02:29:16+00:00 DEBUG Tt4b_Pixel_Class::inject_add_to_cart_event: hit AddToCart
2024-01-19T02:29:16+00:00 DEBUG Tt4b_Pixel_Class::inject_add_to_cart_event: Missing option "access_token"
2024-01-19T02:29:16+00:00 DEBUG Tt4b_Pixel_Class::inject_view_content_event: hit ViewContent
2024-01-19T02:29:16+00:00 DEBUG Tt4b_Pixel_Class::inject_view_content_event: Missing option "access_token"
2024-01-19T02:29:17+00:00 DEBUG Tt4b_Pixel_Class::inject_add_to_cart_event: hit AddToCart
2024-01-19T02:29:17+00:00 DEBUG Tt4b_Pixel_Class::inject_add_to_cart_event: Missing option "access_token"
2024-01-19T02:29:18+00:00 DEBUG Tt4b_Pixel_Class::inject_add_to_cart_event: hit AddToCart
2024-01-19T02:29:18+00:00 DEBUG Tt4b_Pixel_Class::inject_add_to_cart_event: Missing option "access_token"
2024-01-19T02:29:18+00:00 DEBUG Tt4b_Pixel_Class::inject_view_content_event: hit ViewContent
2024-01-19T02:29:18+00:00 DEBUG Tt4b_Pixel_Class::inject_view_content_event: Missing option "access_token"
2024-01-19T02:29:23+00:00 DEBUG Tt4b_Pixel_Class::inject_view_content_event: hit ViewContent
2024-01-19T02:29:23+00:00 DEBUG Tt4b_Pixel_Class::inject_view_content_event: Missing option "access_token"
2024-01-19T02:29:26+00:00 DEBUG Tt4b_Pixel_Class::inject_add_to_cart_event: hit AddToCart
2024-01-19T02:29:26+00:00 DEBUG Tt4b_Pixel_Class::inject_add_to_cart_event: Missing option "access_token"
2024-01-19T02:29:27+00:00 DEBUG Tt4b_Pixel_Class::inject_add_to_cart_event: hit AddToCart
2024-01-19T02:29:27+00:00 DEBUG Tt4b_Pixel_Class::inject_add_to_cart_event: Missing option "access_token"
2024-01-19T02:29:27+00:00 DEBUG Tt4b_Pixel_Class::inject_view_content_event: hit ViewContent
2024-01-19T02:29:27+00:00 DEBUG Tt4b_Pixel_Class::inject_view_content_event: Missing option "access_token"
2024-01-19T02:29:28+00:00 DEBUG Tt4b_Pixel_Class::inject_add_to_cart_event: hit AddToCart
2024-01-19T02:29:28+00:00 DEBUG Tt4b_Pixel_Class::inject_add_to_cart_event: Missing option "access_token"
2024-01-19T02:29:29+00:00 DEBUG Tt4b_Pixel_Class::inject_add_to_cart_event: hit AddToCart
2024-01-19T02:29:29+00:00 DEBUG Tt4b_Pixel_Class::inject_add_to_cart_event: Missing option "access_token"
2024-01-19T02:29:29+00:00 DEBUG Tt4b_Pixel_Class::inject_view_content_event: hit ViewContent
2024-01-19T02:29:29+00:00 DEBUG Tt4b_Pixel_Class::inject_view_content_event: Missing option "access_token"
2024-01-19T02:29:30+00:00 DEBUG Tt4b_Pixel_Class::inject_add_to_cart_event: hit AddToCart
2024-01-19T02:29:30+00:00 DEBUG Tt4b_Pixel_Class::inject_add_to_cart_event: Missing option "access_token"
2024-01-19T02:29:31+00:00 DEBUG Tt4b_Pixel_Class::inject_add_to_cart_event: hit AddToCart
2024-01-19T02:29:31+00:00 DEBUG Tt4b_Pixel_Class::inject_add_to_cart_event: Missing option "access_token"
2024-01-19T02:29:31+00:00 DEBUG Tt4b_Pixel_Class::inject_view_content_event: hit ViewContent
2024-01-19T02:29:31+00:00 DEBUG Tt4b_Pixel_Class::inject_view_content_event: Missing option "access_token"
2024-01-19T02:29:33+00:00 DEBUG Tt4b_Pixel_Class::inject_add_to_cart_event: hit AddToCart
2024-01-19T02:29:33+00:00 DEBUG Tt4b_Pixel_Class::inject_add_to_cart_event: Missing option "access_token"
2024-01-19T02:29:33+00:00 DEBUG Tt4b_Pixel_Class::inject_add_to_cart_event: hit AddToCart
2024-01-19T02:29:33+00:00 DEBUG Tt4b_Pixel_Class::inject_add_to_cart_event: Missing option "access_token"
2024-01-19T02:29:33+00:00 DEBUG Tt4b_Pixel_Class::inject_view_content_event: hit ViewContent
2024-01-19T02:29:33+00:00 DEBUG Tt4b_Pixel_Class::inject_view_content_event: Missing option "access_token"
2024-01-19T02:29:38+00:00 DEBUG Tt4b_Pixel_Class::inject_view_content_event: hit ViewContent
2024-01-19T02:29:38+00:00 DEBUG Tt4b_Pixel_Class::inject_view_content_event: Missing option "access_token"
2024-01-19T02:29:43+00:00 DEBUG Tt4b_Pixel_Class::inject_add_to_cart_event: hit AddToCart
2024-01-19T02:29:43+00:00 DEBUG Tt4b_Pixel_Class::inject_add_to_cart_event: Missing option "access_token"
2024-01-19T02:29:44+00:00 DEBUG Tt4b_Pixel_Class::inject_add_to_cart_event: hit AddToCart
2024-01-19T02:29:44+00:00 DEBUG Tt4b_Pixel_Class::inject_add_to_cart_event: Missing option "access_token"
2024-01-19T02:29:44+00:00 DEBUG Tt4b_Pixel_Class::inject_view_content_event: hit ViewContent
2024-01-19T02:29:44+00:00 DEBUG Tt4b_Pixel_Class::inject_view_content_event: Missing option "access_token"
2024-01-19T02:29:46+00:00 DEBUG Tt4b_Pixel_Class::inject_add_to_cart_event: hit AddToCart
2024-01-19T02:29:46+00:00 DEBUG Tt4b_Pixel_Class::inject_add_to_cart_event: Missing option "access_token"
2024-01-19T02:29:46+00:00 DEBUG Tt4b_Pixel_Class::inject_add_to_cart_event: hit AddToCart
2024-01-19T02:29:46+00:00 DEBUG Tt4b_Pixel_Class::inject_add_to_cart_event: Missing option "access_token"
2024-01-19T02:29:47+00:00 DEBUG Tt4b_Pixel_Class::inject_view_content_event: hit ViewContent
2024-01-19T02:29:47+00:00 DEBUG Tt4b_Pixel_Class::inject_view_content_event: Missing option "access_token"
2024-01-19T02:29:48+00:00 DEBUG Tt4b_Pixel_Class::inject_add_to_cart_event: hit AddToCart
2024-01-19T02:29:48+00:00 DEBUG Tt4b_Pixel_Class::inject_add_to_cart_event: Missing option "access_token"
2024-01-19T02:29:49+00:00 DEBUG Tt4b_Pixel_Class::inject_add_to_cart_event: hit AddToCart
2024-01-19T02:29:49+00:00 DEBUG Tt4b_Pixel_Class::inject_add_to_cart_event: Missing option "access_token"
2024-01-19T02:29:49+00:00 DEBUG Tt4b_Pixel_Class::inject_view_content_event: hit ViewContent
2024-01-19T02:29:49+00:00 DEBUG Tt4b_Pixel_Class::inject_view_content_event: Missing option "access_token"
2024-01-19T02:29:50+00:00 DEBUG Tt4b_Pixel_Class::inject_add_to_cart_event: hit AddToCart
2024-01-19T02:29:50+00:00 DEBUG Tt4b_Pixel_Class::inject_add_to_cart_event: Missing option "access_token"
2024-01-19T02:29:51+00:00 DEBUG Tt4b_Pixel_Class::inject_add_to_cart_event: hit AddToCart
2024-01-19T02:29:51+00:00 DEBUG Tt4b_Pixel_Class::inject_add_to_cart_event: Missing option "access_token"
2024-01-19T02:29:51+00:00 DEBUG Tt4b_Pixel_Class::inject_view_content_event: hit ViewContent
2024-01-19T02:29:51+00:00 DEBUG Tt4b_Pixel_Class::inject_view_content_event: Missing option "access_token"
2024-01-19T02:29:56+00:00 DEBUG Tt4b_Pixel_Class::inject_view_content_event: hit ViewContent
2024-01-19T02:29:56+00:00 DEBUG Tt4b_Pixel_Class::inject_view_content_event: Missing option "access_token"
2024-01-19T02:30:06+00:00 DEBUG Tt4b_Pixel_Class::inject_add_to_cart_event: hit AddToCart
2024-01-19T02:30:06+00:00 DEBUG Tt4b_Pixel_Class::inject_add_to_cart_event: Missing option "access_token"
2024-01-19T02:30:07+00:00 DEBUG Tt4b_Pixel_Class::inject_add_to_cart_event: hit AddToCart
2024-01-19T02:30:07+00:00 DEBUG Tt4b_Pixel_Class::inject_add_to_cart_event: Missing option "access_token"
2024-01-19T02:30:09+00:00 DEBUG Tt4b_Pixel_Class::inject_add_to_cart_event: hit AddToCart
2024-01-19T02:30:09+00:00 DEBUG Tt4b_Pixel_Class::inject_add_to_cart_event: Missing option "access_token"
2024-01-19T02:30:09+00:00 DEBUG Tt4b_Pixel_Class::inject_add_to_cart_event: hit AddToCart
2024-01-19T02:30:09+00:00 DEBUG Tt4b_Pixel_Class::inject_add_to_cart_event: Missing option "access_token"
2024-01-19T02:30:11+00:00 DEBUG Tt4b_Pixel_Class::inject_add_to_cart_event: hit AddToCart
2024-01-19T02:30:11+00:00 DEBUG Tt4b_Pixel_Class::inject_add_to_cart_event: Missing option "access_token"
2024-01-19T02:30:11+00:00 DEBUG Tt4b_Pixel_Class::inject_add_to_cart_event: hit AddToCart
2024-01-19T02:30:11+00:00 DEBUG Tt4b_Pixel_Class::inject_add_to_cart_event: Missing option "access_token"
2024-01-19T02:30:13+00:00 DEBUG Tt4b_Pixel_Class::inject_add_to_cart_event: hit AddToCart
2024-01-19T02:30:13+00:00 DEBUG Tt4b_Pixel_Class::inject_add_to_cart_event: Missing option "access_token"
2024-01-19T02:30:14+00:00 DEBUG Tt4b_Pixel_Class::inject_add_to_cart_event: hit AddToCart
2024-01-19T02:30:14+00:00 DEBUG Tt4b_Pixel_Class::inject_add_to_cart_event: Missing option "access_token"
2024-01-19T02:30:15+00:00 DEBUG Tt4b_Pixel_Class::inject_add_to_cart_event: hit AddToCart
2024-01-19T02:30:15+00:00 DEBUG Tt4b_Pixel_Class::inject_add_to_cart_event: Missing option "access_token"
2024-01-19T02:30:16+00:00 DEBUG Tt4b_Pixel_Class::inject_add_to_cart_event: hit AddToCart
2024-01-19T02:30:16+00:00 DEBUG Tt4b_Pixel_Class::inject_add_to_cart_event: Missing option "access_token"
2024-01-19T02:30:17+00:00 DEBUG Tt4b_Pixel_Class::inject_add_to_cart_event: hit AddToCart
2024-01-19T02:30:17+00:00 DEBUG Tt4b_Pixel_Class::inject_add_to_cart_event: Missing option "access_token"
2024-01-19T02:30:18+00:00 DEBUG Tt4b_Pixel_Class::inject_add_to_cart_event: hit AddToCart
2024-01-19T02:30:18+00:00 DEBUG Tt4b_Pixel_Class::inject_add_to_cart_event: Missing option "access_token"
2024-01-19T02:30:19+00:00 DEBUG Tt4b_Pixel_Class::inject_add_to_cart_event: hit AddToCart
2024-01-19T02:30:19+00:00 DEBUG Tt4b_Pixel_Class::inject_add_to_cart_event: Missing option "access_token"
2024-01-19T02:30:20+00:00 DEBUG Tt4b_Pixel_Class::inject_add_to_cart_event: hit AddToCart
2024-01-19T02:30:20+00:00 DEBUG Tt4b_Pixel_Class::inject_add_to_cart_event: Missing option "access_token"
2024-01-19T02:30:20+00:00 DEBUG Tt4b_Pixel_Class::inject_view_content_event: hit ViewContent
2024-01-19T02:30:20+00:00 DEBUG Tt4b_Pixel_Class::inject_view_content_event: Missing option "access_token"
2024-01-19T02:30:23+00:00 DEBUG Tt4b_Pixel_Class::inject_add_to_cart_event: hit AddToCart
2024-01-19T02:30:23+00:00 DEBUG Tt4b_Pixel_Class::inject_add_to_cart_event: Missing option "access_token"
2024-01-19T02:30:24+00:00 DEBUG Tt4b_Pixel_Class::inject_add_to_cart_event: hit AddToCart
2024-01-19T02:30:24+00:00 DEBUG Tt4b_Pixel_Class::inject_add_to_cart_event: Missing option "access_token"
2024-01-19T02:30:25+00:00 DEBUG Tt4b_Pixel_Class::inject_add_to_cart_event: hit AddToCart
2024-01-19T02:30:25+00:00 DEBUG Tt4b_Pixel_Class::inject_add_to_cart_event: Missing option "access_token"
2024-01-19T02:30:26+00:00 DEBUG Tt4b_Pixel_Class::inject_add_to_cart_event: hit AddToCart
2024-01-19T02:30:26+00:00 DEBUG Tt4b_Pixel_Class::inject_add_to_cart_event: Missing option "access_token"
2024-01-19T02:30:28+00:00 DEBUG Tt4b_Pixel_Class::inject_add_to_cart_event: hit AddToCart
2024-01-19T02:30:28+00:00 DEBUG Tt4b_Pixel_Class::inject_add_to_cart_event: Missing option "access_token"
2024-01-19T02:30:28+00:00 DEBUG Tt4b_Pixel_Class::inject_add_to_cart_event: hit AddToCart
2024-01-19T02:30:28+00:00 DEBUG Tt4b_Pixel_Class::inject_add_to_cart_event: Missing option "access_token"
2024-01-19T02:30:31+00:00 DEBUG Tt4b_Pixel_Class::inject_add_to_cart_event: hit AddToCart
2024-01-19T02:30:31+00:00 DEBUG Tt4b_Pixel_Class::inject_add_to_cart_event: Missing option "access_token"
2024-01-19T02:30:32+00:00 DEBUG Tt4b_Pixel_Class::inject_add_to_cart_event: hit AddToCart
2024-01-19T02:30:32+00:00 DEBUG Tt4b_Pixel_Class::inject_add_to_cart_event: Missing option "access_token"
2024-01-19T02:30:33+00:00 DEBUG Tt4b_Pixel_Class::inject_add_to_cart_event: hit AddToCart
2024-01-19T02:30:33+00:00 DEBUG Tt4b_Pixel_Class::inject_add_to_cart_event: Missing option "access_token"
2024-01-19T02:30:34+00:00 DEBUG Tt4b_Pixel_Class::inject_add_to_cart_event: hit AddToCart
2024-01-19T02:30:34+00:00 DEBUG Tt4b_Pixel_Class::inject_add_to_cart_event: Missing option "access_token"
2024-01-19T02:30:35+00:00 DEBUG Tt4b_Pixel_Class::inject_add_to_cart_event: hit AddToCart
2024-01-19T02:30:35+00:00 DEBUG Tt4b_Pixel_Class::inject_add_to_cart_event: Missing option "access_token"
2024-01-19T02:30:36+00:00 DEBUG Tt4b_Pixel_Class::inject_add_to_cart_event: hit AddToCart
2024-01-19T02:30:36+00:00 DEBUG Tt4b_Pixel_Class::inject_add_to_cart_event: Missing option "access_token"
2024-01-19T02:30:36+00:00 DEBUG Tt4b_Pixel_Class::inject_view_content_event: hit ViewContent
2024-01-19T02:30:36+00:00 DEBUG Tt4b_Pixel_Class::inject_view_content_event: Missing option "access_token"
2024-01-19T02:30:38+00:00 DEBUG Tt4b_Pixel_Class::inject_add_to_cart_event: hit AddToCart
2024-01-19T02:30:38+00:00 DEBUG Tt4b_Pixel_Class::inject_add_to_cart_event: Missing option "access_token"
2024-01-19T02:30:38+00:00 DEBUG Tt4b_Pixel_Class::inject_add_to_cart_event: hit AddToCart
2024-01-19T02:30:38+00:00 DEBUG Tt4b_Pixel_Class::inject_add_to_cart_event: Missing option "access_token"
2024-01-19T02:30:38+00:00 DEBUG Tt4b_Pixel_Class::inject_view_content_event: hit ViewContent
2024-01-19T02:30:38+00:00 DEBUG Tt4b_Pixel_Class::inject_view_content_event: Missing option "access_token"
2024-01-19T02:30:40+00:00 DEBUG Tt4b_Pixel_Class::inject_add_to_cart_event: hit AddToCart
2024-01-19T02:30:40+00:00 DEBUG Tt4b_Pixel_Class::inject_add_to_cart_event: Missing option "access_token"
2024-01-19T02:30:40+00:00 DEBUG Tt4b_Pixel_Class::inject_add_to_cart_event: hit AddToCart
2024-01-19T02:30:40+00:00 DEBUG Tt4b_Pixel_Class::inject_add_to_cart_event: Missing option "access_token"
2024-01-19T02:30:41+00:00 DEBUG Tt4b_Pixel_Class::inject_view_content_event: hit ViewContent
2024-01-19T02:30:41+00:00 DEBUG Tt4b_Pixel_Class::inject_view_content_event: Missing option "access_token"
2024-01-19T02:30:42+00:00 DEBUG Tt4b_Pixel_Class::inject_add_to_cart_event: hit AddToCart
2024-01-19T02:30:42+00:00 DEBUG Tt4b_Pixel_Class::inject_add_to_cart_event: Missing option "access_token"
2024-01-19T02:30:42+00:00 DEBUG Tt4b_Pixel_Class::inject_add_to_cart_event: hit AddToCart
2024-01-19T02:30:42+00:00 DEBUG Tt4b_Pixel_Class::inject_add_to_cart_event: Missing option "access_token"
2024-01-19T02:30:43+00:00 DEBUG Tt4b_Pixel_Class::inject_view_content_event: hit ViewContent
2024-01-19T02:30:43+00:00 DEBUG Tt4b_Pixel_Class::inject_view_content_event: Missing option "access_token"
2024-01-19T02:30:44+00:00 DEBUG Tt4b_Pixel_Class::inject_add_to_cart_event: hit AddToCart
2024-01-19T02:30:44+00:00 DEBUG Tt4b_Pixel_Class::inject_add_to_cart_event: Missing option "access_token"
2024-01-19T02:30:45+00:00 DEBUG Tt4b_Pixel_Class::inject_add_to_cart_event: hit AddToCart
2024-01-19T02:30:45+00:00 DEBUG Tt4b_Pixel_Class::inject_add_to_cart_event: Missing option "access_token"
2024-01-19T02:30:45+00:00 DEBUG Tt4b_Pixel_Class::inject_view_content_event: hit ViewContent
2024-01-19T02:30:45+00:00 DEBUG Tt4b_Pixel_Class::inject_view_content_event: Missing option "access_token"
2024-01-19T02:30:46+00:00 DEBUG Tt4b_Pixel_Class::inject_add_to_cart_event: hit AddToCart
2024-01-19T02:30:46+00:00 DEBUG Tt4b_Pixel_Class::inject_add_to_cart_event: Missing option "access_token"
2024-01-19T02:30:47+00:00 DEBUG Tt4b_Pixel_Class::inject_add_to_cart_event: hit AddToCart
2024-01-19T02:30:47+00:00 DEBUG Tt4b_Pixel_Class::inject_add_to_cart_event: Missing option "access_token"
2024-01-19T02:30:47+00:00 DEBUG Tt4b_Pixel_Class::inject_view_content_event: hit ViewContent
2024-01-19T02:30:47+00:00 DEBUG Tt4b_Pixel_Class::inject_view_content_event: Missing option "access_token"
2024-01-19T02:30:49+00:00 DEBUG Tt4b_Pixel_Class::inject_add_to_cart_event: hit AddToCart
2024-01-19T02:30:49+00:00 DEBUG Tt4b_Pixel_Class::inject_add_to_cart_event: Missing option "access_token"
2024-01-19T02:30:49+00:00 DEBUG Tt4b_Pixel_Class::inject_add_to_cart_event: hit AddToCart
2024-01-19T02:30:49+00:00 DEBUG Tt4b_Pixel_Class::inject_add_to_cart_event: Missing option "access_token"
2024-01-19T02:30:49+00:00 DEBUG Tt4b_Pixel_Class::inject_view_content_event: hit ViewContent
2024-01-19T02:30:49+00:00 DEBUG Tt4b_Pixel_Class::inject_view_content_event: Missing option "access_token"
2024-01-19T02:30:51+00:00 DEBUG Tt4b_Pixel_Class::inject_add_to_cart_event: hit AddToCart
2024-01-19T02:30:51+00:00 DEBUG Tt4b_Pixel_Class::inject_add_to_cart_event: Missing option "access_token"
2024-01-19T02:30:51+00:00 DEBUG Tt4b_Pixel_Class::inject_add_to_cart_event: hit AddToCart
2024-01-19T02:30:51+00:00 DEBUG Tt4b_Pixel_Class::inject_add_to_cart_event: Missing option "access_token"
2024-01-19T02:30:52+00:00 DEBUG Tt4b_Pixel_Class::inject_view_content_event: hit ViewContent
2024-01-19T02:30:52+00:00 DEBUG Tt4b_Pixel_Class::inject_view_content_event: Missing option "access_token"
2024-01-19T05:02:56+00:00 DEBUG Tt4b_Pixel_Class::inject_view_content_event: hit ViewContent
2024-01-19T05:02:56+00:00 DEBUG Tt4b_Pixel_Class::inject_view_content_event: Missing option "access_token"
2024-01-19T06:13:51+00:00 DEBUG Tt4b_Pixel_Class::inject_view_content_event: hit ViewContent
2024-01-19T06:13:51+00:00 DEBUG Tt4b_Pixel_Class::inject_view_content_event: Missing option "access_token"
2024-01-19T06:49:41+00:00 DEBUG Tt4b_Pixel_Class::inject_view_content_event: hit ViewContent
2024-01-19T06:49:41+00:00 DEBUG Tt4b_Pixel_Class::inject_view_content_event: Missing option "access_token"
2024-01-19T06:49:44+00:00 DEBUG Tt4b_Pixel_Class::inject_add_to_cart_event: hit AddToCart
2024-01-19T06:49:44+00:00 DEBUG Tt4b_Pixel_Class::inject_add_to_cart_event: Missing option "access_token"
2024-01-19T06:49:45+00:00 DEBUG Tt4b_Pixel_Class::inject_add_to_cart_event: hit AddToCart
2024-01-19T06:49:45+00:00 DEBUG Tt4b_Pixel_Class::inject_add_to_cart_event: Missing option "access_token"
2024-01-19T06:49:47+00:00 DEBUG Tt4b_Pixel_Class::inject_view_content_event: hit ViewContent
2024-01-19T06:49:47+00:00 DEBUG Tt4b_Pixel_Class::inject_view_content_event: Missing option "access_token"
2024-01-19T06:49:50+00:00 DEBUG Tt4b_Pixel_Class::inject_add_to_cart_event: hit AddToCart
2024-01-19T06:49:50+00:00 DEBUG Tt4b_Pixel_Class::inject_add_to_cart_event: Missing option "access_token"
2024-01-19T06:49:50+00:00 DEBUG Tt4b_Pixel_Class::inject_add_to_cart_event: hit AddToCart
2024-01-19T06:49:50+00:00 DEBUG Tt4b_Pixel_Class::inject_add_to_cart_event: Missing option "access_token"
2024-01-19T06:49:52+00:00 DEBUG Tt4b_Pixel_Class::inject_view_content_event: hit ViewContent
2024-01-19T06:49:52+00:00 DEBUG Tt4b_Pixel_Class::inject_view_content_event: Missing option "access_token"
2024-01-19T06:49:54+00:00 DEBUG Tt4b_Pixel_Class::inject_add_to_cart_event: hit AddToCart
2024-01-19T06:49:54+00:00 DEBUG Tt4b_Pixel_Class::inject_add_to_cart_event: Missing option "access_token"
2024-01-19T06:49:55+00:00 DEBUG Tt4b_Pixel_Class::inject_add_to_cart_event: hit AddToCart
2024-01-19T06:49:55+00:00 DEBUG Tt4b_Pixel_Class::inject_add_to_cart_event: Missing option "access_token"
2024-01-19T06:49:57+00:00 DEBUG Tt4b_Pixel_Class::inject_view_content_event: hit ViewContent
2024-01-19T06:49:57+00:00 DEBUG Tt4b_Pixel_Class::inject_view_content_event: Missing option "access_token"
2024-01-19T06:50:00+00:00 DEBUG Tt4b_Pixel_Class::inject_add_to_cart_event: hit AddToCart
2024-01-19T06:50:00+00:00 DEBUG Tt4b_Pixel_Class::inject_add_to_cart_event: Missing option "access_token"
2024-01-19T06:50:00+00:00 DEBUG Tt4b_Pixel_Class::inject_add_to_cart_event: hit AddToCart
2024-01-19T06:50:00+00:00 DEBUG Tt4b_Pixel_Class::inject_add_to_cart_event: Missing option "access_token"
2024-01-19T06:50:03+00:00 DEBUG Tt4b_Pixel_Class::inject_view_content_event: hit ViewContent
2024-01-19T06:50:03+00:00 DEBUG Tt4b_Pixel_Class::inject_view_content_event: Missing option "access_token"
2024-01-19T06:50:05+00:00 DEBUG Tt4b_Pixel_Class::inject_add_to_cart_event: hit AddToCart
2024-01-19T06:50:05+00:00 DEBUG Tt4b_Pixel_Class::inject_add_to_cart_event: Missing option "access_token"
2024-01-19T06:50:05+00:00 DEBUG Tt4b_Pixel_Class::inject_add_to_cart_event: hit AddToCart
2024-01-19T06:50:05+00:00 DEBUG Tt4b_Pixel_Class::inject_add_to_cart_event: Missing option "access_token"
2024-01-19T06:50:08+00:00 DEBUG Tt4b_Pixel_Class::inject_view_content_event: hit ViewContent
2024-01-19T06:50:08+00:00 DEBUG Tt4b_Pixel_Class::inject_view_content_event: Missing option "access_token"
2024-01-19T06:50:09+00:00 DEBUG Tt4b_Pixel_Class::inject_add_to_cart_event: hit AddToCart
2024-01-19T06:50:09+00:00 DEBUG Tt4b_Pixel_Class::inject_add_to_cart_event: Missing option "access_token"
2024-01-19T06:50:10+00:00 DEBUG Tt4b_Pixel_Class::inject_add_to_cart_event: hit AddToCart
2024-01-19T06:50:10+00:00 DEBUG Tt4b_Pixel_Class::inject_add_to_cart_event: Missing option "access_token"
2024-01-19T06:50:12+00:00 DEBUG Tt4b_Pixel_Class::inject_view_content_event: hit ViewContent
2024-01-19T06:50:12+00:00 DEBUG Tt4b_Pixel_Class::inject_view_content_event: Missing option "access_token"
2024-01-19T06:50:14+00:00 DEBUG Tt4b_Pixel_Class::inject_add_to_cart_event: hit AddToCart
2024-01-19T06:50:14+00:00 DEBUG Tt4b_Pixel_Class::inject_add_to_cart_event: Missing option "access_token"
2024-01-19T06:50:15+00:00 DEBUG Tt4b_Pixel_Class::inject_add_to_cart_event: hit AddToCart
2024-01-19T06:50:15+00:00 DEBUG Tt4b_Pixel_Class::inject_add_to_cart_event: Missing option "access_token"
2024-01-19T06:50:17+00:00 DEBUG Tt4b_Pixel_Class::inject_view_content_event: hit ViewContent
2024-01-19T06:50:17+00:00 DEBUG Tt4b_Pixel_Class::inject_view_content_event: Missing option "access_token"
2024-01-19T06:50:19+00:00 DEBUG Tt4b_Pixel_Class::inject_add_to_cart_event: hit AddToCart
2024-01-19T06:50:19+00:00 DEBUG Tt4b_Pixel_Class::inject_add_to_cart_event: Missing option "access_token"
2024-01-19T06:50:20+00:00 DEBUG Tt4b_Pixel_Class::inject_add_to_cart_event: hit AddToCart
2024-01-19T06:50:20+00:00 DEBUG Tt4b_Pixel_Class::inject_add_to_cart_event: Missing option "access_token"
2024-01-19T06:50:22+00:00 DEBUG Tt4b_Pixel_Class::inject_view_content_event: hit ViewContent
2024-01-19T06:50:22+00:00 DEBUG Tt4b_Pixel_Class::inject_view_content_event: Missing option "access_token"
2024-01-19T06:50:24+00:00 DEBUG Tt4b_Pixel_Class::inject_add_to_cart_event: hit AddToCart
2024-01-19T06:50:24+00:00 DEBUG Tt4b_Pixel_Class::inject_add_to_cart_event: Missing option "access_token"
2024-01-19T06:50:25+00:00 DEBUG Tt4b_Pixel_Class::inject_add_to_cart_event: hit AddToCart
2024-01-19T06:50:25+00:00 DEBUG Tt4b_Pixel_Class::inject_add_to_cart_event: Missing option "access_token"
2024-01-19T06:50:45+00:00 DEBUG Tt4b_Pixel_Class::inject_add_to_cart_event: hit AddToCart
2024-01-19T06:50:45+00:00 DEBUG Tt4b_Pixel_Class::inject_add_to_cart_event: Missing option "access_token"
2024-01-19T06:50:45+00:00 DEBUG Tt4b_Pixel_Class::inject_add_to_cart_event: hit AddToCart
2024-01-19T06:50:45+00:00 DEBUG Tt4b_Pixel_Class::inject_add_to_cart_event: Missing option "access_token"
2024-01-19T06:50:47+00:00 DEBUG Tt4b_Pixel_Class::inject_add_to_cart_event: hit AddToCart
2024-01-19T06:50:47+00:00 DEBUG Tt4b_Pixel_Class::inject_add_to_cart_event: Missing option "access_token"
2024-01-19T06:50:48+00:00 DEBUG Tt4b_Pixel_Class::inject_add_to_cart_event: hit AddToCart
2024-01-19T06:50:48+00:00 DEBUG Tt4b_Pixel_Class::inject_add_to_cart_event: Missing option "access_token"
2024-01-19T06:50:50+00:00 DEBUG Tt4b_Pixel_Class::inject_add_to_cart_event: hit AddToCart
2024-01-19T06:50:50+00:00 DEBUG Tt4b_Pixel_Class::inject_add_to_cart_event: Missing option "access_token"
2024-01-19T06:50:50+00:00 DEBUG Tt4b_Pixel_Class::inject_add_to_cart_event: hit AddToCart
2024-01-19T06:50:50+00:00 DEBUG Tt4b_Pixel_Class::inject_add_to_cart_event: Missing option "access_token"
2024-01-19T06:50:52+00:00 DEBUG Tt4b_Pixel_Class::inject_add_to_cart_event: hit AddToCart
2024-01-19T06:50:52+00:00 DEBUG Tt4b_Pixel_Class::inject_add_to_cart_event: Missing option "access_token"
2024-01-19T06:50:53+00:00 DEBUG Tt4b_Pixel_Class::inject_add_to_cart_event: hit AddToCart
2024-01-19T06:50:53+00:00 DEBUG Tt4b_Pixel_Class::inject_add_to_cart_event: Missing option "access_token"
2024-01-19T06:51:40+00:00 DEBUG Tt4b_Pixel_Class::inject_view_content_event: hit ViewContent
2024-01-19T06:51:40+00:00 DEBUG Tt4b_Pixel_Class::inject_view_content_event: Missing option "access_token"
2024-01-19T06:51:50+00:00 DEBUG Tt4b_Pixel_Class::inject_add_to_cart_event: hit AddToCart
2024-01-19T06:51:50+00:00 DEBUG Tt4b_Pixel_Class::inject_add_to_cart_event: Missing option "access_token"
2024-01-19T06:51:51+00:00 DEBUG Tt4b_Pixel_Class::inject_add_to_cart_event: hit AddToCart
2024-01-19T06:51:51+00:00 DEBUG Tt4b_Pixel_Class::inject_add_to_cart_event: Missing option "access_token"
2024-01-19T06:51:51+00:00 DEBUG Tt4b_Pixel_Class::inject_view_content_event: hit ViewContent
2024-01-19T06:51:51+00:00 DEBUG Tt4b_Pixel_Class::inject_view_content_event: Missing option "access_token"
2024-01-19T06:51:52+00:00 DEBUG Tt4b_Pixel_Class::inject_add_to_cart_event: hit AddToCart
2024-01-19T06:51:52+00:00 DEBUG Tt4b_Pixel_Class::inject_add_to_cart_event: Missing option "access_token"
2024-01-19T06:51:53+00:00 DEBUG Tt4b_Pixel_Class::inject_add_to_cart_event: hit AddToCart
2024-01-19T06:51:53+00:00 DEBUG Tt4b_Pixel_Class::inject_add_to_cart_event: Missing option "access_token"
2024-01-19T06:51:53+00:00 DEBUG Tt4b_Pixel_Class::inject_view_content_event: hit ViewContent
2024-01-19T06:51:53+00:00 DEBUG Tt4b_Pixel_Class::inject_view_content_event: Missing option "access_token"
2024-01-19T06:51:55+00:00 DEBUG Tt4b_Pixel_Class::inject_add_to_cart_event: hit AddToCart
2024-01-19T06:51:55+00:00 DEBUG Tt4b_Pixel_Class::inject_add_to_cart_event: Missing option "access_token"
2024-01-19T06:51:55+00:00 DEBUG Tt4b_Pixel_Class::inject_add_to_cart_event: hit AddToCart
2024-01-19T06:51:55+00:00 DEBUG Tt4b_Pixel_Class::inject_add_to_cart_event: Missing option "access_token"
2024-01-19T06:51:55+00:00 DEBUG Tt4b_Pixel_Class::inject_view_content_event: hit ViewContent
2024-01-19T06:51:55+00:00 DEBUG Tt4b_Pixel_Class::inject_view_content_event: Missing option "access_token"
2024-01-19T06:51:57+00:00 DEBUG Tt4b_Pixel_Class::inject_add_to_cart_event: hit AddToCart
2024-01-19T06:51:57+00:00 DEBUG Tt4b_Pixel_Class::inject_add_to_cart_event: Missing option "access_token"
2024-01-19T06:51:57+00:00 DEBUG Tt4b_Pixel_Class::inject_add_to_cart_event: hit AddToCart
2024-01-19T06:51:57+00:00 DEBUG Tt4b_Pixel_Class::inject_add_to_cart_event: Missing option "access_token"
2024-01-19T06:51:58+00:00 DEBUG Tt4b_Pixel_Class::inject_view_content_event: hit ViewContent
2024-01-19T06:51:58+00:00 DEBUG Tt4b_Pixel_Class::inject_view_content_event: Missing option "access_token"
2024-01-19T06:52:03+00:00 DEBUG Tt4b_Pixel_Class::inject_view_content_event: hit ViewContent
2024-01-19T06:52:03+00:00 DEBUG Tt4b_Pixel_Class::inject_view_content_event: Missing option "access_token"
2024-01-19T06:52:13+00:00 DEBUG Tt4b_Pixel_Class::inject_add_to_cart_event: hit AddToCart
2024-01-19T06:52:13+00:00 DEBUG Tt4b_Pixel_Class::inject_add_to_cart_event: Missing option "access_token"
2024-01-19T06:52:13+00:00 DEBUG Tt4b_Pixel_Class::inject_add_to_cart_event: hit AddToCart
2024-01-19T06:52:13+00:00 DEBUG Tt4b_Pixel_Class::inject_add_to_cart_event: Missing option "access_token"
2024-01-19T06:52:14+00:00 DEBUG Tt4b_Pixel_Class::inject_view_content_event: hit ViewContent
2024-01-19T06:52:14+00:00 DEBUG Tt4b_Pixel_Class::inject_view_content_event: Missing option "access_token"
2024-01-19T06:52:19+00:00 DEBUG Tt4b_Pixel_Class::inject_view_content_event: hit ViewContent
2024-01-19T06:52:19+00:00 DEBUG Tt4b_Pixel_Class::inject_view_content_event: Missing option "access_token"
2024-01-19T06:52:23+00:00 DEBUG Tt4b_Pixel_Class::inject_add_to_cart_event: hit AddToCart
2024-01-19T06:52:23+00:00 DEBUG Tt4b_Pixel_Class::inject_add_to_cart_event: Missing option "access_token"
2024-01-19T06:52:24+00:00 DEBUG Tt4b_Pixel_Class::inject_add_to_cart_event: hit AddToCart
2024-01-19T06:52:24+00:00 DEBUG Tt4b_Pixel_Class::inject_add_to_cart_event: Missing option "access_token"
2024-01-19T06:52:24+00:00 DEBUG Tt4b_Pixel_Class::inject_view_content_event: hit ViewContent
2024-01-19T06:52:24+00:00 DEBUG Tt4b_Pixel_Class::inject_view_content_event: Missing option "access_token"
2024-01-19T06:52:26+00:00 DEBUG Tt4b_Pixel_Class::inject_add_to_cart_event: hit AddToCart
2024-01-19T06:52:26+00:00 DEBUG Tt4b_Pixel_Class::inject_add_to_cart_event: Missing option "access_token"
2024-01-19T06:52:26+00:00 DEBUG Tt4b_Pixel_Class::inject_add_to_cart_event: hit AddToCart
2024-01-19T06:52:26+00:00 DEBUG Tt4b_Pixel_Class::inject_add_to_cart_event: Missing option "access_token"
2024-01-19T06:52:27+00:00 DEBUG Tt4b_Pixel_Class::inject_view_content_event: hit ViewContent
2024-01-19T06:52:27+00:00 DEBUG Tt4b_Pixel_Class::inject_view_content_event: Missing option "access_token"
2024-01-19T06:52:28+00:00 DEBUG Tt4b_Pixel_Class::inject_add_to_cart_event: hit AddToCart
2024-01-19T06:52:28+00:00 DEBUG Tt4b_Pixel_Class::inject_add_to_cart_event: Missing option "access_token"
2024-01-19T06:52:29+00:00 DEBUG Tt4b_Pixel_Class::inject_add_to_cart_event: hit AddToCart
2024-01-19T06:52:29+00:00 DEBUG Tt4b_Pixel_Class::inject_add_to_cart_event: Missing option "access_token"
2024-01-19T06:52:29+00:00 DEBUG Tt4b_Pixel_Class::inject_view_content_event: hit ViewContent
2024-01-19T06:52:29+00:00 DEBUG Tt4b_Pixel_Class::inject_view_content_event: Missing option "access_token"
2024-01-19T06:52:30+00:00 DEBUG Tt4b_Pixel_Class::inject_add_to_cart_event: hit AddToCart
2024-01-19T06:52:30+00:00 DEBUG Tt4b_Pixel_Class::inject_add_to_cart_event: Missing option "access_token"
2024-01-19T06:52:31+00:00 DEBUG Tt4b_Pixel_Class::inject_add_to_cart_event: hit AddToCart
2024-01-19T06:52:31+00:00 DEBUG Tt4b_Pixel_Class::inject_add_to_cart_event: Missing option "access_token"
2024-01-19T06:52:31+00:00 DEBUG Tt4b_Pixel_Class::inject_view_content_event: hit ViewContent
2024-01-19T06:52:31+00:00 DEBUG Tt4b_Pixel_Class::inject_view_content_event: Missing option "access_token"
2024-01-19T06:52:37+00:00 DEBUG Tt4b_Pixel_Class::inject_view_content_event: hit ViewContent
2024-01-19T06:52:37+00:00 DEBUG Tt4b_Pixel_Class::inject_view_content_event: Missing option "access_token"
2024-01-19T06:52:42+00:00 DEBUG Tt4b_Pixel_Class::inject_add_to_cart_event: hit AddToCart
2024-01-19T06:52:42+00:00 DEBUG Tt4b_Pixel_Class::inject_add_to_cart_event: Missing option "access_token"
2024-01-19T06:52:43+00:00 DEBUG Tt4b_Pixel_Class::inject_add_to_cart_event: hit AddToCart
2024-01-19T06:52:43+00:00 DEBUG Tt4b_Pixel_Class::inject_add_to_cart_event: Missing option "access_token"
2024-01-19T06:52:43+00:00 DEBUG Tt4b_Pixel_Class::inject_view_content_event: hit ViewContent
2024-01-19T06:52:43+00:00 DEBUG Tt4b_Pixel_Class::inject_view_content_event: Missing option "access_token"
2024-01-19T06:52:48+00:00 DEBUG Tt4b_Pixel_Class::inject_view_content_event: hit ViewContent
2024-01-19T06:52:48+00:00 DEBUG Tt4b_Pixel_Class::inject_view_content_event: Missing option "access_token"
2024-01-19T06:52:53+00:00 DEBUG Tt4b_Pixel_Class::inject_add_to_cart_event: hit AddToCart
2024-01-19T06:52:53+00:00 DEBUG Tt4b_Pixel_Class::inject_add_to_cart_event: Missing option "access_token"
2024-01-19T06:52:53+00:00 DEBUG Tt4b_Pixel_Class::inject_add_to_cart_event: hit AddToCart
2024-01-19T06:52:53+00:00 DEBUG Tt4b_Pixel_Class::inject_add_to_cart_event: Missing option "access_token"
2024-01-19T06:52:54+00:00 DEBUG Tt4b_Pixel_Class::inject_view_content_event: hit ViewContent
2024-01-19T06:52:54+00:00 DEBUG Tt4b_Pixel_Class::inject_view_content_event: Missing option "access_token"
2024-01-19T06:52:55+00:00 DEBUG Tt4b_Pixel_Class::inject_add_to_cart_event: hit AddToCart
2024-01-19T06:52:55+00:00 DEBUG Tt4b_Pixel_Class::inject_add_to_cart_event: Missing option "access_token"
2024-01-19T06:52:56+00:00 DEBUG Tt4b_Pixel_Class::inject_add_to_cart_event: hit AddToCart
2024-01-19T06:52:56+00:00 DEBUG Tt4b_Pixel_Class::inject_add_to_cart_event: Missing option "access_token"
2024-01-19T06:52:56+00:00 DEBUG Tt4b_Pixel_Class::inject_view_content_event: hit ViewContent
2024-01-19T06:52:56+00:00 DEBUG Tt4b_Pixel_Class::inject_view_content_event: Missing option "access_token"
2024-01-19T06:52:57+00:00 DEBUG Tt4b_Pixel_Class::inject_add_to_cart_event: hit AddToCart
2024-01-19T06:52:57+00:00 DEBUG Tt4b_Pixel_Class::inject_add_to_cart_event: Missing option "access_token"
2024-01-19T06:52:58+00:00 DEBUG Tt4b_Pixel_Class::inject_add_to_cart_event: hit AddToCart
2024-01-19T06:52:58+00:00 DEBUG Tt4b_Pixel_Class::inject_add_to_cart_event: Missing option "access_token"
2024-01-19T06:52:58+00:00 DEBUG Tt4b_Pixel_Class::inject_view_content_event: hit ViewContent
2024-01-19T06:52:58+00:00 DEBUG Tt4b_Pixel_Class::inject_view_content_event: Missing option "access_token"
2024-01-19T06:52:59+00:00 DEBUG Tt4b_Pixel_Class::inject_add_to_cart_event: hit AddToCart
2024-01-19T06:52:59+00:00 DEBUG Tt4b_Pixel_Class::inject_add_to_cart_event: Missing option "access_token"
2024-01-19T06:53:00+00:00 DEBUG Tt4b_Pixel_Class::inject_add_to_cart_event: hit AddToCart
2024-01-19T06:53:00+00:00 DEBUG Tt4b_Pixel_Class::inject_add_to_cart_event: Missing option "access_token"
2024-01-19T06:53:00+00:00 DEBUG Tt4b_Pixel_Class::inject_view_content_event: hit ViewContent
2024-01-19T06:53:00+00:00 DEBUG Tt4b_Pixel_Class::inject_view_content_event: Missing option "access_token"
2024-01-19T06:53:05+00:00 DEBUG Tt4b_Pixel_Class::inject_view_content_event: hit ViewContent
2024-01-19T06:53:05+00:00 DEBUG Tt4b_Pixel_Class::inject_view_content_event: Missing option "access_token"
2024-01-19T06:53:11+00:00 DEBUG Tt4b_Pixel_Class::inject_add_to_cart_event: hit AddToCart
2024-01-19T06:53:11+00:00 DEBUG Tt4b_Pixel_Class::inject_add_to_cart_event: Missing option "access_token"
2024-01-19T06:53:12+00:00 DEBUG Tt4b_Pixel_Class::inject_add_to_cart_event: hit AddToCart
2024-01-19T06:53:12+00:00 DEBUG Tt4b_Pixel_Class::inject_add_to_cart_event: Missing option "access_token"
2024-01-19T06:53:12+00:00 DEBUG Tt4b_Pixel_Class::inject_view_content_event: hit ViewContent
2024-01-19T06:53:12+00:00 DEBUG Tt4b_Pixel_Class::inject_view_content_event: Missing option "access_token"
2024-01-19T06:53:14+00:00 DEBUG Tt4b_Pixel_Class::inject_add_to_cart_event: hit AddToCart
2024-01-19T06:53:14+00:00 DEBUG Tt4b_Pixel_Class::inject_add_to_cart_event: Missing option "access_token"
2024-01-19T06:53:15+00:00 DEBUG Tt4b_Pixel_Class::inject_add_to_cart_event: hit AddToCart
2024-01-19T06:53:15+00:00 DEBUG Tt4b_Pixel_Class::inject_add_to_cart_event: Missing option "access_token"
2024-01-19T06:53:15+00:00 DEBUG Tt4b_Pixel_Class::inject_view_content_event: hit ViewContent
2024-01-19T06:53:15+00:00 DEBUG Tt4b_Pixel_Class::inject_view_content_event: Missing option "access_token"
2024-01-19T06:53:16+00:00 DEBUG Tt4b_Pixel_Class::inject_add_to_cart_event: hit AddToCart
2024-01-19T06:53:16+00:00 DEBUG Tt4b_Pixel_Class::inject_add_to_cart_event: Missing option "access_token"
2024-01-19T06:53:17+00:00 DEBUG Tt4b_Pixel_Class::inject_add_to_cart_event: hit AddToCart
2024-01-19T06:53:17+00:00 DEBUG Tt4b_Pixel_Class::inject_add_to_cart_event: Missing option "access_token"
2024-01-19T06:53:17+00:00 DEBUG Tt4b_Pixel_Class::inject_view_content_event: hit ViewContent
2024-01-19T06:53:17+00:00 DEBUG Tt4b_Pixel_Class::inject_view_content_event: Missing option "access_token"
2024-01-19T06:53:18+00:00 DEBUG Tt4b_Pixel_Class::inject_add_to_cart_event: hit AddToCart
2024-01-19T06:53:18+00:00 DEBUG Tt4b_Pixel_Class::inject_add_to_cart_event: Missing option "access_token"
2024-01-19T06:53:19+00:00 DEBUG Tt4b_Pixel_Class::inject_add_to_cart_event: hit AddToCart
2024-01-19T06:53:19+00:00 DEBUG Tt4b_Pixel_Class::inject_add_to_cart_event: Missing option "access_token"
2024-01-19T06:53:19+00:00 DEBUG Tt4b_Pixel_Class::inject_view_content_event: hit ViewContent
2024-01-19T06:53:19+00:00 DEBUG Tt4b_Pixel_Class::inject_view_content_event: Missing option "access_token"
2024-01-19T06:53:24+00:00 DEBUG Tt4b_Pixel_Class::inject_view_content_event: hit ViewContent
2024-01-19T06:53:24+00:00 DEBUG Tt4b_Pixel_Class::inject_view_content_event: Missing option "access_token"
2024-01-19T06:53:27+00:00 DEBUG Tt4b_Pixel_Class::inject_add_to_cart_event: hit AddToCart
2024-01-19T06:53:27+00:00 DEBUG Tt4b_Pixel_Class::inject_add_to_cart_event: Missing option "access_token"
2024-01-19T06:53:28+00:00 DEBUG Tt4b_Pixel_Class::inject_add_to_cart_event: hit AddToCart
2024-01-19T06:53:28+00:00 DEBUG Tt4b_Pixel_Class::inject_add_to_cart_event: Missing option "access_token"
2024-01-19T06:53:28+00:00 DEBUG Tt4b_Pixel_Class::inject_view_content_event: hit ViewContent
2024-01-19T06:53:28+00:00 DEBUG Tt4b_Pixel_Class::inject_view_content_event: Missing option "access_token"
2024-01-19T06:53:29+00:00 DEBUG Tt4b_Pixel_Class::inject_add_to_cart_event: hit AddToCart
2024-01-19T06:53:29+00:00 DEBUG Tt4b_Pixel_Class::inject_add_to_cart_event: Missing option "access_token"
2024-01-19T06:53:30+00:00 DEBUG Tt4b_Pixel_Class::inject_add_to_cart_event: hit AddToCart
2024-01-19T06:53:30+00:00 DEBUG Tt4b_Pixel_Class::inject_add_to_cart_event: Missing option "access_token"
2024-01-19T06:53:30+00:00 DEBUG Tt4b_Pixel_Class::inject_view_content_event: hit ViewContent
2024-01-19T06:53:30+00:00 DEBUG Tt4b_Pixel_Class::inject_view_content_event: Missing option "access_token"
2024-01-19T06:53:31+00:00 DEBUG Tt4b_Pixel_Class::inject_add_to_cart_event: hit AddToCart
2024-01-19T06:53:31+00:00 DEBUG Tt4b_Pixel_Class::inject_add_to_cart_event: Missing option "access_token"
2024-01-19T06:53:32+00:00 DEBUG Tt4b_Pixel_Class::inject_add_to_cart_event: hit AddToCart
2024-01-19T06:53:32+00:00 DEBUG Tt4b_Pixel_Class::inject_add_to_cart_event: Missing option "access_token"
2024-01-19T06:53:32+00:00 DEBUG Tt4b_Pixel_Class::inject_view_content_event: hit ViewContent
2024-01-19T06:53:32+00:00 DEBUG Tt4b_Pixel_Class::inject_view_content_event: Missing option "access_token"
2024-01-19T06:53:33+00:00 DEBUG Tt4b_Pixel_Class::inject_add_to_cart_event: hit AddToCart
2024-01-19T06:53:33+00:00 DEBUG Tt4b_Pixel_Class::inject_add_to_cart_event: Missing option "access_token"
2024-01-19T06:53:34+00:00 DEBUG Tt4b_Pixel_Class::inject_add_to_cart_event: hit AddToCart
2024-01-19T06:53:34+00:00 DEBUG Tt4b_Pixel_Class::inject_add_to_cart_event: Missing option "access_token"
2024-01-19T06:53:34+00:00 DEBUG Tt4b_Pixel_Class::inject_view_content_event: hit ViewContent
2024-01-19T06:53:34+00:00 DEBUG Tt4b_Pixel_Class::inject_view_content_event: Missing option "access_token"
2024-01-19T06:53:39+00:00 DEBUG Tt4b_Pixel_Class::inject_view_content_event: hit ViewContent
2024-01-19T06:53:39+00:00 DEBUG Tt4b_Pixel_Class::inject_view_content_event: Missing option "access_token"
2024-01-19T06:53:44+00:00 DEBUG Tt4b_Pixel_Class::inject_add_to_cart_event: hit AddToCart
2024-01-19T06:53:44+00:00 DEBUG Tt4b_Pixel_Class::inject_add_to_cart_event: Missing option "access_token"
2024-01-19T06:53:45+00:00 DEBUG Tt4b_Pixel_Class::inject_add_to_cart_event: hit AddToCart
2024-01-19T06:53:45+00:00 DEBUG Tt4b_Pixel_Class::inject_add_to_cart_event: Missing option "access_token"
2024-01-19T06:53:45+00:00 DEBUG Tt4b_Pixel_Class::inject_view_content_event: hit ViewContent
2024-01-19T06:53:45+00:00 DEBUG Tt4b_Pixel_Class::inject_view_content_event: Missing option "access_token"
2024-01-19T06:53:46+00:00 DEBUG Tt4b_Pixel_Class::inject_add_to_cart_event: hit AddToCart
2024-01-19T06:53:46+00:00 DEBUG Tt4b_Pixel_Class::inject_add_to_cart_event: Missing option "access_token"
2024-01-19T06:53:47+00:00 DEBUG Tt4b_Pixel_Class::inject_add_to_cart_event: hit AddToCart
2024-01-19T06:53:47+00:00 DEBUG Tt4b_Pixel_Class::inject_add_to_cart_event: Missing option "access_token"
2024-01-19T06:53:47+00:00 DEBUG Tt4b_Pixel_Class::inject_view_content_event: hit ViewContent
2024-01-19T06:53:47+00:00 DEBUG Tt4b_Pixel_Class::inject_view_content_event: Missing option "access_token"
2024-01-19T06:53:48+00:00 DEBUG Tt4b_Pixel_Class::inject_add_to_cart_event: hit AddToCart
2024-01-19T06:53:48+00:00 DEBUG Tt4b_Pixel_Class::inject_add_to_cart_event: Missing option "access_token"
2024-01-19T06:53:49+00:00 DEBUG Tt4b_Pixel_Class::inject_add_to_cart_event: hit AddToCart
2024-01-19T06:53:49+00:00 DEBUG Tt4b_Pixel_Class::inject_add_to_cart_event: Missing option "access_token"
2024-01-19T06:53:49+00:00 DEBUG Tt4b_Pixel_Class::inject_view_content_event: hit ViewContent
2024-01-19T06:53:49+00:00 DEBUG Tt4b_Pixel_Class::inject_view_content_event: Missing option "access_token"
2024-01-19T06:53:50+00:00 DEBUG Tt4b_Pixel_Class::inject_add_to_cart_event: hit AddToCart
2024-01-19T06:53:50+00:00 DEBUG Tt4b_Pixel_Class::inject_add_to_cart_event: Missing option "access_token"
2024-01-19T06:53:51+00:00 DEBUG Tt4b_Pixel_Class::inject_add_to_cart_event: hit AddToCart
2024-01-19T06:53:51+00:00 DEBUG Tt4b_Pixel_Class::inject_add_to_cart_event: Missing option "access_token"
2024-01-19T06:53:51+00:00 DEBUG Tt4b_Pixel_Class::inject_view_content_event: hit ViewContent
2024-01-19T06:53:51+00:00 DEBUG Tt4b_Pixel_Class::inject_view_content_event: Missing option "access_token"
2024-01-19T06:53:56+00:00 DEBUG Tt4b_Pixel_Class::inject_view_content_event: hit ViewContent
2024-01-19T06:53:56+00:00 DEBUG Tt4b_Pixel_Class::inject_view_content_event: Missing option "access_token"
2024-01-19T06:54:06+00:00 DEBUG Tt4b_Pixel_Class::inject_add_to_cart_event: hit AddToCart
2024-01-19T06:54:06+00:00 DEBUG Tt4b_Pixel_Class::inject_add_to_cart_event: Missing option "access_token"
2024-01-19T06:54:07+00:00 DEBUG Tt4b_Pixel_Class::inject_add_to_cart_event: hit AddToCart
2024-01-19T06:54:07+00:00 DEBUG Tt4b_Pixel_Class::inject_add_to_cart_event: Missing option "access_token"
2024-01-19T06:54:08+00:00 DEBUG Tt4b_Pixel_Class::inject_add_to_cart_event: hit AddToCart
2024-01-19T06:54:08+00:00 DEBUG Tt4b_Pixel_Class::inject_add_to_cart_event: Missing option "access_token"
2024-01-19T06:54:09+00:00 DEBUG Tt4b_Pixel_Class::inject_add_to_cart_event: hit AddToCart
2024-01-19T06:54:09+00:00 DEBUG Tt4b_Pixel_Class::inject_add_to_cart_event: Missing option "access_token"
2024-01-19T06:54:10+00:00 DEBUG Tt4b_Pixel_Class::inject_add_to_cart_event: hit AddToCart
2024-01-19T06:54:10+00:00 DEBUG Tt4b_Pixel_Class::inject_add_to_cart_event: Missing option "access_token"
2024-01-19T06:54:11+00:00 DEBUG Tt4b_Pixel_Class::inject_add_to_cart_event: hit AddToCart
2024-01-19T06:54:11+00:00 DEBUG Tt4b_Pixel_Class::inject_add_to_cart_event: Missing option "access_token"
2024-01-19T06:54:12+00:00 DEBUG Tt4b_Pixel_Class::inject_add_to_cart_event: hit AddToCart
2024-01-19T06:54:12+00:00 DEBUG Tt4b_Pixel_Class::inject_add_to_cart_event: Missing option "access_token"
2024-01-19T06:54:13+00:00 DEBUG Tt4b_Pixel_Class::inject_add_to_cart_event: hit AddToCart
2024-01-19T06:54:13+00:00 DEBUG Tt4b_Pixel_Class::inject_add_to_cart_event: Missing option "access_token"
2024-01-19T06:54:15+00:00 DEBUG Tt4b_Pixel_Class::inject_add_to_cart_event: hit AddToCart
2024-01-19T06:54:15+00:00 DEBUG Tt4b_Pixel_Class::inject_add_to_cart_event: Missing option "access_token"
2024-01-19T06:54:15+00:00 DEBUG Tt4b_Pixel_Class::inject_add_to_cart_event: hit AddToCart
2024-01-19T06:54:15+00:00 DEBUG Tt4b_Pixel_Class::inject_add_to_cart_event: Missing option "access_token"
2024-01-19T06:54:17+00:00 DEBUG Tt4b_Pixel_Class::inject_add_to_cart_event: hit AddToCart
2024-01-19T06:54:17+00:00 DEBUG Tt4b_Pixel_Class::inject_add_to_cart_event: Missing option "access_token"
2024-01-19T06:54:17+00:00 DEBUG Tt4b_Pixel_Class::inject_add_to_cart_event: hit AddToCart
2024-01-19T06:54:17+00:00 DEBUG Tt4b_Pixel_Class::inject_add_to_cart_event: Missing option "access_token"
2024-01-19T06:54:19+00:00 DEBUG Tt4b_Pixel_Class::inject_add_to_cart_event: hit AddToCart
2024-01-19T06:54:19+00:00 DEBUG Tt4b_Pixel_Class::inject_add_to_cart_event: Missing option "access_token"
2024-01-19T06:54:19+00:00 DEBUG Tt4b_Pixel_Class::inject_add_to_cart_event: hit AddToCart
2024-01-19T06:54:19+00:00 DEBUG Tt4b_Pixel_Class::inject_add_to_cart_event: Missing option "access_token"
2024-01-19T06:54:20+00:00 DEBUG Tt4b_Pixel_Class::inject_view_content_event: hit ViewContent
2024-01-19T06:54:20+00:00 DEBUG Tt4b_Pixel_Class::inject_view_content_event: Missing option "access_token"
2024-01-19T06:54:22+00:00 DEBUG Tt4b_Pixel_Class::inject_add_to_cart_event: hit AddToCart
2024-01-19T06:54:22+00:00 DEBUG Tt4b_Pixel_Class::inject_add_to_cart_event: Missing option "access_token"
2024-01-19T06:54:23+00:00 DEBUG Tt4b_Pixel_Class::inject_add_to_cart_event: hit AddToCart
2024-01-19T06:54:23+00:00 DEBUG Tt4b_Pixel_Class::inject_add_to_cart_event: Missing option "access_token"
2024-01-19T06:54:25+00:00 DEBUG Tt4b_Pixel_Class::inject_add_to_cart_event: hit AddToCart
2024-01-19T06:54:25+00:00 DEBUG Tt4b_Pixel_Class::inject_add_to_cart_event: Missing option "access_token"
2024-01-19T06:54:25+00:00 DEBUG Tt4b_Pixel_Class::inject_add_to_cart_event: hit AddToCart
2024-01-19T06:54:25+00:00 DEBUG Tt4b_Pixel_Class::inject_add_to_cart_event: Missing option "access_token"
2024-01-19T06:54:27+00:00 DEBUG Tt4b_Pixel_Class::inject_add_to_cart_event: hit AddToCart
2024-01-19T06:54:27+00:00 DEBUG Tt4b_Pixel_Class::inject_add_to_cart_event: Missing option "access_token"
2024-01-19T06:54:27+00:00 DEBUG Tt4b_Pixel_Class::inject_add_to_cart_event: hit AddToCart
2024-01-19T06:54:27+00:00 DEBUG Tt4b_Pixel_Class::inject_add_to_cart_event: Missing option "access_token"
2024-01-19T06:54:30+00:00 DEBUG Tt4b_Pixel_Class::inject_add_to_cart_event: hit AddToCart
2024-01-19T06:54:30+00:00 DEBUG Tt4b_Pixel_Class::inject_add_to_cart_event: Missing option "access_token"
2024-01-19T06:54:31+00:00 DEBUG Tt4b_Pixel_Class::inject_add_to_cart_event: hit AddToCart
2024-01-19T06:54:31+00:00 DEBUG Tt4b_Pixel_Class::inject_add_to_cart_event: Missing option "access_token"
2024-01-19T06:54:32+00:00 DEBUG Tt4b_Pixel_Class::inject_add_to_cart_event: hit AddToCart
2024-01-19T06:54:32+00:00 DEBUG Tt4b_Pixel_Class::inject_add_to_cart_event: Missing option "access_token"
2024-01-19T06:54:33+00:00 DEBUG Tt4b_Pixel_Class::inject_add_to_cart_event: hit AddToCart
2024-01-19T06:54:33+00:00 DEBUG Tt4b_Pixel_Class::inject_add_to_cart_event: Missing option "access_token"
2024-01-19T06:54:35+00:00 DEBUG Tt4b_Pixel_Class::inject_add_to_cart_event: hit AddToCart
2024-01-19T06:54:35+00:00 DEBUG Tt4b_Pixel_Class::inject_add_to_cart_event: Missing option "access_token"
2024-01-19T06:54:35+00:00 DEBUG Tt4b_Pixel_Class::inject_add_to_cart_event: hit AddToCart
2024-01-19T06:54:35+00:00 DEBUG Tt4b_Pixel_Class::inject_add_to_cart_event: Missing option "access_token"
2024-01-19T06:54:35+00:00 DEBUG Tt4b_Pixel_Class::inject_view_content_event: hit ViewContent
2024-01-19T06:54:35+00:00 DEBUG Tt4b_Pixel_Class::inject_view_content_event: Missing option "access_token"
2024-01-19T06:54:37+00:00 DEBUG Tt4b_Pixel_Class::inject_add_to_cart_event: hit AddToCart
2024-01-19T06:54:37+00:00 DEBUG Tt4b_Pixel_Class::inject_add_to_cart_event: Missing option "access_token"
2024-01-19T06:54:37+00:00 DEBUG Tt4b_Pixel_Class::inject_add_to_cart_event: hit AddToCart
2024-01-19T06:54:37+00:00 DEBUG Tt4b_Pixel_Class::inject_add_to_cart_event: Missing option "access_token"
2024-01-19T06:54:37+00:00 DEBUG Tt4b_Pixel_Class::inject_view_content_event: hit ViewContent
2024-01-19T06:54:37+00:00 DEBUG Tt4b_Pixel_Class::inject_view_content_event: Missing option "access_token"
2024-01-19T06:54:39+00:00 DEBUG Tt4b_Pixel_Class::inject_add_to_cart_event: hit AddToCart
2024-01-19T06:54:39+00:00 DEBUG Tt4b_Pixel_Class::inject_add_to_cart_event: Missing option "access_token"
2024-01-19T06:54:39+00:00 DEBUG Tt4b_Pixel_Class::inject_add_to_cart_event: hit AddToCart
2024-01-19T06:54:39+00:00 DEBUG Tt4b_Pixel_Class::inject_add_to_cart_event: Missing option "access_token"
2024-01-19T06:54:40+00:00 DEBUG Tt4b_Pixel_Class::inject_view_content_event: hit ViewContent
2024-01-19T06:54:40+00:00 DEBUG Tt4b_Pixel_Class::inject_view_content_event: Missing option "access_token"
2024-01-19T06:54:41+00:00 DEBUG Tt4b_Pixel_Class::inject_add_to_cart_event: hit AddToCart
2024-01-19T06:54:41+00:00 DEBUG Tt4b_Pixel_Class::inject_add_to_cart_event: Missing option "access_token"
2024-01-19T06:54:42+00:00 DEBUG Tt4b_Pixel_Class::inject_add_to_cart_event: hit AddToCart
2024-01-19T06:54:42+00:00 DEBUG Tt4b_Pixel_Class::inject_add_to_cart_event: Missing option "access_token"
2024-01-19T06:54:42+00:00 DEBUG Tt4b_Pixel_Class::inject_view_content_event: hit ViewContent
2024-01-19T06:54:42+00:00 DEBUG Tt4b_Pixel_Class::inject_view_content_event: Missing option "access_token"
2024-01-19T06:54:43+00:00 DEBUG Tt4b_Pixel_Class::inject_add_to_cart_event: hit AddToCart
2024-01-19T06:54:43+00:00 DEBUG Tt4b_Pixel_Class::inject_add_to_cart_event: Missing option "access_token"
2024-01-19T06:54:44+00:00 DEBUG Tt4b_Pixel_Class::inject_add_to_cart_event: hit AddToCart
2024-01-19T06:54:44+00:00 DEBUG Tt4b_Pixel_Class::inject_add_to_cart_event: Missing option "access_token"
2024-01-19T06:54:44+00:00 DEBUG Tt4b_Pixel_Class::inject_view_content_event: hit ViewContent
2024-01-19T06:54:44+00:00 DEBUG Tt4b_Pixel_Class::inject_view_content_event: Missing option "access_token"
2024-01-19T06:54:45+00:00 DEBUG Tt4b_Pixel_Class::inject_add_to_cart_event: hit AddToCart
2024-01-19T06:54:45+00:00 DEBUG Tt4b_Pixel_Class::inject_add_to_cart_event: Missing option "access_token"
2024-01-19T06:54:45+00:00 DEBUG Tt4b_Pixel_Class::inject_add_to_cart_event: hit AddToCart
2024-01-19T06:54:45+00:00 DEBUG Tt4b_Pixel_Class::inject_add_to_cart_event: Missing option "access_token"
2024-01-19T06:54:46+00:00 DEBUG Tt4b_Pixel_Class::inject_view_content_event: hit ViewContent
2024-01-19T06:54:46+00:00 DEBUG Tt4b_Pixel_Class::inject_view_content_event: Missing option "access_token"
2024-01-19T06:54:47+00:00 DEBUG Tt4b_Pixel_Class::inject_add_to_cart_event: hit AddToCart
2024-01-19T06:54:47+00:00 DEBUG Tt4b_Pixel_Class::inject_add_to_cart_event: Missing option "access_token"
2024-01-19T06:54:47+00:00 DEBUG Tt4b_Pixel_Class::inject_add_to_cart_event: hit AddToCart
2024-01-19T06:54:47+00:00 DEBUG Tt4b_Pixel_Class::inject_add_to_cart_event: Missing option "access_token"
2024-01-19T06:54:47+00:00 DEBUG Tt4b_Pixel_Class::inject_view_content_event: hit ViewContent
2024-01-19T06:54:47+00:00 DEBUG Tt4b_Pixel_Class::inject_view_content_event: Missing option "access_token"
2024-01-19T06:54:49+00:00 DEBUG Tt4b_Pixel_Class::inject_add_to_cart_event: hit AddToCart
2024-01-19T06:54:49+00:00 DEBUG Tt4b_Pixel_Class::inject_add_to_cart_event: Missing option "access_token"
2024-01-19T06:54:49+00:00 DEBUG Tt4b_Pixel_Class::inject_add_to_cart_event: hit AddToCart
2024-01-19T06:54:49+00:00 DEBUG Tt4b_Pixel_Class::inject_add_to_cart_event: Missing option "access_token"
2024-01-19T06:54:50+00:00 DEBUG Tt4b_Pixel_Class::inject_view_content_event: hit ViewContent
2024-01-19T06:54:50+00:00 DEBUG Tt4b_Pixel_Class::inject_view_content_event: Missing option "access_token"
2024-01-19T07:00:52+00:00 DEBUG Tt4b_Pixel_Class::inject_view_content_event: hit ViewContent
2024-01-19T07:00:52+00:00 DEBUG Tt4b_Pixel_Class::inject_view_content_event: Missing option "access_token"
2024-01-19T07:00:59+00:00 DEBUG Tt4b_Pixel_Class::inject_add_to_cart_event: hit AddToCart
2024-01-19T07:00:59+00:00 DEBUG Tt4b_Pixel_Class::inject_add_to_cart_event: Missing option "access_token"
2024-01-19T07:00:59+00:00 DEBUG Tt4b_Pixel_Class::inject_view_content_event: hit ViewContent
2024-01-19T07:00:59+00:00 DEBUG Tt4b_Pixel_Class::inject_view_content_event: Missing option "access_token"
2024-01-19T07:23:05+00:00 DEBUG Tt4b_Pixel_Class::inject_view_content_event: hit ViewContent
2024-01-19T07:23:05+00:00 DEBUG Tt4b_Pixel_Class::inject_view_content_event: Missing option "access_token"
2024-01-19T09:25:12+00:00 DEBUG Tt4b_Pixel_Class::inject_view_content_event: hit ViewContent
2024-01-19T09:25:12+00:00 DEBUG Tt4b_Pixel_Class::inject_view_content_event: Missing option "access_token"
2024-01-19T09:25:37+00:00 DEBUG Tt4b_Pixel_Class::inject_view_content_event: hit ViewContent
2024-01-19T09:25:37+00:00 DEBUG Tt4b_Pixel_Class::inject_view_content_event: Missing option "access_token"
2024-01-19T09:28:36+00:00 DEBUG Tt4b_Pixel_Class::inject_add_to_cart_event: hit AddToCart
2024-01-19T09:28:36+00:00 DEBUG Tt4b_Pixel_Class::inject_add_to_cart_event: Missing option "access_token"
2024-01-19T09:28:51+00:00 DEBUG Tt4b_Pixel_Class::inject_add_to_cart_event: hit AddToCart
2024-01-19T09:28:51+00:00 DEBUG Tt4b_Pixel_Class::inject_add_to_cart_event: Missing option "access_token"
2024-01-19T09:28:58+00:00 DEBUG Tt4b_Pixel_Class::inject_view_content_event: hit ViewContent
2024-01-19T09:28:58+00:00 DEBUG Tt4b_Pixel_Class::inject_view_content_event: Missing option "access_token"
2024-01-19T09:29:09+00:00 DEBUG Tt4b_Pixel_Class::inject_view_content_event: hit ViewContent
2024-01-19T09:29:09+00:00 DEBUG Tt4b_Pixel_Class::inject_view_content_event: Missing option "access_token"
2024-01-19T09:30:46+00:00 DEBUG Tt4b_Pixel_Class::inject_add_to_cart_event: hit AddToCart
2024-01-19T09:30:46+00:00 DEBUG Tt4b_Pixel_Class::inject_add_to_cart_event: Missing option "access_token"
2024-01-19T09:30:50+00:00 DEBUG Tt4b_Pixel_Class::inject_add_to_cart_event: hit AddToCart
2024-01-19T09:30:50+00:00 DEBUG Tt4b_Pixel_Class::inject_add_to_cart_event: Missing option "access_token"
2024-01-19T09:31:02+00:00 DEBUG Tt4b_Pixel_Class::inject_view_content_event: hit ViewContent
2024-01-19T09:31:02+00:00 DEBUG Tt4b_Pixel_Class::inject_view_content_event: Missing option "access_token"
2024-01-19T09:31:09+00:00 DEBUG Tt4b_Pixel_Class::inject_view_content_event: hit ViewContent
2024-01-19T09:31:09+00:00 DEBUG Tt4b_Pixel_Class::inject_view_content_event: Missing option "access_token"
2024-01-19T09:31:58+00:00 DEBUG Tt4b_Pixel_Class::inject_add_to_cart_event: hit AddToCart
2024-01-19T09:31:58+00:00 DEBUG Tt4b_Pixel_Class::inject_add_to_cart_event: Missing option "access_token"
2024-01-19T09:32:08+00:00 DEBUG Tt4b_Pixel_Class::inject_add_to_cart_event: hit AddToCart
2024-01-19T09:32:08+00:00 DEBUG Tt4b_Pixel_Class::inject_add_to_cart_event: Missing option "access_token"
2024-01-19T09:32:16+00:00 DEBUG Tt4b_Pixel_Class::inject_view_content_event: hit ViewContent
2024-01-19T09:32:16+00:00 DEBUG Tt4b_Pixel_Class::inject_view_content_event: Missing option "access_token"
2024-01-19T09:32:19+00:00 DEBUG Tt4b_Pixel_Class::inject_view_content_event: hit ViewContent
2024-01-19T09:32:19+00:00 DEBUG Tt4b_Pixel_Class::inject_view_content_event: Missing option "access_token"
2024-01-19T09:35:29+00:00 DEBUG Tt4b_Pixel_Class::inject_add_to_cart_event: hit AddToCart
2024-01-19T09:35:29+00:00 DEBUG Tt4b_Pixel_Class::inject_add_to_cart_event: Missing option "access_token"
2024-01-19T09:35:33+00:00 DEBUG Tt4b_Pixel_Class::inject_add_to_cart_event: hit AddToCart
2024-01-19T09:35:33+00:00 DEBUG Tt4b_Pixel_Class::inject_add_to_cart_event: Missing option "access_token"
2024-01-19T09:36:32+00:00 DEBUG Tt4b_Pixel_Class::inject_view_content_event: hit ViewContent
2024-01-19T09:36:32+00:00 DEBUG Tt4b_Pixel_Class::inject_view_content_event: Missing option "access_token"
2024-01-19T09:36:43+00:00 DEBUG Tt4b_Pixel_Class::inject_view_content_event: hit ViewContent
2024-01-19T09:36:43+00:00 DEBUG Tt4b_Pixel_Class::inject_view_content_event: Missing option "access_token"
2024-01-19T09:40:11+00:00 DEBUG Tt4b_Pixel_Class::inject_add_to_cart_event: hit AddToCart
2024-01-19T09:40:11+00:00 DEBUG Tt4b_Pixel_Class::inject_add_to_cart_event: Missing option "access_token"
2024-01-19T09:40:29+00:00 DEBUG Tt4b_Pixel_Class::inject_add_to_cart_event: hit AddToCart
2024-01-19T09:40:29+00:00 DEBUG Tt4b_Pixel_Class::inject_add_to_cart_event: Missing option "access_token"
2024-01-19T09:42:02+00:00 DEBUG Tt4b_Pixel_Class::inject_view_content_event: hit ViewContent
2024-01-19T09:42:02+00:00 DEBUG Tt4b_Pixel_Class::inject_view_content_event: Missing option "access_token"
2024-01-19T09:43:33+00:00 DEBUG Tt4b_Pixel_Class::inject_view_content_event: hit ViewContent
2024-01-19T09:43:33+00:00 DEBUG Tt4b_Pixel_Class::inject_view_content_event: Missing option "access_token"
2024-01-19T09:49:58+00:00 DEBUG Tt4b_Pixel_Class::inject_add_to_cart_event: hit AddToCart
2024-01-19T09:49:58+00:00 DEBUG Tt4b_Pixel_Class::inject_add_to_cart_event: Missing option "access_token"
2024-01-19T09:50:08+00:00 DEBUG Tt4b_Pixel_Class::inject_add_to_cart_event: hit AddToCart
2024-01-19T09:50:08+00:00 DEBUG Tt4b_Pixel_Class::inject_add_to_cart_event: Missing option "access_token"
2024-01-19T09:50:37+00:00 DEBUG Tt4b_Pixel_Class::inject_view_content_event: hit ViewContent
2024-01-19T09:50:37+00:00 DEBUG Tt4b_Pixel_Class::inject_view_content_event: Missing option "access_token"
2024-01-19T09:50:41+00:00 DEBUG Tt4b_Pixel_Class::inject_view_content_event: hit ViewContent
2024-01-19T09:50:41+00:00 DEBUG Tt4b_Pixel_Class::inject_view_content_event: Missing option "access_token"
2024-01-19T09:54:30+00:00 DEBUG Tt4b_Pixel_Class::inject_add_to_cart_event: hit AddToCart
2024-01-19T09:54:30+00:00 DEBUG Tt4b_Pixel_Class::inject_add_to_cart_event: Missing option "access_token"
2024-01-19T09:55:03+00:00 DEBUG Tt4b_Pixel_Class::inject_add_to_cart_event: hit AddToCart
2024-01-19T09:55:03+00:00 DEBUG Tt4b_Pixel_Class::inject_add_to_cart_event: Missing option "access_token"
2024-01-19T09:56:54+00:00 DEBUG Tt4b_Pixel_Class::inject_view_content_event: hit ViewContent
2024-01-19T09:56:54+00:00 DEBUG Tt4b_Pixel_Class::inject_view_content_event: Missing option "access_token"
2024-01-19T09:57:01+00:00 DEBUG Tt4b_Pixel_Class::inject_view_content_event: hit ViewContent
2024-01-19T09:57:01+00:00 DEBUG Tt4b_Pixel_Class::inject_view_content_event: Missing option "access_token"
2024-01-19T09:59:12+00:00 DEBUG Tt4b_Pixel_Class::inject_add_to_cart_event: hit AddToCart
2024-01-19T09:59:12+00:00 DEBUG Tt4b_Pixel_Class::inject_add_to_cart_event: Missing option "access_token"
2024-01-19T09:59:19+00:00 DEBUG Tt4b_Pixel_Class::inject_add_to_cart_event: hit AddToCart
2024-01-19T09:59:19+00:00 DEBUG Tt4b_Pixel_Class::inject_add_to_cart_event: Missing option "access_token"
2024-01-19T10:00:27+00:00 DEBUG Tt4b_Pixel_Class::inject_view_content_event: hit ViewContent
2024-01-19T10:00:27+00:00 DEBUG Tt4b_Pixel_Class::inject_view_content_event: Missing option "access_token"
2024-01-19T10:03:02+00:00 DEBUG Tt4b_Pixel_Class::inject_view_content_event: hit ViewContent
2024-01-19T10:03:02+00:00 DEBUG Tt4b_Pixel_Class::inject_view_content_event: Missing option "access_token"
2024-01-19T10:09:20+00:00 DEBUG Tt4b_Pixel_Class::inject_add_to_cart_event: hit AddToCart
2024-01-19T10:09:20+00:00 DEBUG Tt4b_Pixel_Class::inject_add_to_cart_event: Missing option "access_token"
2024-01-19T10:09:47+00:00 DEBUG Tt4b_Pixel_Class::inject_add_to_cart_event: hit AddToCart
2024-01-19T10:09:47+00:00 DEBUG Tt4b_Pixel_Class::inject_add_to_cart_event: Missing option "access_token"
2024-01-19T10:21:05+00:00 DEBUG Tt4b_Pixel_Class::inject_add_to_cart_event: hit AddToCart
2024-01-19T10:21:05+00:00 DEBUG Tt4b_Pixel_Class::inject_add_to_cart_event: Missing option "access_token"
2024-01-19T10:21:15+00:00 DEBUG Tt4b_Pixel_Class::inject_add_to_cart_event: hit AddToCart
2024-01-19T10:21:15+00:00 DEBUG Tt4b_Pixel_Class::inject_add_to_cart_event: Missing option "access_token"
2024-01-19T10:21:24+00:00 DEBUG Tt4b_Pixel_Class::inject_add_to_cart_event: hit AddToCart
2024-01-19T10:21:24+00:00 DEBUG Tt4b_Pixel_Class::inject_add_to_cart_event: Missing option "access_token"
2024-01-19T10:21:41+00:00 DEBUG Tt4b_Pixel_Class::inject_add_to_cart_event: hit AddToCart
2024-01-19T10:21:41+00:00 DEBUG Tt4b_Pixel_Class::inject_add_to_cart_event: Missing option "access_token"
2024-01-19T10:21:57+00:00 DEBUG Tt4b_Pixel_Class::inject_add_to_cart_event: hit AddToCart
2024-01-19T10:21:57+00:00 DEBUG Tt4b_Pixel_Class::inject_add_to_cart_event: Missing option "access_token"
2024-01-19T10:22:05+00:00 DEBUG Tt4b_Pixel_Class::inject_add_to_cart_event: hit AddToCart
2024-01-19T10:22:05+00:00 DEBUG Tt4b_Pixel_Class::inject_add_to_cart_event: Missing option "access_token"
2024-01-19T10:22:27+00:00 DEBUG Tt4b_Pixel_Class::inject_add_to_cart_event: hit AddToCart
2024-01-19T10:22:27+00:00 DEBUG Tt4b_Pixel_Class::inject_add_to_cart_event: Missing option "access_token"
2024-01-19T10:22:47+00:00 DEBUG Tt4b_Pixel_Class::inject_add_to_cart_event: hit AddToCart
2024-01-19T10:22:47+00:00 DEBUG Tt4b_Pixel_Class::inject_add_to_cart_event: Missing option "access_token"
2024-01-19T10:23:18+00:00 DEBUG Tt4b_Pixel_Class::inject_purchase_event: hit Purchase
2024-01-19T10:23:18+00:00 DEBUG Tt4b_Pixel_Class::inject_purchase_event: Missing option "access_token"
2024-01-19T10:35:12+00:00 DEBUG Tt4b_Pixel_Class::inject_view_content_event: hit ViewContent
2024-01-19T10:35:12+00:00 DEBUG Tt4b_Pixel_Class::inject_view_content_event: Missing option "access_token"
2024-01-19T10:35:24+00:00 DEBUG Tt4b_Pixel_Class::inject_view_content_event: hit ViewContent
2024-01-19T10:35:24+00:00 DEBUG Tt4b_Pixel_Class::inject_view_content_event: Missing option "access_token"
2024-01-19T10:43:07+00:00 DEBUG Tt4b_Pixel_Class::inject_add_to_cart_event: hit AddToCart
2024-01-19T10:43:07+00:00 DEBUG Tt4b_Pixel_Class::inject_add_to_cart_event: Missing option "access_token"
2024-01-19T10:43:07+00:00 DEBUG Tt4b_Pixel_Class::inject_view_content_event: hit ViewContent
2024-01-19T10:43:07+00:00 DEBUG Tt4b_Pixel_Class::inject_view_content_event: Missing option "access_token"
2024-01-19T10:43:10+00:00 DEBUG Tt4b_Pixel_Class::inject_add_to_cart_event: hit AddToCart
2024-01-19T10:43:10+00:00 DEBUG Tt4b_Pixel_Class::inject_add_to_cart_event: Missing option "access_token"
2024-01-19T10:43:10+00:00 DEBUG Tt4b_Pixel_Class::inject_view_content_event: hit ViewContent
2024-01-19T10:43:10+00:00 DEBUG Tt4b_Pixel_Class::inject_view_content_event: Missing option "access_token"
2024-01-19T10:43:39+00:00 DEBUG Tt4b_Pixel_Class::inject_add_to_cart_event: hit AddToCart
2024-01-19T10:43:39+00:00 DEBUG Tt4b_Pixel_Class::inject_add_to_cart_event: Missing option "access_token"
2024-01-19T10:43:39+00:00 DEBUG Tt4b_Pixel_Class::inject_view_content_event: hit ViewContent
2024-01-19T10:43:39+00:00 DEBUG Tt4b_Pixel_Class::inject_view_content_event: Missing option "access_token"
2024-01-19T10:43:44+00:00 DEBUG Tt4b_Pixel_Class::inject_add_to_cart_event: hit AddToCart
2024-01-19T10:43:44+00:00 DEBUG Tt4b_Pixel_Class::inject_add_to_cart_event: Missing option "access_token"
2024-01-19T10:43:44+00:00 DEBUG Tt4b_Pixel_Class::inject_view_content_event: hit ViewContent
2024-01-19T10:43:44+00:00 DEBUG Tt4b_Pixel_Class::inject_view_content_event: Missing option "access_token"
2024-01-19T10:43:56+00:00 DEBUG Tt4b_Pixel_Class::inject_add_to_cart_event: hit AddToCart
2024-01-19T10:43:56+00:00 DEBUG Tt4b_Pixel_Class::inject_add_to_cart_event: Missing option "access_token"
2024-01-19T10:43:56+00:00 DEBUG Tt4b_Pixel_Class::inject_view_content_event: hit ViewContent
2024-01-19T10:43:56+00:00 DEBUG Tt4b_Pixel_Class::inject_view_content_event: Missing option "access_token"
2024-01-19T10:43:58+00:00 DEBUG Tt4b_Pixel_Class::inject_add_to_cart_event: hit AddToCart
2024-01-19T10:43:58+00:00 DEBUG Tt4b_Pixel_Class::inject_add_to_cart_event: Missing option "access_token"
2024-01-19T10:43:58+00:00 DEBUG Tt4b_Pixel_Class::inject_view_content_event: hit ViewContent
2024-01-19T10:43:58+00:00 DEBUG Tt4b_Pixel_Class::inject_view_content_event: Missing option "access_token"
2024-01-19T10:44:51+00:00 DEBUG Tt4b_Pixel_Class::inject_add_to_cart_event: hit AddToCart
2024-01-19T10:44:51+00:00 DEBUG Tt4b_Pixel_Class::inject_add_to_cart_event: Missing option "access_token"
2024-01-19T10:44:51+00:00 DEBUG Tt4b_Pixel_Class::inject_view_content_event: hit ViewContent
2024-01-19T10:44:51+00:00 DEBUG Tt4b_Pixel_Class::inject_view_content_event: Missing option "access_token"
2024-01-19T10:44:58+00:00 DEBUG Tt4b_Pixel_Class::inject_add_to_cart_event: hit AddToCart
2024-01-19T10:44:58+00:00 DEBUG Tt4b_Pixel_Class::inject_add_to_cart_event: Missing option "access_token"
2024-01-19T10:44:58+00:00 DEBUG Tt4b_Pixel_Class::inject_view_content_event: hit ViewContent
2024-01-19T10:44:58+00:00 DEBUG Tt4b_Pixel_Class::inject_view_content_event: Missing option "access_token"
2024-01-19T10:46:03+00:00 DEBUG Tt4b_Pixel_Class::inject_view_content_event: hit ViewContent
2024-01-19T10:46:03+00:00 DEBUG Tt4b_Pixel_Class::inject_view_content_event: Missing option "access_token"
2024-01-19T10:46:07+00:00 DEBUG Tt4b_Pixel_Class::inject_view_content_event: hit ViewContent
2024-01-19T10:46:07+00:00 DEBUG Tt4b_Pixel_Class::inject_view_content_event: Missing option "access_token"
2024-01-19T10:50:46+00:00 DEBUG Tt4b_Pixel_Class::inject_view_content_event: hit ViewContent
2024-01-19T10:50:46+00:00 DEBUG Tt4b_Pixel_Class::inject_view_content_event: Missing option "access_token"
2024-01-19T10:55:15+00:00 DEBUG Tt4b_Pixel_Class::inject_add_to_cart_event: hit AddToCart
2024-01-19T10:55:15+00:00 DEBUG Tt4b_Pixel_Class::inject_add_to_cart_event: Missing option "access_token"
2024-01-19T10:55:15+00:00 DEBUG Tt4b_Pixel_Class::inject_view_content_event: hit ViewContent
2024-01-19T10:55:15+00:00 DEBUG Tt4b_Pixel_Class::inject_view_content_event: Missing option "access_token"
2024-01-19T10:55:22+00:00 DEBUG Tt4b_Pixel_Class::inject_add_to_cart_event: hit AddToCart
2024-01-19T10:55:22+00:00 DEBUG Tt4b_Pixel_Class::inject_add_to_cart_event: Missing option "access_token"
2024-01-19T10:55:22+00:00 DEBUG Tt4b_Pixel_Class::inject_view_content_event: hit ViewContent
2024-01-19T10:55:22+00:00 DEBUG Tt4b_Pixel_Class::inject_view_content_event: Missing option "access_token"
2024-01-19T10:55:58+00:00 DEBUG Tt4b_Pixel_Class::inject_view_content_event: hit ViewContent
2024-01-19T10:55:58+00:00 DEBUG Tt4b_Pixel_Class::inject_view_content_event: Missing option "access_token"
2024-01-19T10:56:16+00:00 DEBUG Tt4b_Pixel_Class::inject_view_content_event: hit ViewContent
2024-01-19T10:56:16+00:00 DEBUG Tt4b_Pixel_Class::inject_view_content_event: Missing option "access_token"
2024-01-19T11:07:05+00:00 DEBUG Tt4b_Pixel_Class::inject_add_to_cart_event: hit AddToCart
2024-01-19T11:07:05+00:00 DEBUG Tt4b_Pixel_Class::inject_add_to_cart_event: Missing option "access_token"
2024-01-19T11:07:05+00:00 DEBUG Tt4b_Pixel_Class::inject_view_content_event: hit ViewContent
2024-01-19T11:07:05+00:00 DEBUG Tt4b_Pixel_Class::inject_view_content_event: Missing option "access_token"
2024-01-19T11:07:08+00:00 DEBUG Tt4b_Pixel_Class::inject_add_to_cart_event: hit AddToCart
2024-01-19T11:07:08+00:00 DEBUG Tt4b_Pixel_Class::inject_add_to_cart_event: Missing option "access_token"
2024-01-19T11:07:08+00:00 DEBUG Tt4b_Pixel_Class::inject_view_content_event: hit ViewContent
2024-01-19T11:07:08+00:00 DEBUG Tt4b_Pixel_Class::inject_view_content_event: Missing option "access_token"
2024-01-19T11:07:30+00:00 DEBUG Tt4b_Pixel_Class::inject_add_to_cart_event: hit AddToCart
2024-01-19T11:07:30+00:00 DEBUG Tt4b_Pixel_Class::inject_add_to_cart_event: Missing option "access_token"
2024-01-19T11:07:30+00:00 DEBUG Tt4b_Pixel_Class::inject_view_content_event: hit ViewContent
2024-01-19T11:07:30+00:00 DEBUG Tt4b_Pixel_Class::inject_view_content_event: Missing option "access_token"
2024-01-19T11:07:36+00:00 DEBUG Tt4b_Pixel_Class::inject_add_to_cart_event: hit AddToCart
2024-01-19T11:07:36+00:00 DEBUG Tt4b_Pixel_Class::inject_add_to_cart_event: Missing option "access_token"
2024-01-19T11:07:36+00:00 DEBUG Tt4b_Pixel_Class::inject_view_content_event: hit ViewContent
2024-01-19T11:07:36+00:00 DEBUG Tt4b_Pixel_Class::inject_view_content_event: Missing option "access_token"
2024-01-19T11:07:58+00:00 DEBUG Tt4b_Pixel_Class::inject_add_to_cart_event: hit AddToCart
2024-01-19T11:07:58+00:00 DEBUG Tt4b_Pixel_Class::inject_add_to_cart_event: Missing option "access_token"
2024-01-19T11:07:58+00:00 DEBUG Tt4b_Pixel_Class::inject_view_content_event: hit ViewContent
2024-01-19T11:07:58+00:00 DEBUG Tt4b_Pixel_Class::inject_view_content_event: Missing option "access_token"
2024-01-19T11:09:03+00:00 DEBUG Tt4b_Pixel_Class::inject_add_to_cart_event: hit AddToCart
2024-01-19T11:09:03+00:00 DEBUG Tt4b_Pixel_Class::inject_add_to_cart_event: Missing option "access_token"
2024-01-19T11:09:03+00:00 DEBUG Tt4b_Pixel_Class::inject_view_content_event: hit ViewContent
2024-01-19T11:09:03+00:00 DEBUG Tt4b_Pixel_Class::inject_view_content_event: Missing option "access_token"
2024-01-19T11:09:24+00:00 DEBUG Tt4b_Pixel_Class::inject_add_to_cart_event: hit AddToCart
2024-01-19T11:09:24+00:00 DEBUG Tt4b_Pixel_Class::inject_add_to_cart_event: Missing option "access_token"
2024-01-19T11:09:24+00:00 DEBUG Tt4b_Pixel_Class::inject_view_content_event: hit ViewContent
2024-01-19T11:09:24+00:00 DEBUG Tt4b_Pixel_Class::inject_view_content_event: Missing option "access_token"
2024-01-19T11:10:08+00:00 DEBUG Tt4b_Pixel_Class::inject_add_to_cart_event: hit AddToCart
2024-01-19T11:10:08+00:00 DEBUG Tt4b_Pixel_Class::inject_add_to_cart_event: Missing option "access_token"
2024-01-19T11:10:08+00:00 DEBUG Tt4b_Pixel_Class::inject_view_content_event: hit ViewContent
2024-01-19T11:10:08+00:00 DEBUG Tt4b_Pixel_Class::inject_view_content_event: Missing option "access_token"
2024-01-19T11:14:34+00:00 DEBUG Tt4b_Pixel_Class::inject_view_content_event: hit ViewContent
2024-01-19T11:14:34+00:00 DEBUG Tt4b_Pixel_Class::inject_view_content_event: Missing option "access_token"
2024-01-19T11:15:04+00:00 DEBUG Tt4b_Pixel_Class::inject_view_content_event: hit ViewContent
2024-01-19T11:15:04+00:00 DEBUG Tt4b_Pixel_Class::inject_view_content_event: Missing option "access_token"
2024-01-19T11:22:46+00:00 DEBUG Tt4b_Pixel_Class::inject_add_to_cart_event: hit AddToCart
2024-01-19T11:22:46+00:00 DEBUG Tt4b_Pixel_Class::inject_add_to_cart_event: Missing option "access_token"
2024-01-19T11:22:46+00:00 DEBUG Tt4b_Pixel_Class::inject_view_content_event: hit ViewContent
2024-01-19T11:22:46+00:00 DEBUG Tt4b_Pixel_Class::inject_view_content_event: Missing option "access_token"
2024-01-19T11:22:50+00:00 DEBUG Tt4b_Pixel_Class::inject_add_to_cart_event: hit AddToCart
2024-01-19T11:22:50+00:00 DEBUG Tt4b_Pixel_Class::inject_add_to_cart_event: Missing option "access_token"
2024-01-19T11:22:50+00:00 DEBUG Tt4b_Pixel_Class::inject_view_content_event: hit ViewContent
2024-01-19T11:22:50+00:00 DEBUG Tt4b_Pixel_Class::inject_view_content_event: Missing option "access_token"
2024-01-19T11:23:42+00:00 DEBUG Tt4b_Pixel_Class::inject_view_content_event: hit ViewContent
2024-01-19T11:23:42+00:00 DEBUG Tt4b_Pixel_Class::inject_view_content_event: Missing option "access_token"
2024-01-19T11:24:22+00:00 DEBUG Tt4b_Pixel_Class::inject_view_content_event: hit ViewContent
2024-01-19T11:24:22+00:00 DEBUG Tt4b_Pixel_Class::inject_view_content_event: Missing option "access_token"
2024-01-19T11:34:00+00:00 DEBUG Tt4b_Pixel_Class::inject_add_to_cart_event: hit AddToCart
2024-01-19T11:34:00+00:00 DEBUG Tt4b_Pixel_Class::inject_add_to_cart_event: Missing option "access_token"
2024-01-19T11:34:01+00:00 DEBUG Tt4b_Pixel_Class::inject_view_content_event: hit ViewContent
2024-01-19T11:34:01+00:00 DEBUG Tt4b_Pixel_Class::inject_view_content_event: Missing option "access_token"
2024-01-19T11:35:14+00:00 DEBUG Tt4b_Pixel_Class::inject_add_to_cart_event: hit AddToCart
2024-01-19T11:35:14+00:00 DEBUG Tt4b_Pixel_Class::inject_add_to_cart_event: Missing option "access_token"
2024-01-19T11:35:15+00:00 DEBUG Tt4b_Pixel_Class::inject_view_content_event: hit ViewContent
2024-01-19T11:35:15+00:00 DEBUG Tt4b_Pixel_Class::inject_view_content_event: Missing option "access_token"
2024-01-19T11:35:50+00:00 DEBUG Tt4b_Pixel_Class::inject_add_to_cart_event: hit AddToCart
2024-01-19T11:35:50+00:00 DEBUG Tt4b_Pixel_Class::inject_add_to_cart_event: Missing option "access_token"
2024-01-19T11:35:50+00:00 DEBUG Tt4b_Pixel_Class::inject_view_content_event: hit ViewContent
2024-01-19T11:35:50+00:00 DEBUG Tt4b_Pixel_Class::inject_view_content_event: Missing option "access_token"
2024-01-19T11:37:18+00:00 DEBUG Tt4b_Pixel_Class::inject_add_to_cart_event: hit AddToCart
2024-01-19T11:37:18+00:00 DEBUG Tt4b_Pixel_Class::inject_add_to_cart_event: Missing option "access_token"
2024-01-19T11:37:18+00:00 DEBUG Tt4b_Pixel_Class::inject_view_content_event: hit ViewContent
2024-01-19T11:37:18+00:00 DEBUG Tt4b_Pixel_Class::inject_view_content_event: Missing option "access_token"
2024-01-19T11:37:26+00:00 DEBUG Tt4b_Pixel_Class::inject_add_to_cart_event: hit AddToCart
2024-01-19T11:37:26+00:00 DEBUG Tt4b_Pixel_Class::inject_add_to_cart_event: Missing option "access_token"
2024-01-19T11:37:26+00:00 DEBUG Tt4b_Pixel_Class::inject_view_content_event: hit ViewContent
2024-01-19T11:37:26+00:00 DEBUG Tt4b_Pixel_Class::inject_view_content_event: Missing option "access_token"
2024-01-19T11:37:48+00:00 DEBUG Tt4b_Pixel_Class::inject_add_to_cart_event: hit AddToCart
2024-01-19T11:37:48+00:00 DEBUG Tt4b_Pixel_Class::inject_add_to_cart_event: Missing option "access_token"
2024-01-19T11:37:48+00:00 DEBUG Tt4b_Pixel_Class::inject_view_content_event: hit ViewContent
2024-01-19T11:37:48+00:00 DEBUG Tt4b_Pixel_Class::inject_view_content_event: Missing option "access_token"
2024-01-19T11:38:20+00:00 DEBUG Tt4b_Pixel_Class::inject_add_to_cart_event: hit AddToCart
2024-01-19T11:38:20+00:00 DEBUG Tt4b_Pixel_Class::inject_add_to_cart_event: Missing option "access_token"
2024-01-19T11:38:21+00:00 DEBUG Tt4b_Pixel_Class::inject_view_content_event: hit ViewContent
2024-01-19T11:38:21+00:00 DEBUG Tt4b_Pixel_Class::inject_view_content_event: Missing option "access_token"
2024-01-19T11:38:37+00:00 DEBUG Tt4b_Pixel_Class::inject_add_to_cart_event: hit AddToCart
2024-01-19T11:38:37+00:00 DEBUG Tt4b_Pixel_Class::inject_add_to_cart_event: Missing option "access_token"
2024-01-19T11:38:37+00:00 DEBUG Tt4b_Pixel_Class::inject_view_content_event: hit ViewContent
2024-01-19T11:38:37+00:00 DEBUG Tt4b_Pixel_Class::inject_view_content_event: Missing option "access_token"
2024-01-19T11:39:18+00:00 DEBUG Tt4b_Pixel_Class::inject_view_content_event: hit ViewContent
2024-01-19T11:39:18+00:00 DEBUG Tt4b_Pixel_Class::inject_view_content_event: Missing option "access_token"
2024-01-19T11:39:35+00:00 DEBUG Tt4b_Pixel_Class::inject_view_content_event: hit ViewContent
2024-01-19T11:39:35+00:00 DEBUG Tt4b_Pixel_Class::inject_view_content_event: Missing option "access_token"
2024-01-19T11:57:42+00:00 DEBUG Tt4b_Pixel_Class::inject_add_to_cart_event: hit AddToCart
2024-01-19T11:57:42+00:00 DEBUG Tt4b_Pixel_Class::inject_add_to_cart_event: Missing option "access_token"
2024-01-19T11:57:42+00:00 DEBUG Tt4b_Pixel_Class::inject_view_content_event: hit ViewContent
2024-01-19T11:57:42+00:00 DEBUG Tt4b_Pixel_Class::inject_view_content_event: Missing option "access_token"
2024-01-19T11:58:04+00:00 DEBUG Tt4b_Pixel_Class::inject_add_to_cart_event: hit AddToCart
2024-01-19T11:58:04+00:00 DEBUG Tt4b_Pixel_Class::inject_add_to_cart_event: Missing option "access_token"
2024-01-19T11:58:04+00:00 DEBUG Tt4b_Pixel_Class::inject_view_content_event: hit ViewContent
2024-01-19T11:58:04+00:00 DEBUG Tt4b_Pixel_Class::inject_view_content_event: Missing option "access_token"
2024-01-19T11:58:53+00:00 DEBUG Tt4b_Pixel_Class::inject_add_to_cart_event: hit AddToCart
2024-01-19T11:58:53+00:00 DEBUG Tt4b_Pixel_Class::inject_add_to_cart_event: Missing option "access_token"
2024-01-19T11:58:53+00:00 DEBUG Tt4b_Pixel_Class::inject_view_content_event: hit ViewContent
2024-01-19T11:58:53+00:00 DEBUG Tt4b_Pixel_Class::inject_view_content_event: Missing option "access_token"
2024-01-19T11:59:01+00:00 DEBUG Tt4b_Pixel_Class::inject_add_to_cart_event: hit AddToCart
2024-01-19T11:59:01+00:00 DEBUG Tt4b_Pixel_Class::inject_add_to_cart_event: Missing option "access_token"
2024-01-19T11:59:01+00:00 DEBUG Tt4b_Pixel_Class::inject_view_content_event: hit ViewContent
2024-01-19T11:59:01+00:00 DEBUG Tt4b_Pixel_Class::inject_view_content_event: Missing option "access_token"
2024-01-19T11:59:19+00:00 DEBUG Tt4b_Pixel_Class::inject_add_to_cart_event: hit AddToCart
2024-01-19T11:59:19+00:00 DEBUG Tt4b_Pixel_Class::inject_add_to_cart_event: Missing option "access_token"
2024-01-19T11:59:19+00:00 DEBUG Tt4b_Pixel_Class::inject_view_content_event: hit ViewContent
2024-01-19T11:59:19+00:00 DEBUG Tt4b_Pixel_Class::inject_view_content_event: Missing option "access_token"
2024-01-19T11:59:54+00:00 DEBUG Tt4b_Pixel_Class::inject_add_to_cart_event: hit AddToCart
2024-01-19T11:59:54+00:00 DEBUG Tt4b_Pixel_Class::inject_add_to_cart_event: Missing option "access_token"
2024-01-19T11:59:54+00:00 DEBUG Tt4b_Pixel_Class::inject_view_content_event: hit ViewContent
2024-01-19T11:59:54+00:00 DEBUG Tt4b_Pixel_Class::inject_view_content_event: Missing option "access_token"
2024-01-19T15:20:04+00:00 DEBUG Tt4b_Pixel_Class::inject_view_content_event: hit ViewContent
2024-01-19T15:20:04+00:00 DEBUG Tt4b_Pixel_Class::inject_view_content_event: Missing option "access_token"
2024-01-19T17:46:16+00:00 DEBUG Tt4b_Pixel_Class::inject_view_content_event: hit ViewContent
2024-01-19T17:46:16+00:00 DEBUG Tt4b_Pixel_Class::inject_view_content_event: Missing option "access_token"
2024-01-19T20:11:38+00:00 DEBUG Tt4b_Pixel_Class::inject_view_content_event: hit ViewContent
2024-01-19T20:11:38+00:00 DEBUG Tt4b_Pixel_Class::inject_view_content_event: Missing option "access_token"
2024-01-19T23:32:18+00:00 DEBUG Tt4b_Pixel_Class::inject_view_content_event: hit ViewContent
2024-01-19T23:32:18+00:00 DEBUG Tt4b_Pixel_Class::inject_view_content_event: Missing option "access_token"
2024-01-19T23:34:04+00:00 DEBUG Tt4b_Pixel_Class::inject_view_content_event: hit ViewContent
2024-01-19T23:34:04+00:00 DEBUG Tt4b_Pixel_Class::inject_view_content_event: Missing option "access_token"
