2024-03-17T09:31:59+00:00 INFO Array
(
    [Webhook Delivery] => Array
        (
            [Delivery ID] => c06ba0e5bcb0e784947221695d4c57a3
            [Date] => Th3 17, 2024 @ 9:31
            [URL] => https://vn1.n8n.vn/webhook/test/order/updated
            [Duration] => 0.67911
            [Request] => Array
                (
                    [Method] => POST
                    [Headers] => Array
                        (
                            [User-Agent] => WooCommerce/8.6.1 Hookshot (WordPress/6.4.2)
                            [Content-Type] => application/json
                            [X-WC-Webhook-Source] => https://vovinamfusion.top/
                            [X-WC-Webhook-Topic] => order.updated
                            [X-WC-Webhook-Resource] => order
                            [X-WC-Webhook-Event] => updated
                            [X-WC-Webhook-Signature] => gyg3ibaktQCy3ZLHMBdkHMJp3jV3QCDnXU7WVqX3kjE=
                            [X-WC-Webhook-ID] => 2
                            [X-WC-Webhook-Delivery-ID] => c06ba0e5bcb0e784947221695d4c57a3
                        )

                )

            [Body] => Webhook body is not logged unless WP_DEBUG mode is turned on. This is to avoid the storing of personal data in the logs.
            [Response] => Array
                (
                    [Code] => 200
                    [Message] => OK
                    [Headers] => WpOrg\Requests\Utility\CaseInsensitiveDictionary Object
                        (
                            [data:protected] => Array
                                (
                                    [content-length] => 34
                                    [content-type] => application/json; charset=utf-8
                                    [date] => Sun, 17 Mar 2024 09:31:59 GMT
                                    [etag] => W/"22-6OS7cK0FzqnV2NeDHdOSGS1bVUs"
                                    [strict-transport-security] => max-age=315360000; includeSubDomains; preload
                                    [vary] => Accept-Encoding
                                    [x-content-type-options] => nosniff
                                    [x-xss-protection] => 1; mode=block
                                )

                        )

                    [Body] => Webhook body is not logged unless WP_DEBUG mode is turned on. This is to avoid the storing of personal data in the logs.
                )

        )

)
2024-03-17T11:17:30+00:00 INFO Array
(
    [Webhook Delivery] => Array
        (
            [Delivery ID] => 35e92446deca104fdbabd1f08cc84542
            [Date] => Th3 17, 2024 @ 11:17
            [URL] => https://vn1.n8n.vn/webhook/test/order/updated
            [Duration] => 0.92228
            [Request] => Array
                (
                    [Method] => POST
                    [Headers] => Array
                        (
                            [User-Agent] => WooCommerce/8.6.1 Hookshot (WordPress/6.4.2)
                            [Content-Type] => application/json
                            [X-WC-Webhook-Source] => https://vovinamfusion.top/
                            [X-WC-Webhook-Topic] => order.updated
                            [X-WC-Webhook-Resource] => order
                            [X-WC-Webhook-Event] => updated
                            [X-WC-Webhook-Signature] => n/hjFUu8XxMmbyv7gQ4vGX7X5hRl7HFj3oDu+DoAIfM=
                            [X-WC-Webhook-ID] => 2
                            [X-WC-Webhook-Delivery-ID] => 35e92446deca104fdbabd1f08cc84542
                        )

                )

            [Body] => Webhook body is not logged unless WP_DEBUG mode is turned on. This is to avoid the storing of personal data in the logs.
            [Response] => Array
                (
                    [Code] => 200
                    [Message] => OK
                    [Headers] => WpOrg\Requests\Utility\CaseInsensitiveDictionary Object
                        (
                            [data:protected] => Array
                                (
                                    [content-length] => 34
                                    [content-type] => application/json; charset=utf-8
                                    [date] => Sun, 17 Mar 2024 11:17:30 GMT
                                    [etag] => W/"22-6OS7cK0FzqnV2NeDHdOSGS1bVUs"
                                    [strict-transport-security] => max-age=315360000; includeSubDomains; preload
                                    [vary] => Accept-Encoding
                                    [x-content-type-options] => nosniff
                                    [x-xss-protection] => 1; mode=block
                                )

                        )

                    [Body] => Webhook body is not logged unless WP_DEBUG mode is turned on. This is to avoid the storing of personal data in the logs.
                )

        )

)
2024-03-17T11:17:36+00:00 INFO Array
(
    [Webhook Delivery] => Array
        (
            [Delivery ID] => 4ce2cb3588fe1589fbae976c578db571
            [Date] => Th3 17, 2024 @ 11:17
            [URL] => https://vn1.n8n.vn/webhook/test/order/updated
            [Duration] => 0.51799
            [Request] => Array
                (
                    [Method] => POST
                    [Headers] => Array
                        (
                            [User-Agent] => WooCommerce/8.6.1 Hookshot (WordPress/6.4.2)
                            [Content-Type] => application/json
                            [X-WC-Webhook-Source] => https://vovinamfusion.top/
                            [X-WC-Webhook-Topic] => order.updated
                            [X-WC-Webhook-Resource] => order
                            [X-WC-Webhook-Event] => updated
                            [X-WC-Webhook-Signature] => 3icuIPDRUezfzK1oLQToid+TOntl/7QJBJMHWdGDOOc=
                            [X-WC-Webhook-ID] => 2
                            [X-WC-Webhook-Delivery-ID] => 4ce2cb3588fe1589fbae976c578db571
                        )

                )

            [Body] => Webhook body is not logged unless WP_DEBUG mode is turned on. This is to avoid the storing of personal data in the logs.
            [Response] => Array
                (
                    [Code] => 200
                    [Message] => OK
                    [Headers] => WpOrg\Requests\Utility\CaseInsensitiveDictionary Object
                        (
                            [data:protected] => Array
                                (
                                    [content-length] => 34
                                    [content-type] => application/json; charset=utf-8
                                    [date] => Sun, 17 Mar 2024 11:17:36 GMT
                                    [etag] => W/"22-6OS7cK0FzqnV2NeDHdOSGS1bVUs"
                                    [strict-transport-security] => max-age=315360000; includeSubDomains; preload
                                    [vary] => Accept-Encoding
                                    [x-content-type-options] => nosniff
                                    [x-xss-protection] => 1; mode=block
                                )

                        )

                    [Body] => Webhook body is not logged unless WP_DEBUG mode is turned on. This is to avoid the storing of personal data in the logs.
                )

        )

)
2024-03-17T11:18:02+00:00 INFO Array
(
    [Webhook Delivery] => Array
        (
            [Delivery ID] => e8b9de04b4cd9753811722dfdb3ede94
            [Date] => Th3 17, 2024 @ 11:18
            [URL] => https://vn1.n8n.vn/webhook/test/order/updated
            [Duration] => 0.69882
            [Request] => Array
                (
                    [Method] => POST
                    [Headers] => Array
                        (
                            [User-Agent] => WooCommerce/8.6.1 Hookshot (WordPress/6.4.2)
                            [Content-Type] => application/json
                            [X-WC-Webhook-Source] => https://vovinamfusion.top/
                            [X-WC-Webhook-Topic] => order.updated
                            [X-WC-Webhook-Resource] => order
                            [X-WC-Webhook-Event] => updated
                            [X-WC-Webhook-Signature] => rlLq1jw89+MLdNsmzUTEOICDuus4LT2AJefkEfOKp+I=
                            [X-WC-Webhook-ID] => 2
                            [X-WC-Webhook-Delivery-ID] => e8b9de04b4cd9753811722dfdb3ede94
                        )

                )

            [Body] => Webhook body is not logged unless WP_DEBUG mode is turned on. This is to avoid the storing of personal data in the logs.
            [Response] => Array
                (
                    [Code] => 200
                    [Message] => OK
                    [Headers] => WpOrg\Requests\Utility\CaseInsensitiveDictionary Object
                        (
                            [data:protected] => Array
                                (
                                    [content-length] => 34
                                    [content-type] => application/json; charset=utf-8
                                    [date] => Sun, 17 Mar 2024 11:18:02 GMT
                                    [etag] => W/"22-6OS7cK0FzqnV2NeDHdOSGS1bVUs"
                                    [strict-transport-security] => max-age=315360000; includeSubDomains; preload
                                    [vary] => Accept-Encoding
                                    [x-content-type-options] => nosniff
                                    [x-xss-protection] => 1; mode=block
                                )

                        )

                    [Body] => Webhook body is not logged unless WP_DEBUG mode is turned on. This is to avoid the storing of personal data in the logs.
                )

        )

)
2024-03-17T11:18:02+00:00 INFO Array
(
    [Webhook Delivery] => Array
        (
            [Delivery ID] => e8b9de04b4cd9753811722dfdb3ede94
            [Date] => Th3 17, 2024 @ 11:18
            [URL] => https://vn1.n8n.vn/webhook/test/order/updated
            [Duration] => 0.243
            [Request] => Array
                (
                    [Method] => POST
                    [Headers] => Array
                        (
                            [User-Agent] => WooCommerce/8.6.1 Hookshot (WordPress/6.4.2)
                            [Content-Type] => application/json
                            [X-WC-Webhook-Source] => https://vovinamfusion.top/
                            [X-WC-Webhook-Topic] => order.updated
                            [X-WC-Webhook-Resource] => order
                            [X-WC-Webhook-Event] => updated
                            [X-WC-Webhook-Signature] => rlLq1jw89+MLdNsmzUTEOICDuus4LT2AJefkEfOKp+I=
                            [X-WC-Webhook-ID] => 2
                            [X-WC-Webhook-Delivery-ID] => e8b9de04b4cd9753811722dfdb3ede94
                        )

                )

            [Body] => Webhook body is not logged unless WP_DEBUG mode is turned on. This is to avoid the storing of personal data in the logs.
            [Response] => Array
                (
                    [Code] => 200
                    [Message] => OK
                    [Headers] => WpOrg\Requests\Utility\CaseInsensitiveDictionary Object
                        (
                            [data:protected] => Array
                                (
                                    [content-length] => 34
                                    [content-type] => application/json; charset=utf-8
                                    [date] => Sun, 17 Mar 2024 11:18:02 GMT
                                    [etag] => W/"22-6OS7cK0FzqnV2NeDHdOSGS1bVUs"
                                    [strict-transport-security] => max-age=315360000; includeSubDomains; preload
                                    [vary] => Accept-Encoding
                                    [x-content-type-options] => nosniff
                                    [x-xss-protection] => 1; mode=block
                                )

                        )

                    [Body] => Webhook body is not logged unless WP_DEBUG mode is turned on. This is to avoid the storing of personal data in the logs.
                )

        )

)
2024-03-17T11:18:57+00:00 INFO Array
(
    [Webhook Delivery] => Array
        (
            [Delivery ID] => dae4f2ab34d61a889b9eb8603c8ec7c3
            [Date] => Th3 17, 2024 @ 11:18
            [URL] => https://vn1.n8n.vn/webhook/test/order/updated
            [Duration] => 0.46441
            [Request] => Array
                (
                    [Method] => POST
                    [Headers] => Array
                        (
                            [User-Agent] => WooCommerce/8.6.1 Hookshot (WordPress/6.4.2)
                            [Content-Type] => application/json
                            [X-WC-Webhook-Source] => https://vovinamfusion.top/
                            [X-WC-Webhook-Topic] => order.updated
                            [X-WC-Webhook-Resource] => order
                            [X-WC-Webhook-Event] => updated
                            [X-WC-Webhook-Signature] => 6+jt0VMs2V7/VV5ncKSQxB8umNGCakp57vSrZaTZmO8=
                            [X-WC-Webhook-ID] => 2
                            [X-WC-Webhook-Delivery-ID] => dae4f2ab34d61a889b9eb8603c8ec7c3
                        )

                )

            [Body] => Webhook body is not logged unless WP_DEBUG mode is turned on. This is to avoid the storing of personal data in the logs.
            [Response] => Array
                (
                    [Code] => 200
                    [Message] => OK
                    [Headers] => WpOrg\Requests\Utility\CaseInsensitiveDictionary Object
                        (
                            [data:protected] => Array
                                (
                                    [content-length] => 34
                                    [content-type] => application/json; charset=utf-8
                                    [date] => Sun, 17 Mar 2024 11:18:57 GMT
                                    [etag] => W/"22-6OS7cK0FzqnV2NeDHdOSGS1bVUs"
                                    [strict-transport-security] => max-age=315360000; includeSubDomains; preload
                                    [vary] => Accept-Encoding
                                    [x-content-type-options] => nosniff
                                    [x-xss-protection] => 1; mode=block
                                )

                        )

                    [Body] => Webhook body is not logged unless WP_DEBUG mode is turned on. This is to avoid the storing of personal data in the logs.
                )

        )

)
2024-03-17T11:24:04+00:00 INFO Array
(
    [Webhook Delivery] => Array
        (
            [Delivery ID] => d02fbd930dd82370097a22f1f64569d0
            [Date] => Th3 17, 2024 @ 11:24
            [URL] => https://vn1.n8n.vn/webhook/test/order/updated
            [Duration] => 0.62241
            [Request] => Array
                (
                    [Method] => POST
                    [Headers] => Array
                        (
                            [User-Agent] => WooCommerce/8.6.1 Hookshot (WordPress/6.4.2)
                            [Content-Type] => application/json
                            [X-WC-Webhook-Source] => https://vovinamfusion.top/
                            [X-WC-Webhook-Topic] => order.updated
                            [X-WC-Webhook-Resource] => order
                            [X-WC-Webhook-Event] => updated
                            [X-WC-Webhook-Signature] => RcWqZRAbE2BZ58Ez3M0MOzXbiIFoAXZ4Wvvuhc6UZMY=
                            [X-WC-Webhook-ID] => 2
                            [X-WC-Webhook-Delivery-ID] => d02fbd930dd82370097a22f1f64569d0
                        )

                )

            [Body] => Webhook body is not logged unless WP_DEBUG mode is turned on. This is to avoid the storing of personal data in the logs.
            [Response] => Array
                (
                    [Code] => 200
                    [Message] => OK
                    [Headers] => WpOrg\Requests\Utility\CaseInsensitiveDictionary Object
                        (
                            [data:protected] => Array
                                (
                                    [content-length] => 34
                                    [content-type] => application/json; charset=utf-8
                                    [date] => Sun, 17 Mar 2024 11:24:04 GMT
                                    [etag] => W/"22-6OS7cK0FzqnV2NeDHdOSGS1bVUs"
                                    [strict-transport-security] => max-age=315360000; includeSubDomains; preload
                                    [vary] => Accept-Encoding
                                    [x-content-type-options] => nosniff
                                    [x-xss-protection] => 1; mode=block
                                )

                        )

                    [Body] => Webhook body is not logged unless WP_DEBUG mode is turned on. This is to avoid the storing of personal data in the logs.
                )

        )

)
2024-03-17T12:02:19+00:00 INFO Array
(
    [Webhook Delivery] => Array
        (
            [Delivery ID] => fdb0f7da8e7f663a7cc16f7128f709cf
            [Date] => Th3 17, 2024 @ 12:02
            [URL] => https://vn1.n8n.vn/webhook/test/order/updated
            [Duration] => 0.56706
            [Request] => Array
                (
                    [Method] => POST
                    [Headers] => Array
                        (
                            [User-Agent] => WooCommerce/8.6.1 Hookshot (WordPress/6.4.2)
                            [Content-Type] => application/json
                            [X-WC-Webhook-Source] => https://vovinamfusion.top/
                            [X-WC-Webhook-Topic] => order.updated
                            [X-WC-Webhook-Resource] => order
                            [X-WC-Webhook-Event] => updated
                            [X-WC-Webhook-Signature] => y16C85C2KPpnR+l3Cf+XYueSWBlYVlMGR6SgOOsxwVw=
                            [X-WC-Webhook-ID] => 2
                            [X-WC-Webhook-Delivery-ID] => fdb0f7da8e7f663a7cc16f7128f709cf
                        )

                )

            [Body] => Webhook body is not logged unless WP_DEBUG mode is turned on. This is to avoid the storing of personal data in the logs.
            [Response] => Array
                (
                    [Code] => 200
                    [Message] => OK
                    [Headers] => WpOrg\Requests\Utility\CaseInsensitiveDictionary Object
                        (
                            [data:protected] => Array
                                (
                                    [content-length] => 34
                                    [content-type] => application/json; charset=utf-8
                                    [date] => Sun, 17 Mar 2024 12:02:19 GMT
                                    [etag] => W/"22-6OS7cK0FzqnV2NeDHdOSGS1bVUs"
                                    [strict-transport-security] => max-age=315360000; includeSubDomains; preload
                                    [vary] => Accept-Encoding
                                    [x-content-type-options] => nosniff
                                    [x-xss-protection] => 1; mode=block
                                )

                        )

                    [Body] => Webhook body is not logged unless WP_DEBUG mode is turned on. This is to avoid the storing of personal data in the logs.
                )

        )

)
2024-03-17T13:39:00+00:00 INFO Array
(
    [Webhook Delivery] => Array
        (
            [Delivery ID] => eb77a2aced7bba7f99b18b032bbb9065
            [Date] => Th3 17, 2024 @ 13:39
            [URL] => https://vn1.n8n.vn/webhook/test/order/updated
            [Duration] => 0.60526
            [Request] => Array
                (
                    [Method] => POST
                    [Headers] => Array
                        (
                            [User-Agent] => WooCommerce/8.6.1 Hookshot (WordPress/6.4.2)
                            [Content-Type] => application/json
                            [X-WC-Webhook-Source] => https://vovinamfusion.top/
                            [X-WC-Webhook-Topic] => order.updated
                            [X-WC-Webhook-Resource] => order
                            [X-WC-Webhook-Event] => updated
                            [X-WC-Webhook-Signature] => Ah5WTeR/oMWKI4lZIbwzyech8LP2+kqWdjg8eiUElFc=
                            [X-WC-Webhook-ID] => 2
                            [X-WC-Webhook-Delivery-ID] => eb77a2aced7bba7f99b18b032bbb9065
                        )

                )

            [Body] => Webhook body is not logged unless WP_DEBUG mode is turned on. This is to avoid the storing of personal data in the logs.
            [Response] => Array
                (
                    [Code] => 200
                    [Message] => OK
                    [Headers] => WpOrg\Requests\Utility\CaseInsensitiveDictionary Object
                        (
                            [data:protected] => Array
                                (
                                    [content-length] => 34
                                    [content-type] => application/json; charset=utf-8
                                    [date] => Sun, 17 Mar 2024 13:39:00 GMT
                                    [etag] => W/"22-6OS7cK0FzqnV2NeDHdOSGS1bVUs"
                                    [strict-transport-security] => max-age=315360000; includeSubDomains; preload
                                    [vary] => Accept-Encoding
                                    [x-content-type-options] => nosniff
                                    [x-xss-protection] => 1; mode=block
                                )

                        )

                    [Body] => Webhook body is not logged unless WP_DEBUG mode is turned on. This is to avoid the storing of personal data in the logs.
                )

        )

)
2024-03-17T13:47:00+00:00 INFO Array
(
    [Webhook Delivery] => Array
        (
            [Delivery ID] => db0ea89f5cccf261c2fe187a2b7b77cf
            [Date] => Th3 17, 2024 @ 13:47
            [URL] => https://vn1.n8n.vn/webhook/test/order/updated
            [Duration] => 0.49996
            [Request] => Array
                (
                    [Method] => POST
                    [Headers] => Array
                        (
                            [User-Agent] => WooCommerce/8.6.1 Hookshot (WordPress/6.4.2)
                            [Content-Type] => application/json
                            [X-WC-Webhook-Source] => https://vovinamfusion.top/
                            [X-WC-Webhook-Topic] => order.updated
                            [X-WC-Webhook-Resource] => order
                            [X-WC-Webhook-Event] => updated
                            [X-WC-Webhook-Signature] => nQuhOl9qIrCrbmaBAhkqTkx90lDZ/1VXMofEE9aPpc0=
                            [X-WC-Webhook-ID] => 2
                            [X-WC-Webhook-Delivery-ID] => db0ea89f5cccf261c2fe187a2b7b77cf
                        )

                )

            [Body] => Webhook body is not logged unless WP_DEBUG mode is turned on. This is to avoid the storing of personal data in the logs.
            [Response] => Array
                (
                    [Code] => 200
                    [Message] => OK
                    [Headers] => WpOrg\Requests\Utility\CaseInsensitiveDictionary Object
                        (
                            [data:protected] => Array
                                (
                                    [content-length] => 34
                                    [content-type] => application/json; charset=utf-8
                                    [date] => Sun, 17 Mar 2024 13:47:00 GMT
                                    [etag] => W/"22-6OS7cK0FzqnV2NeDHdOSGS1bVUs"
                                    [strict-transport-security] => max-age=315360000; includeSubDomains; preload
                                    [vary] => Accept-Encoding
                                    [x-content-type-options] => nosniff
                                    [x-xss-protection] => 1; mode=block
                                )

                        )

                    [Body] => Webhook body is not logged unless WP_DEBUG mode is turned on. This is to avoid the storing of personal data in the logs.
                )

        )

)
2024-03-17T13:47:00+00:00 INFO Array
(
    [Webhook Delivery] => Array
        (
            [Delivery ID] => db0ea89f5cccf261c2fe187a2b7b77cf
            [Date] => Th3 17, 2024 @ 13:47
            [URL] => https://vn1.n8n.vn/webhook/test/order/updated
            [Duration] => 0.22182
            [Request] => Array
                (
                    [Method] => POST
                    [Headers] => Array
                        (
                            [User-Agent] => WooCommerce/8.6.1 Hookshot (WordPress/6.4.2)
                            [Content-Type] => application/json
                            [X-WC-Webhook-Source] => https://vovinamfusion.top/
                            [X-WC-Webhook-Topic] => order.updated
                            [X-WC-Webhook-Resource] => order
                            [X-WC-Webhook-Event] => updated
                            [X-WC-Webhook-Signature] => nQuhOl9qIrCrbmaBAhkqTkx90lDZ/1VXMofEE9aPpc0=
                            [X-WC-Webhook-ID] => 2
                            [X-WC-Webhook-Delivery-ID] => db0ea89f5cccf261c2fe187a2b7b77cf
                        )

                )

            [Body] => Webhook body is not logged unless WP_DEBUG mode is turned on. This is to avoid the storing of personal data in the logs.
            [Response] => Array
                (
                    [Code] => 200
                    [Message] => OK
                    [Headers] => WpOrg\Requests\Utility\CaseInsensitiveDictionary Object
                        (
                            [data:protected] => Array
                                (
                                    [content-length] => 34
                                    [content-type] => application/json; charset=utf-8
                                    [date] => Sun, 17 Mar 2024 13:47:00 GMT
                                    [etag] => W/"22-6OS7cK0FzqnV2NeDHdOSGS1bVUs"
                                    [strict-transport-security] => max-age=315360000; includeSubDomains; preload
                                    [vary] => Accept-Encoding
                                    [x-content-type-options] => nosniff
                                    [x-xss-protection] => 1; mode=block
                                )

                        )

                    [Body] => Webhook body is not logged unless WP_DEBUG mode is turned on. This is to avoid the storing of personal data in the logs.
                )

        )

)
2024-03-17T13:47:06+00:00 INFO Array
(
    [Webhook Delivery] => Array
        (
            [Delivery ID] => 27c356976097fa1259f109444b3f409b
            [Date] => Th3 17, 2024 @ 13:47
            [URL] => https://vn1.n8n.vn/webhook/test/order/updated
            [Duration] => 0.47526
            [Request] => Array
                (
                    [Method] => POST
                    [Headers] => Array
                        (
                            [User-Agent] => WooCommerce/8.6.1 Hookshot (WordPress/6.4.2)
                            [Content-Type] => application/json
                            [X-WC-Webhook-Source] => https://vovinamfusion.top/
                            [X-WC-Webhook-Topic] => order.updated
                            [X-WC-Webhook-Resource] => order
                            [X-WC-Webhook-Event] => updated
                            [X-WC-Webhook-Signature] => x0xn8KdzGHF33a0LYAlOEH74K0VGC87UzF31N2rjNlM=
                            [X-WC-Webhook-ID] => 2
                            [X-WC-Webhook-Delivery-ID] => 27c356976097fa1259f109444b3f409b
                        )

                )

            [Body] => Webhook body is not logged unless WP_DEBUG mode is turned on. This is to avoid the storing of personal data in the logs.
            [Response] => Array
                (
                    [Code] => 200
                    [Message] => OK
                    [Headers] => WpOrg\Requests\Utility\CaseInsensitiveDictionary Object
                        (
                            [data:protected] => Array
                                (
                                    [content-length] => 34
                                    [content-type] => application/json; charset=utf-8
                                    [date] => Sun, 17 Mar 2024 13:47:06 GMT
                                    [etag] => W/"22-6OS7cK0FzqnV2NeDHdOSGS1bVUs"
                                    [strict-transport-security] => max-age=315360000; includeSubDomains; preload
                                    [vary] => Accept-Encoding
                                    [x-content-type-options] => nosniff
                                    [x-xss-protection] => 1; mode=block
                                )

                        )

                    [Body] => Webhook body is not logged unless WP_DEBUG mode is turned on. This is to avoid the storing of personal data in the logs.
                )

        )

)
2024-03-17T13:48:00+00:00 INFO Array
(
    [Webhook Delivery] => Array
        (
            [Delivery ID] => 2598e72af8283dcd2b4f0efffcb1b11d
            [Date] => Th3 17, 2024 @ 13:48
            [URL] => https://vn1.n8n.vn/webhook/test/order/updated
            [Duration] => 0.49483
            [Request] => Array
                (
                    [Method] => POST
                    [Headers] => Array
                        (
                            [User-Agent] => WooCommerce/8.6.1 Hookshot (WordPress/6.4.2)
                            [Content-Type] => application/json
                            [X-WC-Webhook-Source] => https://vovinamfusion.top/
                            [X-WC-Webhook-Topic] => order.updated
                            [X-WC-Webhook-Resource] => order
                            [X-WC-Webhook-Event] => updated
                            [X-WC-Webhook-Signature] => l/6Tf0PSXPZFslBU3DKM8JJP6RGxuJENkYtEcnOTgvQ=
                            [X-WC-Webhook-ID] => 2
                            [X-WC-Webhook-Delivery-ID] => 2598e72af8283dcd2b4f0efffcb1b11d
                        )

                )

            [Body] => Webhook body is not logged unless WP_DEBUG mode is turned on. This is to avoid the storing of personal data in the logs.
            [Response] => Array
                (
                    [Code] => 200
                    [Message] => OK
                    [Headers] => WpOrg\Requests\Utility\CaseInsensitiveDictionary Object
                        (
                            [data:protected] => Array
                                (
                                    [content-length] => 34
                                    [content-type] => application/json; charset=utf-8
                                    [date] => Sun, 17 Mar 2024 13:48:00 GMT
                                    [etag] => W/"22-6OS7cK0FzqnV2NeDHdOSGS1bVUs"
                                    [strict-transport-security] => max-age=315360000; includeSubDomains; preload
                                    [vary] => Accept-Encoding
                                    [x-content-type-options] => nosniff
                                    [x-xss-protection] => 1; mode=block
                                )

                        )

                    [Body] => Webhook body is not logged unless WP_DEBUG mode is turned on. This is to avoid the storing of personal data in the logs.
                )

        )

)
2024-03-17T13:48:01+00:00 INFO Array
(
    [Webhook Delivery] => Array
        (
            [Delivery ID] => 2598e72af8283dcd2b4f0efffcb1b11d
            [Date] => Th3 17, 2024 @ 13:48
            [URL] => https://vn1.n8n.vn/webhook/test/order/updated
            [Duration] => 0.21969
            [Request] => Array
                (
                    [Method] => POST
                    [Headers] => Array
                        (
                            [User-Agent] => WooCommerce/8.6.1 Hookshot (WordPress/6.4.2)
                            [Content-Type] => application/json
                            [X-WC-Webhook-Source] => https://vovinamfusion.top/
                            [X-WC-Webhook-Topic] => order.updated
                            [X-WC-Webhook-Resource] => order
                            [X-WC-Webhook-Event] => updated
                            [X-WC-Webhook-Signature] => l/6Tf0PSXPZFslBU3DKM8JJP6RGxuJENkYtEcnOTgvQ=
                            [X-WC-Webhook-ID] => 2
                            [X-WC-Webhook-Delivery-ID] => 2598e72af8283dcd2b4f0efffcb1b11d
                        )

                )

            [Body] => Webhook body is not logged unless WP_DEBUG mode is turned on. This is to avoid the storing of personal data in the logs.
            [Response] => Array
                (
                    [Code] => 200
                    [Message] => OK
                    [Headers] => WpOrg\Requests\Utility\CaseInsensitiveDictionary Object
                        (
                            [data:protected] => Array
                                (
                                    [content-length] => 34
                                    [content-type] => application/json; charset=utf-8
                                    [date] => Sun, 17 Mar 2024 13:48:01 GMT
                                    [etag] => W/"22-6OS7cK0FzqnV2NeDHdOSGS1bVUs"
                                    [strict-transport-security] => max-age=315360000; includeSubDomains; preload
                                    [vary] => Accept-Encoding
                                    [x-content-type-options] => nosniff
                                    [x-xss-protection] => 1; mode=block
                                )

                        )

                    [Body] => Webhook body is not logged unless WP_DEBUG mode is turned on. This is to avoid the storing of personal data in the logs.
                )

        )

)
2024-03-17T13:48:35+00:00 INFO Array
(
    [Webhook Delivery] => Array
        (
            [Delivery ID] => 1c5fb77e35e874b12e626024301037fa
            [Date] => Th3 17, 2024 @ 13:48
            [URL] => https://vn1.n8n.vn/webhook/test/order/updated
            [Duration] => 0.53892
            [Request] => Array
                (
                    [Method] => POST
                    [Headers] => Array
                        (
                            [User-Agent] => WooCommerce/8.6.1 Hookshot (WordPress/6.4.2)
                            [Content-Type] => application/json
                            [X-WC-Webhook-Source] => https://vovinamfusion.top/
                            [X-WC-Webhook-Topic] => order.updated
                            [X-WC-Webhook-Resource] => order
                            [X-WC-Webhook-Event] => updated
                            [X-WC-Webhook-Signature] => iPkcjYoFk0jNwgYufjv9+Ib/7s9G1f8tUZXbKLs1vHg=
                            [X-WC-Webhook-ID] => 2
                            [X-WC-Webhook-Delivery-ID] => 1c5fb77e35e874b12e626024301037fa
                        )

                )

            [Body] => Webhook body is not logged unless WP_DEBUG mode is turned on. This is to avoid the storing of personal data in the logs.
            [Response] => Array
                (
                    [Code] => 200
                    [Message] => OK
                    [Headers] => WpOrg\Requests\Utility\CaseInsensitiveDictionary Object
                        (
                            [data:protected] => Array
                                (
                                    [content-length] => 34
                                    [content-type] => application/json; charset=utf-8
                                    [date] => Sun, 17 Mar 2024 13:48:35 GMT
                                    [etag] => W/"22-6OS7cK0FzqnV2NeDHdOSGS1bVUs"
                                    [strict-transport-security] => max-age=315360000; includeSubDomains; preload
                                    [vary] => Accept-Encoding
                                    [x-content-type-options] => nosniff
                                    [x-xss-protection] => 1; mode=block
                                )

                        )

                    [Body] => Webhook body is not logged unless WP_DEBUG mode is turned on. This is to avoid the storing of personal data in the logs.
                )

        )

)
2024-03-17T14:09:45+00:00 INFO Array
(
    [Webhook Delivery] => Array
        (
            [Delivery ID] => b164a1d7587ae820821abd341ef22745
            [Date] => Th3 17, 2024 @ 14:09
            [URL] => https://vn1.n8n.vn/webhook/test/order/updated
            [Duration] => 0.52882
            [Request] => Array
                (
                    [Method] => POST
                    [Headers] => Array
                        (
                            [User-Agent] => WooCommerce/8.6.1 Hookshot (WordPress/6.4.2)
                            [Content-Type] => application/json
                            [X-WC-Webhook-Source] => https://vovinamfusion.top/
                            [X-WC-Webhook-Topic] => order.updated
                            [X-WC-Webhook-Resource] => order
                            [X-WC-Webhook-Event] => updated
                            [X-WC-Webhook-Signature] => lXSDhKGs8QB0wcfEHbbY+oECJ7/JR8PhfO4AgKuxWek=
                            [X-WC-Webhook-ID] => 2
                            [X-WC-Webhook-Delivery-ID] => b164a1d7587ae820821abd341ef22745
                        )

                )

            [Body] => Webhook body is not logged unless WP_DEBUG mode is turned on. This is to avoid the storing of personal data in the logs.
            [Response] => Array
                (
                    [Code] => 200
                    [Message] => OK
                    [Headers] => WpOrg\Requests\Utility\CaseInsensitiveDictionary Object
                        (
                            [data:protected] => Array
                                (
                                    [content-length] => 34
                                    [content-type] => application/json; charset=utf-8
                                    [date] => Sun, 17 Mar 2024 14:09:45 GMT
                                    [etag] => W/"22-6OS7cK0FzqnV2NeDHdOSGS1bVUs"
                                    [strict-transport-security] => max-age=315360000; includeSubDomains; preload
                                    [vary] => Accept-Encoding
                                    [x-content-type-options] => nosniff
                                    [x-xss-protection] => 1; mode=block
                                )

                        )

                    [Body] => Webhook body is not logged unless WP_DEBUG mode is turned on. This is to avoid the storing of personal data in the logs.
                )

        )

)
2024-03-17T14:11:10+00:00 INFO Array
(
    [Webhook Delivery] => Array
        (
            [Delivery ID] => 2ee53e44ef413119637e8a606812af50
            [Date] => Th3 17, 2024 @ 14:11
            [URL] => https://vn1.n8n.vn/webhook/test/order/updated
            [Duration] => 0.56963
            [Request] => Array
                (
                    [Method] => POST
                    [Headers] => Array
                        (
                            [User-Agent] => WooCommerce/8.6.1 Hookshot (WordPress/6.4.2)
                            [Content-Type] => application/json
                            [X-WC-Webhook-Source] => https://vovinamfusion.top/
                            [X-WC-Webhook-Topic] => order.updated
                            [X-WC-Webhook-Resource] => order
                            [X-WC-Webhook-Event] => updated
                            [X-WC-Webhook-Signature] => vyZTyCf2ROkIL2whZScpx2lzY0O55osEq6KxFF+/GT8=
                            [X-WC-Webhook-ID] => 2
                            [X-WC-Webhook-Delivery-ID] => 2ee53e44ef413119637e8a606812af50
                        )

                )

            [Body] => Webhook body is not logged unless WP_DEBUG mode is turned on. This is to avoid the storing of personal data in the logs.
            [Response] => Array
                (
                    [Code] => 200
                    [Message] => OK
                    [Headers] => WpOrg\Requests\Utility\CaseInsensitiveDictionary Object
                        (
                            [data:protected] => Array
                                (
                                    [content-length] => 34
                                    [content-type] => application/json; charset=utf-8
                                    [date] => Sun, 17 Mar 2024 14:11:10 GMT
                                    [etag] => W/"22-6OS7cK0FzqnV2NeDHdOSGS1bVUs"
                                    [strict-transport-security] => max-age=315360000; includeSubDomains; preload
                                    [vary] => Accept-Encoding
                                    [x-content-type-options] => nosniff
                                    [x-xss-protection] => 1; mode=block
                                )

                        )

                    [Body] => Webhook body is not logged unless WP_DEBUG mode is turned on. This is to avoid the storing of personal data in the logs.
                )

        )

)
2024-03-17T14:11:11+00:00 INFO Array
(
    [Webhook Delivery] => Array
        (
            [Delivery ID] => 2ee53e44ef413119637e8a606812af50
            [Date] => Th3 17, 2024 @ 14:11
            [URL] => https://vn1.n8n.vn/webhook/test/order/updated
            [Duration] => 0.21776
            [Request] => Array
                (
                    [Method] => POST
                    [Headers] => Array
                        (
                            [User-Agent] => WooCommerce/8.6.1 Hookshot (WordPress/6.4.2)
                            [Content-Type] => application/json
                            [X-WC-Webhook-Source] => https://vovinamfusion.top/
                            [X-WC-Webhook-Topic] => order.updated
                            [X-WC-Webhook-Resource] => order
                            [X-WC-Webhook-Event] => updated
                            [X-WC-Webhook-Signature] => vyZTyCf2ROkIL2whZScpx2lzY0O55osEq6KxFF+/GT8=
                            [X-WC-Webhook-ID] => 2
                            [X-WC-Webhook-Delivery-ID] => 2ee53e44ef413119637e8a606812af50
                        )

                )

            [Body] => Webhook body is not logged unless WP_DEBUG mode is turned on. This is to avoid the storing of personal data in the logs.
            [Response] => Array
                (
                    [Code] => 200
                    [Message] => OK
                    [Headers] => WpOrg\Requests\Utility\CaseInsensitiveDictionary Object
                        (
                            [data:protected] => Array
                                (
                                    [content-length] => 34
                                    [content-type] => application/json; charset=utf-8
                                    [date] => Sun, 17 Mar 2024 14:11:10 GMT
                                    [etag] => W/"22-6OS7cK0FzqnV2NeDHdOSGS1bVUs"
                                    [strict-transport-security] => max-age=315360000; includeSubDomains; preload
                                    [vary] => Accept-Encoding
                                    [x-content-type-options] => nosniff
                                    [x-xss-protection] => 1; mode=block
                                )

                        )

                    [Body] => Webhook body is not logged unless WP_DEBUG mode is turned on. This is to avoid the storing of personal data in the logs.
                )

        )

)
2024-03-17T14:12:23+00:00 INFO Array
(
    [Webhook Delivery] => Array
        (
            [Delivery ID] => 8d62017b4c07333ffefa9844e3fb5e59
            [Date] => Th3 17, 2024 @ 14:12
            [URL] => https://vn1.n8n.vn/webhook/test/order/updated
            [Duration] => 0.60552
            [Request] => Array
                (
                    [Method] => POST
                    [Headers] => Array
                        (
                            [User-Agent] => WooCommerce/8.6.1 Hookshot (WordPress/6.4.2)
                            [Content-Type] => application/json
                            [X-WC-Webhook-Source] => https://vovinamfusion.top/
                            [X-WC-Webhook-Topic] => order.updated
                            [X-WC-Webhook-Resource] => order
                            [X-WC-Webhook-Event] => updated
                            [X-WC-Webhook-Signature] => RM+FSpqOUzI4glDiIfPOZhJDQ0wet1p7BVmNufsQnhQ=
                            [X-WC-Webhook-ID] => 2
                            [X-WC-Webhook-Delivery-ID] => 8d62017b4c07333ffefa9844e3fb5e59
                        )

                )

            [Body] => Webhook body is not logged unless WP_DEBUG mode is turned on. This is to avoid the storing of personal data in the logs.
            [Response] => Array
                (
                    [Code] => 200
                    [Message] => OK
                    [Headers] => WpOrg\Requests\Utility\CaseInsensitiveDictionary Object
                        (
                            [data:protected] => Array
                                (
                                    [content-length] => 34
                                    [content-type] => application/json; charset=utf-8
                                    [date] => Sun, 17 Mar 2024 14:12:23 GMT
                                    [etag] => W/"22-6OS7cK0FzqnV2NeDHdOSGS1bVUs"
                                    [strict-transport-security] => max-age=315360000; includeSubDomains; preload
                                    [vary] => Accept-Encoding
                                    [x-content-type-options] => nosniff
                                    [x-xss-protection] => 1; mode=block
                                )

                        )

                    [Body] => Webhook body is not logged unless WP_DEBUG mode is turned on. This is to avoid the storing of personal data in the logs.
                )

        )

)
2024-03-17T14:13:17+00:00 INFO Array
(
    [Webhook Delivery] => Array
        (
            [Delivery ID] => 01a7dcb22f8180e43b48af2abc101cf5
            [Date] => Th3 17, 2024 @ 14:13
            [URL] => https://vn1.n8n.vn/webhook/test/order/updated
            [Duration] => 0.60763
            [Request] => Array
                (
                    [Method] => POST
                    [Headers] => Array
                        (
                            [User-Agent] => WooCommerce/8.6.1 Hookshot (WordPress/6.4.2)
                            [Content-Type] => application/json
                            [X-WC-Webhook-Source] => https://vovinamfusion.top/
                            [X-WC-Webhook-Topic] => order.updated
                            [X-WC-Webhook-Resource] => order
                            [X-WC-Webhook-Event] => updated
                            [X-WC-Webhook-Signature] => tZ61uNx55C++GvMVA4rbofwIbf56qh2+CuA4uvdPYOQ=
                            [X-WC-Webhook-ID] => 2
                            [X-WC-Webhook-Delivery-ID] => 01a7dcb22f8180e43b48af2abc101cf5
                        )

                )

            [Body] => Webhook body is not logged unless WP_DEBUG mode is turned on. This is to avoid the storing of personal data in the logs.
            [Response] => Array
                (
                    [Code] => 200
                    [Message] => OK
                    [Headers] => WpOrg\Requests\Utility\CaseInsensitiveDictionary Object
                        (
                            [data:protected] => Array
                                (
                                    [content-length] => 34
                                    [content-type] => application/json; charset=utf-8
                                    [date] => Sun, 17 Mar 2024 14:13:17 GMT
                                    [etag] => W/"22-6OS7cK0FzqnV2NeDHdOSGS1bVUs"
                                    [strict-transport-security] => max-age=315360000; includeSubDomains; preload
                                    [vary] => Accept-Encoding
                                    [x-content-type-options] => nosniff
                                    [x-xss-protection] => 1; mode=block
                                )

                        )

                    [Body] => Webhook body is not logged unless WP_DEBUG mode is turned on. This is to avoid the storing of personal data in the logs.
                )

        )

)
2024-03-17T14:14:33+00:00 INFO Array
(
    [Webhook Delivery] => Array
        (
            [Delivery ID] => 94cbc02c3f6ba1c4ac833f681237af12
            [Date] => Th3 17, 2024 @ 14:14
            [URL] => https://vn1.n8n.vn/webhook/test/order/updated
            [Duration] => 0.49585
            [Request] => Array
                (
                    [Method] => POST
                    [Headers] => Array
                        (
                            [User-Agent] => WooCommerce/8.6.1 Hookshot (WordPress/6.4.2)
                            [Content-Type] => application/json
                            [X-WC-Webhook-Source] => https://vovinamfusion.top/
                            [X-WC-Webhook-Topic] => order.updated
                            [X-WC-Webhook-Resource] => order
                            [X-WC-Webhook-Event] => updated
                            [X-WC-Webhook-Signature] => +Gh+qjvevY++3xbcyz1Px6z01keO2WGvNo8F0t4nKvQ=
                            [X-WC-Webhook-ID] => 2
                            [X-WC-Webhook-Delivery-ID] => 94cbc02c3f6ba1c4ac833f681237af12
                        )

                )

            [Body] => Webhook body is not logged unless WP_DEBUG mode is turned on. This is to avoid the storing of personal data in the logs.
            [Response] => Array
                (
                    [Code] => 200
                    [Message] => OK
                    [Headers] => WpOrg\Requests\Utility\CaseInsensitiveDictionary Object
                        (
                            [data:protected] => Array
                                (
                                    [content-length] => 34
                                    [content-type] => application/json; charset=utf-8
                                    [date] => Sun, 17 Mar 2024 14:14:33 GMT
                                    [etag] => W/"22-6OS7cK0FzqnV2NeDHdOSGS1bVUs"
                                    [strict-transport-security] => max-age=315360000; includeSubDomains; preload
                                    [vary] => Accept-Encoding
                                    [x-content-type-options] => nosniff
                                    [x-xss-protection] => 1; mode=block
                                )

                        )

                    [Body] => Webhook body is not logged unless WP_DEBUG mode is turned on. This is to avoid the storing of personal data in the logs.
                )

        )

)
2024-03-17T14:14:33+00:00 INFO Array
(
    [Webhook Delivery] => Array
        (
            [Delivery ID] => 94cbc02c3f6ba1c4ac833f681237af12
            [Date] => Th3 17, 2024 @ 14:14
            [URL] => https://vn1.n8n.vn/webhook/test/order/updated
            [Duration] => 0.24571
            [Request] => Array
                (
                    [Method] => POST
                    [Headers] => Array
                        (
                            [User-Agent] => WooCommerce/8.6.1 Hookshot (WordPress/6.4.2)
                            [Content-Type] => application/json
                            [X-WC-Webhook-Source] => https://vovinamfusion.top/
                            [X-WC-Webhook-Topic] => order.updated
                            [X-WC-Webhook-Resource] => order
                            [X-WC-Webhook-Event] => updated
                            [X-WC-Webhook-Signature] => KcsoXG8kY+0NXRbQVvAKAhR4AYsxkB8pTcJ0+/Od1GQ=
                            [X-WC-Webhook-ID] => 2
                            [X-WC-Webhook-Delivery-ID] => 94cbc02c3f6ba1c4ac833f681237af12
                        )

                )

            [Body] => Webhook body is not logged unless WP_DEBUG mode is turned on. This is to avoid the storing of personal data in the logs.
            [Response] => Array
                (
                    [Code] => 200
                    [Message] => OK
                    [Headers] => WpOrg\Requests\Utility\CaseInsensitiveDictionary Object
                        (
                            [data:protected] => Array
                                (
                                    [content-length] => 34
                                    [content-type] => application/json; charset=utf-8
                                    [date] => Sun, 17 Mar 2024 14:14:33 GMT
                                    [etag] => W/"22-6OS7cK0FzqnV2NeDHdOSGS1bVUs"
                                    [strict-transport-security] => max-age=315360000; includeSubDomains; preload
                                    [vary] => Accept-Encoding
                                    [x-content-type-options] => nosniff
                                    [x-xss-protection] => 1; mode=block
                                )

                        )

                    [Body] => Webhook body is not logged unless WP_DEBUG mode is turned on. This is to avoid the storing of personal data in the logs.
                )

        )

)
2024-03-17T14:25:10+00:00 INFO Array
(
    [Webhook Delivery] => Array
        (
            [Delivery ID] => 6c44993b59929a142aa505641eecdb54
            [Date] => Th3 17, 2024 @ 14:25
            [URL] => https://vn1.n8n.vn/webhook/test/order/updated
            [Duration] => 0.57523
            [Request] => Array
                (
                    [Method] => POST
                    [Headers] => Array
                        (
                            [User-Agent] => WooCommerce/8.6.1 Hookshot (WordPress/6.4.2)
                            [Content-Type] => application/json
                            [X-WC-Webhook-Source] => https://vovinamfusion.top/
                            [X-WC-Webhook-Topic] => order.updated
                            [X-WC-Webhook-Resource] => order
                            [X-WC-Webhook-Event] => updated
                            [X-WC-Webhook-Signature] => UjhUhU3p5yW9t55sEFG26ql3uRGdtdAF95rkpKsxxbY=
                            [X-WC-Webhook-ID] => 2
                            [X-WC-Webhook-Delivery-ID] => 6c44993b59929a142aa505641eecdb54
                        )

                )

            [Body] => Webhook body is not logged unless WP_DEBUG mode is turned on. This is to avoid the storing of personal data in the logs.
            [Response] => Array
                (
                    [Code] => 200
                    [Message] => OK
                    [Headers] => WpOrg\Requests\Utility\CaseInsensitiveDictionary Object
                        (
                            [data:protected] => Array
                                (
                                    [content-length] => 34
                                    [content-type] => application/json; charset=utf-8
                                    [date] => Sun, 17 Mar 2024 14:25:10 GMT
                                    [etag] => W/"22-6OS7cK0FzqnV2NeDHdOSGS1bVUs"
                                    [strict-transport-security] => max-age=315360000; includeSubDomains; preload
                                    [vary] => Accept-Encoding
                                    [x-content-type-options] => nosniff
                                    [x-xss-protection] => 1; mode=block
                                )

                        )

                    [Body] => Webhook body is not logged unless WP_DEBUG mode is turned on. This is to avoid the storing of personal data in the logs.
                )

        )

)
2024-03-17T14:25:17+00:00 INFO Array
(
    [Webhook Delivery] => Array
        (
            [Delivery ID] => 4c4a7ba32bfbc0b6a3fdf5067a06c84e
            [Date] => Th3 17, 2024 @ 14:25
            [URL] => https://vn1.n8n.vn/webhook/test/order/updated
            [Duration] => 1.06585
            [Request] => Array
                (
                    [Method] => POST
                    [Headers] => Array
                        (
                            [User-Agent] => WooCommerce/8.6.1 Hookshot (WordPress/6.4.2)
                            [Content-Type] => application/json
                            [X-WC-Webhook-Source] => https://vovinamfusion.top/
                            [X-WC-Webhook-Topic] => order.updated
                            [X-WC-Webhook-Resource] => order
                            [X-WC-Webhook-Event] => updated
                            [X-WC-Webhook-Signature] => ubBXakdkWa4hGhE1OHmJMHQ67Yl7/yB8VQnSt8HU/VU=
                            [X-WC-Webhook-ID] => 2
                            [X-WC-Webhook-Delivery-ID] => 4c4a7ba32bfbc0b6a3fdf5067a06c84e
                        )

                )

            [Body] => Webhook body is not logged unless WP_DEBUG mode is turned on. This is to avoid the storing of personal data in the logs.
            [Response] => Array
                (
                    [Code] => 200
                    [Message] => OK
                    [Headers] => WpOrg\Requests\Utility\CaseInsensitiveDictionary Object
                        (
                            [data:protected] => Array
                                (
                                    [content-length] => 34
                                    [content-type] => application/json; charset=utf-8
                                    [date] => Sun, 17 Mar 2024 14:25:17 GMT
                                    [etag] => W/"22-6OS7cK0FzqnV2NeDHdOSGS1bVUs"
                                    [strict-transport-security] => max-age=315360000; includeSubDomains; preload
                                    [vary] => Accept-Encoding
                                    [x-content-type-options] => nosniff
                                    [x-xss-protection] => 1; mode=block
                                )

                        )

                    [Body] => Webhook body is not logged unless WP_DEBUG mode is turned on. This is to avoid the storing of personal data in the logs.
                )

        )

)
2024-03-17T14:26:30+00:00 INFO Array
(
    [Webhook Delivery] => Array
        (
            [Delivery ID] => 84c1bfd5eb617482422b12e9579e4b0f
            [Date] => Th3 17, 2024 @ 14:26
            [URL] => https://vn1.n8n.vn/webhook/test/order/updated
            [Duration] => 0.95384
            [Request] => Array
                (
                    [Method] => POST
                    [Headers] => Array
                        (
                            [User-Agent] => WooCommerce/8.6.1 Hookshot (WordPress/6.4.2)
                            [Content-Type] => application/json
                            [X-WC-Webhook-Source] => https://vovinamfusion.top/
                            [X-WC-Webhook-Topic] => order.updated
                            [X-WC-Webhook-Resource] => order
                            [X-WC-Webhook-Event] => updated
                            [X-WC-Webhook-Signature] => AjtIPGtrUzDDK5josVnT1WLeVJYd0Wu2rvYGziBgyQc=
                            [X-WC-Webhook-ID] => 2
                            [X-WC-Webhook-Delivery-ID] => 84c1bfd5eb617482422b12e9579e4b0f
                        )

                )

            [Body] => Webhook body is not logged unless WP_DEBUG mode is turned on. This is to avoid the storing of personal data in the logs.
            [Response] => Array
                (
                    [Code] => 200
                    [Message] => OK
                    [Headers] => WpOrg\Requests\Utility\CaseInsensitiveDictionary Object
                        (
                            [data:protected] => Array
                                (
                                    [content-length] => 34
                                    [content-type] => application/json; charset=utf-8
                                    [date] => Sun, 17 Mar 2024 14:26:30 GMT
                                    [etag] => W/"22-6OS7cK0FzqnV2NeDHdOSGS1bVUs"
                                    [strict-transport-security] => max-age=315360000; includeSubDomains; preload
                                    [vary] => Accept-Encoding
                                    [x-content-type-options] => nosniff
                                    [x-xss-protection] => 1; mode=block
                                )

                        )

                    [Body] => Webhook body is not logged unless WP_DEBUG mode is turned on. This is to avoid the storing of personal data in the logs.
                )

        )

)
2024-03-17T14:27:30+00:00 INFO Array
(
    [Webhook Delivery] => Array
        (
            [Delivery ID] => de8b889fa5670da8adde8cff43d67132
            [Date] => Th3 17, 2024 @ 14:27
            [URL] => https://vn1.n8n.vn/webhook/test/order/updated
            [Duration] => 0.52433
            [Request] => Array
                (
                    [Method] => POST
                    [Headers] => Array
                        (
                            [User-Agent] => WooCommerce/8.6.1 Hookshot (WordPress/6.4.2)
                            [Content-Type] => application/json
                            [X-WC-Webhook-Source] => https://vovinamfusion.top/
                            [X-WC-Webhook-Topic] => order.updated
                            [X-WC-Webhook-Resource] => order
                            [X-WC-Webhook-Event] => updated
                            [X-WC-Webhook-Signature] => UCcWNY7/slTkmjtKA5dkhOlD4lTC472LhB7UZ6xqm9s=
                            [X-WC-Webhook-ID] => 2
                            [X-WC-Webhook-Delivery-ID] => de8b889fa5670da8adde8cff43d67132
                        )

                )

            [Body] => Webhook body is not logged unless WP_DEBUG mode is turned on. This is to avoid the storing of personal data in the logs.
            [Response] => Array
                (
                    [Code] => 200
                    [Message] => OK
                    [Headers] => WpOrg\Requests\Utility\CaseInsensitiveDictionary Object
                        (
                            [data:protected] => Array
                                (
                                    [content-length] => 34
                                    [content-type] => application/json; charset=utf-8
                                    [date] => Sun, 17 Mar 2024 14:27:30 GMT
                                    [etag] => W/"22-6OS7cK0FzqnV2NeDHdOSGS1bVUs"
                                    [strict-transport-security] => max-age=315360000; includeSubDomains; preload
                                    [vary] => Accept-Encoding
                                    [x-content-type-options] => nosniff
                                    [x-xss-protection] => 1; mode=block
                                )

                        )

                    [Body] => Webhook body is not logged unless WP_DEBUG mode is turned on. This is to avoid the storing of personal data in the logs.
                )

        )

)
2024-03-17T14:28:08+00:00 INFO Array
(
    [Webhook Delivery] => Array
        (
            [Delivery ID] => 9e1812aa4ea005b9ead91f287cdbaa9d
            [Date] => Th3 17, 2024 @ 14:28
            [URL] => https://vn1.n8n.vn/webhook/test/order/updated
            [Duration] => 1.04097
            [Request] => Array
                (
                    [Method] => POST
                    [Headers] => Array
                        (
                            [User-Agent] => WooCommerce/8.6.1 Hookshot (WordPress/6.4.2)
                            [Content-Type] => application/json
                            [X-WC-Webhook-Source] => https://vovinamfusion.top/
                            [X-WC-Webhook-Topic] => order.updated
                            [X-WC-Webhook-Resource] => order
                            [X-WC-Webhook-Event] => updated
                            [X-WC-Webhook-Signature] => f+Bq5dZbkMjBi0srRpA5MoG/oV4fVUz2UNe6hfI3YvA=
                            [X-WC-Webhook-ID] => 2
                            [X-WC-Webhook-Delivery-ID] => 9e1812aa4ea005b9ead91f287cdbaa9d
                        )

                )

            [Body] => Webhook body is not logged unless WP_DEBUG mode is turned on. This is to avoid the storing of personal data in the logs.
            [Response] => Array
                (
                    [Code] => 200
                    [Message] => OK
                    [Headers] => WpOrg\Requests\Utility\CaseInsensitiveDictionary Object
                        (
                            [data:protected] => Array
                                (
                                    [content-length] => 34
                                    [content-type] => application/json; charset=utf-8
                                    [date] => Sun, 17 Mar 2024 14:28:08 GMT
                                    [etag] => W/"22-6OS7cK0FzqnV2NeDHdOSGS1bVUs"
                                    [strict-transport-security] => max-age=315360000; includeSubDomains; preload
                                    [vary] => Accept-Encoding
                                    [x-content-type-options] => nosniff
                                    [x-xss-protection] => 1; mode=block
                                )

                        )

                    [Body] => Webhook body is not logged unless WP_DEBUG mode is turned on. This is to avoid the storing of personal data in the logs.
                )

        )

)
2024-03-17T14:28:08+00:00 INFO Array
(
    [Webhook Delivery] => Array
        (
            [Delivery ID] => caff788d600c1d117d48251230ce17c2
            [Date] => Th3 17, 2024 @ 14:28
            [URL] => https://vn1.n8n.vn/webhook/test/order/updated
            [Duration] => 0.19993
            [Request] => Array
                (
                    [Method] => POST
                    [Headers] => Array
                        (
                            [User-Agent] => WooCommerce/8.6.1 Hookshot (WordPress/6.4.2)
                            [Content-Type] => application/json
                            [X-WC-Webhook-Source] => https://vovinamfusion.top/
                            [X-WC-Webhook-Topic] => order.updated
                            [X-WC-Webhook-Resource] => order
                            [X-WC-Webhook-Event] => updated
                            [X-WC-Webhook-Signature] => f+Bq5dZbkMjBi0srRpA5MoG/oV4fVUz2UNe6hfI3YvA=
                            [X-WC-Webhook-ID] => 2
                            [X-WC-Webhook-Delivery-ID] => caff788d600c1d117d48251230ce17c2
                        )

                )

            [Body] => Webhook body is not logged unless WP_DEBUG mode is turned on. This is to avoid the storing of personal data in the logs.
            [Response] => Array
                (
                    [Code] => 200
                    [Message] => OK
                    [Headers] => WpOrg\Requests\Utility\CaseInsensitiveDictionary Object
                        (
                            [data:protected] => Array
                                (
                                    [content-length] => 34
                                    [content-type] => application/json; charset=utf-8
                                    [date] => Sun, 17 Mar 2024 14:28:08 GMT
                                    [etag] => W/"22-6OS7cK0FzqnV2NeDHdOSGS1bVUs"
                                    [strict-transport-security] => max-age=315360000; includeSubDomains; preload
                                    [vary] => Accept-Encoding
                                    [x-content-type-options] => nosniff
                                    [x-xss-protection] => 1; mode=block
                                )

                        )

                    [Body] => Webhook body is not logged unless WP_DEBUG mode is turned on. This is to avoid the storing of personal data in the logs.
                )

        )

)
2024-03-17T14:28:38+00:00 INFO Array
(
    [Webhook Delivery] => Array
        (
            [Delivery ID] => e93bb3d3673f14702ee443b396ced9ea
            [Date] => Th3 17, 2024 @ 14:28
            [URL] => https://vn1.n8n.vn/webhook/test/order/updated
            [Duration] => 1.07603
            [Request] => Array
                (
                    [Method] => POST
                    [Headers] => Array
                        (
                            [User-Agent] => WooCommerce/8.6.1 Hookshot (WordPress/6.4.2)
                            [Content-Type] => application/json
                            [X-WC-Webhook-Source] => https://vovinamfusion.top/
                            [X-WC-Webhook-Topic] => order.updated
                            [X-WC-Webhook-Resource] => order
                            [X-WC-Webhook-Event] => updated
                            [X-WC-Webhook-Signature] => vYIm9A2lF/hHyd3miCy4zaGuO8jWch3YSb7s55kctgg=
                            [X-WC-Webhook-ID] => 2
                            [X-WC-Webhook-Delivery-ID] => e93bb3d3673f14702ee443b396ced9ea
                        )

                )

            [Body] => Webhook body is not logged unless WP_DEBUG mode is turned on. This is to avoid the storing of personal data in the logs.
            [Response] => Array
                (
                    [Code] => 200
                    [Message] => OK
                    [Headers] => WpOrg\Requests\Utility\CaseInsensitiveDictionary Object
                        (
                            [data:protected] => Array
                                (
                                    [content-length] => 34
                                    [content-type] => application/json; charset=utf-8
                                    [date] => Sun, 17 Mar 2024 14:28:38 GMT
                                    [etag] => W/"22-6OS7cK0FzqnV2NeDHdOSGS1bVUs"
                                    [strict-transport-security] => max-age=315360000; includeSubDomains; preload
                                    [vary] => Accept-Encoding
                                    [x-content-type-options] => nosniff
                                    [x-xss-protection] => 1; mode=block
                                )

                        )

                    [Body] => Webhook body is not logged unless WP_DEBUG mode is turned on. This is to avoid the storing of personal data in the logs.
                )

        )

)
2024-03-17T14:43:13+00:00 INFO Array
(
    [Webhook Delivery] => Array
        (
            [Delivery ID] => cd4c7d0032c50a31c257df3c6825d4dd
            [Date] => Th3 17, 2024 @ 14:43
            [URL] => https://vn1.n8n.vn/webhook/test/order/updated
            [Duration] => 0.62273
            [Request] => Array
                (
                    [Method] => POST
                    [Headers] => Array
                        (
                            [User-Agent] => WooCommerce/8.6.1 Hookshot (WordPress/6.4.2)
                            [Content-Type] => application/json
                            [X-WC-Webhook-Source] => https://vovinamfusion.top/
                            [X-WC-Webhook-Topic] => order.updated
                            [X-WC-Webhook-Resource] => order
                            [X-WC-Webhook-Event] => updated
                            [X-WC-Webhook-Signature] => l8uX5t4dlhiR7ee3+9E1LOE2ia4as178Kcm5n6C3QXM=
                            [X-WC-Webhook-ID] => 2
                            [X-WC-Webhook-Delivery-ID] => cd4c7d0032c50a31c257df3c6825d4dd
                        )

                )

            [Body] => Webhook body is not logged unless WP_DEBUG mode is turned on. This is to avoid the storing of personal data in the logs.
            [Response] => Array
                (
                    [Code] => 200
                    [Message] => OK
                    [Headers] => WpOrg\Requests\Utility\CaseInsensitiveDictionary Object
                        (
                            [data:protected] => Array
                                (
                                    [content-length] => 34
                                    [content-type] => application/json; charset=utf-8
                                    [date] => Sun, 17 Mar 2024 14:43:13 GMT
                                    [etag] => W/"22-6OS7cK0FzqnV2NeDHdOSGS1bVUs"
                                    [strict-transport-security] => max-age=315360000; includeSubDomains; preload
                                    [vary] => Accept-Encoding
                                    [x-content-type-options] => nosniff
                                    [x-xss-protection] => 1; mode=block
                                )

                        )

                    [Body] => Webhook body is not logged unless WP_DEBUG mode is turned on. This is to avoid the storing of personal data in the logs.
                )

        )

)
2024-03-17T14:43:20+00:00 INFO Array
(
    [Webhook Delivery] => Array
        (
            [Delivery ID] => 790347c9bd787eacb41868d412d3e576
            [Date] => Th3 17, 2024 @ 14:43
            [URL] => https://vn1.n8n.vn/webhook/test/order/updated
            [Duration] => 0.59839
            [Request] => Array
                (
                    [Method] => POST
                    [Headers] => Array
                        (
                            [User-Agent] => WooCommerce/8.6.1 Hookshot (WordPress/6.4.2)
                            [Content-Type] => application/json
                            [X-WC-Webhook-Source] => https://vovinamfusion.top/
                            [X-WC-Webhook-Topic] => order.updated
                            [X-WC-Webhook-Resource] => order
                            [X-WC-Webhook-Event] => updated
                            [X-WC-Webhook-Signature] => 0MpAbrT7isJBN5vRjXJ8jmFLzIm8BjLPauxL95vcE+U=
                            [X-WC-Webhook-ID] => 2
                            [X-WC-Webhook-Delivery-ID] => 790347c9bd787eacb41868d412d3e576
                        )

                )

            [Body] => Webhook body is not logged unless WP_DEBUG mode is turned on. This is to avoid the storing of personal data in the logs.
            [Response] => Array
                (
                    [Code] => 200
                    [Message] => OK
                    [Headers] => WpOrg\Requests\Utility\CaseInsensitiveDictionary Object
                        (
                            [data:protected] => Array
                                (
                                    [content-length] => 34
                                    [content-type] => application/json; charset=utf-8
                                    [date] => Sun, 17 Mar 2024 14:43:20 GMT
                                    [etag] => W/"22-6OS7cK0FzqnV2NeDHdOSGS1bVUs"
                                    [strict-transport-security] => max-age=315360000; includeSubDomains; preload
                                    [vary] => Accept-Encoding
                                    [x-content-type-options] => nosniff
                                    [x-xss-protection] => 1; mode=block
                                )

                        )

                    [Body] => Webhook body is not logged unless WP_DEBUG mode is turned on. This is to avoid the storing of personal data in the logs.
                )

        )

)
2024-03-17T14:43:20+00:00 INFO Array
(
    [Webhook Delivery] => Array
        (
            [Delivery ID] => 21ea8e854588f6aa627aa6ac8754643f
            [Date] => Th3 17, 2024 @ 14:43
            [URL] => https://vn1.n8n.vn/webhook/test/order/updated
            [Duration] => 0.25073
            [Request] => Array
                (
                    [Method] => POST
                    [Headers] => Array
                        (
                            [User-Agent] => WooCommerce/8.6.1 Hookshot (WordPress/6.4.2)
                            [Content-Type] => application/json
                            [X-WC-Webhook-Source] => https://vovinamfusion.top/
                            [X-WC-Webhook-Topic] => order.updated
                            [X-WC-Webhook-Resource] => order
                            [X-WC-Webhook-Event] => updated
                            [X-WC-Webhook-Signature] => 4Nw1hbgFVU582NqensC3cZZkuivFeVpvo5Ta8HPpLNQ=
                            [X-WC-Webhook-ID] => 2
                            [X-WC-Webhook-Delivery-ID] => 21ea8e854588f6aa627aa6ac8754643f
                        )

                )

            [Body] => Webhook body is not logged unless WP_DEBUG mode is turned on. This is to avoid the storing of personal data in the logs.
            [Response] => Array
                (
                    [Code] => 200
                    [Message] => OK
                    [Headers] => WpOrg\Requests\Utility\CaseInsensitiveDictionary Object
                        (
                            [data:protected] => Array
                                (
                                    [content-length] => 34
                                    [content-type] => application/json; charset=utf-8
                                    [date] => Sun, 17 Mar 2024 14:43:20 GMT
                                    [etag] => W/"22-6OS7cK0FzqnV2NeDHdOSGS1bVUs"
                                    [strict-transport-security] => max-age=315360000; includeSubDomains; preload
                                    [vary] => Accept-Encoding
                                    [x-content-type-options] => nosniff
                                    [x-xss-protection] => 1; mode=block
                                )

                        )

                    [Body] => Webhook body is not logged unless WP_DEBUG mode is turned on. This is to avoid the storing of personal data in the logs.
                )

        )

)
2024-03-17T14:43:26+00:00 INFO Array
(
    [Webhook Delivery] => Array
        (
            [Delivery ID] => 0d9b71388ab5581aec7504d326deea2f
            [Date] => Th3 17, 2024 @ 14:43
            [URL] => https://vn1.n8n.vn/webhook/test/order/updated
            [Duration] => 0.49466
            [Request] => Array
                (
                    [Method] => POST
                    [Headers] => Array
                        (
                            [User-Agent] => WooCommerce/8.6.1 Hookshot (WordPress/6.4.2)
                            [Content-Type] => application/json
                            [X-WC-Webhook-Source] => https://vovinamfusion.top/
                            [X-WC-Webhook-Topic] => order.updated
                            [X-WC-Webhook-Resource] => order
                            [X-WC-Webhook-Event] => updated
                            [X-WC-Webhook-Signature] => zwrWCFAlnOH3rbBLKNR7REeVSpb+PWoFayAYE7uglm8=
                            [X-WC-Webhook-ID] => 2
                            [X-WC-Webhook-Delivery-ID] => 0d9b71388ab5581aec7504d326deea2f
                        )

                )

            [Body] => Webhook body is not logged unless WP_DEBUG mode is turned on. This is to avoid the storing of personal data in the logs.
            [Response] => Array
                (
                    [Code] => 200
                    [Message] => OK
                    [Headers] => WpOrg\Requests\Utility\CaseInsensitiveDictionary Object
                        (
                            [data:protected] => Array
                                (
                                    [content-length] => 34
                                    [content-type] => application/json; charset=utf-8
                                    [date] => Sun, 17 Mar 2024 14:43:26 GMT
                                    [etag] => W/"22-6OS7cK0FzqnV2NeDHdOSGS1bVUs"
                                    [strict-transport-security] => max-age=315360000; includeSubDomains; preload
                                    [vary] => Accept-Encoding
                                    [x-content-type-options] => nosniff
                                    [x-xss-protection] => 1; mode=block
                                )

                        )

                    [Body] => Webhook body is not logged unless WP_DEBUG mode is turned on. This is to avoid the storing of personal data in the logs.
                )

        )

)
2024-03-17T14:43:59+00:00 INFO Array
(
    [Webhook Delivery] => Array
        (
            [Delivery ID] => 9c0a6112dcdfe79b94035f49384a6f5a
            [Date] => Th3 17, 2024 @ 14:43
            [URL] => https://vn1.n8n.vn/webhook/test/order/updated
            [Duration] => 0.56788
            [Request] => Array
                (
                    [Method] => POST
                    [Headers] => Array
                        (
                            [User-Agent] => WooCommerce/8.6.1 Hookshot (WordPress/6.4.2)
                            [Content-Type] => application/json
                            [X-WC-Webhook-Source] => https://vovinamfusion.top/
                            [X-WC-Webhook-Topic] => order.updated
                            [X-WC-Webhook-Resource] => order
                            [X-WC-Webhook-Event] => updated
                            [X-WC-Webhook-Signature] => 7ZKr4GQLQjyY/thRwDXDXQ5vIxH2rbUHISYFEhdRk7s=
                            [X-WC-Webhook-ID] => 2
                            [X-WC-Webhook-Delivery-ID] => 9c0a6112dcdfe79b94035f49384a6f5a
                        )

                )

            [Body] => Webhook body is not logged unless WP_DEBUG mode is turned on. This is to avoid the storing of personal data in the logs.
            [Response] => Array
                (
                    [Code] => 200
                    [Message] => OK
                    [Headers] => WpOrg\Requests\Utility\CaseInsensitiveDictionary Object
                        (
                            [data:protected] => Array
                                (
                                    [content-length] => 34
                                    [content-type] => application/json; charset=utf-8
                                    [date] => Sun, 17 Mar 2024 14:43:59 GMT
                                    [etag] => W/"22-6OS7cK0FzqnV2NeDHdOSGS1bVUs"
                                    [strict-transport-security] => max-age=315360000; includeSubDomains; preload
                                    [vary] => Accept-Encoding
                                    [x-content-type-options] => nosniff
                                    [x-xss-protection] => 1; mode=block
                                )

                        )

                    [Body] => Webhook body is not logged unless WP_DEBUG mode is turned on. This is to avoid the storing of personal data in the logs.
                )

        )

)
2024-03-17T14:43:59+00:00 INFO Array
(
    [Webhook Delivery] => Array
        (
            [Delivery ID] => 11811a9079ef967d8cd5a3352ead5331
            [Date] => Th3 17, 2024 @ 14:43
            [URL] => https://vn1.n8n.vn/webhook/test/order/updated
            [Duration] => 0.22323
            [Request] => Array
                (
                    [Method] => POST
                    [Headers] => Array
                        (
                            [User-Agent] => WooCommerce/8.6.1 Hookshot (WordPress/6.4.2)
                            [Content-Type] => application/json
                            [X-WC-Webhook-Source] => https://vovinamfusion.top/
                            [X-WC-Webhook-Topic] => order.updated
                            [X-WC-Webhook-Resource] => order
                            [X-WC-Webhook-Event] => updated
                            [X-WC-Webhook-Signature] => 7ZKr4GQLQjyY/thRwDXDXQ5vIxH2rbUHISYFEhdRk7s=
                            [X-WC-Webhook-ID] => 2
                            [X-WC-Webhook-Delivery-ID] => 11811a9079ef967d8cd5a3352ead5331
                        )

                )

            [Body] => Webhook body is not logged unless WP_DEBUG mode is turned on. This is to avoid the storing of personal data in the logs.
            [Response] => Array
                (
                    [Code] => 200
                    [Message] => OK
                    [Headers] => WpOrg\Requests\Utility\CaseInsensitiveDictionary Object
                        (
                            [data:protected] => Array
                                (
                                    [content-length] => 34
                                    [content-type] => application/json; charset=utf-8
                                    [date] => Sun, 17 Mar 2024 14:43:59 GMT
                                    [etag] => W/"22-6OS7cK0FzqnV2NeDHdOSGS1bVUs"
                                    [strict-transport-security] => max-age=315360000; includeSubDomains; preload
                                    [vary] => Accept-Encoding
                                    [x-content-type-options] => nosniff
                                    [x-xss-protection] => 1; mode=block
                                )

                        )

                    [Body] => Webhook body is not logged unless WP_DEBUG mode is turned on. This is to avoid the storing of personal data in the logs.
                )

        )

)
2024-03-17T14:44:17+00:00 INFO Array
(
    [Webhook Delivery] => Array
        (
            [Delivery ID] => 23496f591487d26f3266a9e4e57d4b4f
            [Date] => Th3 17, 2024 @ 14:44
            [URL] => https://vn1.n8n.vn/webhook/test/order/updated
            [Duration] => 0.5637
            [Request] => Array
                (
                    [Method] => POST
                    [Headers] => Array
                        (
                            [User-Agent] => WooCommerce/8.6.1 Hookshot (WordPress/6.4.2)
                            [Content-Type] => application/json
                            [X-WC-Webhook-Source] => https://vovinamfusion.top/
                            [X-WC-Webhook-Topic] => order.updated
                            [X-WC-Webhook-Resource] => order
                            [X-WC-Webhook-Event] => updated
                            [X-WC-Webhook-Signature] => CwRbZrNgyCwDUeoYpfyS5DbgSBRh02jnWffUNqPHfzo=
                            [X-WC-Webhook-ID] => 2
                            [X-WC-Webhook-Delivery-ID] => 23496f591487d26f3266a9e4e57d4b4f
                        )

                )

            [Body] => Webhook body is not logged unless WP_DEBUG mode is turned on. This is to avoid the storing of personal data in the logs.
            [Response] => Array
                (
                    [Code] => 200
                    [Message] => OK
                    [Headers] => WpOrg\Requests\Utility\CaseInsensitiveDictionary Object
                        (
                            [data:protected] => Array
                                (
                                    [content-length] => 34
                                    [content-type] => application/json; charset=utf-8
                                    [date] => Sun, 17 Mar 2024 14:44:17 GMT
                                    [etag] => W/"22-6OS7cK0FzqnV2NeDHdOSGS1bVUs"
                                    [strict-transport-security] => max-age=315360000; includeSubDomains; preload
                                    [vary] => Accept-Encoding
                                    [x-content-type-options] => nosniff
                                    [x-xss-protection] => 1; mode=block
                                )

                        )

                    [Body] => Webhook body is not logged unless WP_DEBUG mode is turned on. This is to avoid the storing of personal data in the logs.
                )

        )

)
2024-03-17T14:45:01+00:00 INFO Array
(
    [Webhook Delivery] => Array
        (
            [Delivery ID] => 46fee3460875bd44a755ac581570f7b2
            [Date] => Th3 17, 2024 @ 14:45
            [URL] => https://vn1.n8n.vn/webhook/test/order/updated
            [Duration] => 0.61244
            [Request] => Array
                (
                    [Method] => POST
                    [Headers] => Array
                        (
                            [User-Agent] => WooCommerce/8.6.1 Hookshot (WordPress/6.4.2)
                            [Content-Type] => application/json
                            [X-WC-Webhook-Source] => https://vovinamfusion.top/
                            [X-WC-Webhook-Topic] => order.updated
                            [X-WC-Webhook-Resource] => order
                            [X-WC-Webhook-Event] => updated
                            [X-WC-Webhook-Signature] => I8KNJqZ/L30UaB97KArR+OlAJWmEaGqb/zHj1sJ5UpE=
                            [X-WC-Webhook-ID] => 2
                            [X-WC-Webhook-Delivery-ID] => 46fee3460875bd44a755ac581570f7b2
                        )

                )

            [Body] => Webhook body is not logged unless WP_DEBUG mode is turned on. This is to avoid the storing of personal data in the logs.
            [Response] => Array
                (
                    [Code] => 200
                    [Message] => OK
                    [Headers] => WpOrg\Requests\Utility\CaseInsensitiveDictionary Object
                        (
                            [data:protected] => Array
                                (
                                    [content-length] => 34
                                    [content-type] => application/json; charset=utf-8
                                    [date] => Sun, 17 Mar 2024 14:45:01 GMT
                                    [etag] => W/"22-6OS7cK0FzqnV2NeDHdOSGS1bVUs"
                                    [strict-transport-security] => max-age=315360000; includeSubDomains; preload
                                    [vary] => Accept-Encoding
                                    [x-content-type-options] => nosniff
                                    [x-xss-protection] => 1; mode=block
                                )

                        )

                    [Body] => Webhook body is not logged unless WP_DEBUG mode is turned on. This is to avoid the storing of personal data in the logs.
                )

        )

)
2024-03-17T14:47:32+00:00 INFO Array
(
    [Webhook Delivery] => Array
        (
            [Delivery ID] => 66f8f82ebb2e7788306c488a3861bb26
            [Date] => Th3 17, 2024 @ 14:47
            [URL] => https://vn1.n8n.vn/webhook/test/order/updated
            [Duration] => 0.48327
            [Request] => Array
                (
                    [Method] => POST
                    [Headers] => Array
                        (
                            [User-Agent] => WooCommerce/8.6.1 Hookshot (WordPress/6.4.2)
                            [Content-Type] => application/json
                            [X-WC-Webhook-Source] => https://vovinamfusion.top/
                            [X-WC-Webhook-Topic] => order.updated
                            [X-WC-Webhook-Resource] => order
                            [X-WC-Webhook-Event] => updated
                            [X-WC-Webhook-Signature] => hp7b+wsYFdLHMT7SrtniOtir4f/jHunnSDlazrJbkq4=
                            [X-WC-Webhook-ID] => 2
                            [X-WC-Webhook-Delivery-ID] => 66f8f82ebb2e7788306c488a3861bb26
                        )

                )

            [Body] => Webhook body is not logged unless WP_DEBUG mode is turned on. This is to avoid the storing of personal data in the logs.
            [Response] => Array
                (
                    [Code] => 200
                    [Message] => OK
                    [Headers] => WpOrg\Requests\Utility\CaseInsensitiveDictionary Object
                        (
                            [data:protected] => Array
                                (
                                    [content-length] => 34
                                    [content-type] => application/json; charset=utf-8
                                    [date] => Sun, 17 Mar 2024 14:47:32 GMT
                                    [etag] => W/"22-6OS7cK0FzqnV2NeDHdOSGS1bVUs"
                                    [strict-transport-security] => max-age=315360000; includeSubDomains; preload
                                    [vary] => Accept-Encoding
                                    [x-content-type-options] => nosniff
                                    [x-xss-protection] => 1; mode=block
                                )

                        )

                    [Body] => Webhook body is not logged unless WP_DEBUG mode is turned on. This is to avoid the storing of personal data in the logs.
                )

        )

)
2024-03-17T14:48:38+00:00 INFO Array
(
    [Webhook Delivery] => Array
        (
            [Delivery ID] => f0f4491c84df71d16270f12443096352
            [Date] => Th3 17, 2024 @ 14:48
            [URL] => https://vn1.n8n.vn/webhook/test/order/updated
            [Duration] => 0.58246
            [Request] => Array
                (
                    [Method] => POST
                    [Headers] => Array
                        (
                            [User-Agent] => WooCommerce/8.6.1 Hookshot (WordPress/6.4.2)
                            [Content-Type] => application/json
                            [X-WC-Webhook-Source] => https://vovinamfusion.top/
                            [X-WC-Webhook-Topic] => order.updated
                            [X-WC-Webhook-Resource] => order
                            [X-WC-Webhook-Event] => updated
                            [X-WC-Webhook-Signature] => w45JzKxbOqXGkJrJ2a6BwOlULep3etOlJ70CPBG6Tas=
                            [X-WC-Webhook-ID] => 2
                            [X-WC-Webhook-Delivery-ID] => f0f4491c84df71d16270f12443096352
                        )

                )

            [Body] => Webhook body is not logged unless WP_DEBUG mode is turned on. This is to avoid the storing of personal data in the logs.
            [Response] => Array
                (
                    [Code] => 200
                    [Message] => OK
                    [Headers] => WpOrg\Requests\Utility\CaseInsensitiveDictionary Object
                        (
                            [data:protected] => Array
                                (
                                    [content-length] => 34
                                    [content-type] => application/json; charset=utf-8
                                    [date] => Sun, 17 Mar 2024 14:48:38 GMT
                                    [etag] => W/"22-6OS7cK0FzqnV2NeDHdOSGS1bVUs"
                                    [strict-transport-security] => max-age=315360000; includeSubDomains; preload
                                    [vary] => Accept-Encoding
                                    [x-content-type-options] => nosniff
                                    [x-xss-protection] => 1; mode=block
                                )

                        )

                    [Body] => Webhook body is not logged unless WP_DEBUG mode is turned on. This is to avoid the storing of personal data in the logs.
                )

        )

)
2024-03-17T14:48:58+00:00 INFO Array
(
    [Webhook Delivery] => Array
        (
            [Delivery ID] => f09a8e8aaedab5de3c288ccb6d4bd9d6
            [Date] => Th3 17, 2024 @ 14:48
            [URL] => https://vn1.n8n.vn/webhook/test/order/updated
            [Duration] => 0.50439
            [Request] => Array
                (
                    [Method] => POST
                    [Headers] => Array
                        (
                            [User-Agent] => WooCommerce/8.6.1 Hookshot (WordPress/6.4.2)
                            [Content-Type] => application/json
                            [X-WC-Webhook-Source] => https://vovinamfusion.top/
                            [X-WC-Webhook-Topic] => order.updated
                            [X-WC-Webhook-Resource] => order
                            [X-WC-Webhook-Event] => updated
                            [X-WC-Webhook-Signature] => 1HgJBs3dvWuQ3nPOBj9ck4GB9U33wBy1ZEx1zCc3PiA=
                            [X-WC-Webhook-ID] => 2
                            [X-WC-Webhook-Delivery-ID] => f09a8e8aaedab5de3c288ccb6d4bd9d6
                        )

                )

            [Body] => Webhook body is not logged unless WP_DEBUG mode is turned on. This is to avoid the storing of personal data in the logs.
            [Response] => Array
                (
                    [Code] => 200
                    [Message] => OK
                    [Headers] => WpOrg\Requests\Utility\CaseInsensitiveDictionary Object
                        (
                            [data:protected] => Array
                                (
                                    [content-length] => 34
                                    [content-type] => application/json; charset=utf-8
                                    [date] => Sun, 17 Mar 2024 14:48:58 GMT
                                    [etag] => W/"22-6OS7cK0FzqnV2NeDHdOSGS1bVUs"
                                    [strict-transport-security] => max-age=315360000; includeSubDomains; preload
                                    [vary] => Accept-Encoding
                                    [x-content-type-options] => nosniff
                                    [x-xss-protection] => 1; mode=block
                                )

                        )

                    [Body] => Webhook body is not logged unless WP_DEBUG mode is turned on. This is to avoid the storing of personal data in the logs.
                )

        )

)
2024-03-17T14:48:59+00:00 INFO Array
(
    [Webhook Delivery] => Array
        (
            [Delivery ID] => f09a8e8aaedab5de3c288ccb6d4bd9d6
            [Date] => Th3 17, 2024 @ 14:48
            [URL] => https://vn1.n8n.vn/webhook/test/order/updated
            [Duration] => 0.4038
            [Request] => Array
                (
                    [Method] => POST
                    [Headers] => Array
                        (
                            [User-Agent] => WooCommerce/8.6.1 Hookshot (WordPress/6.4.2)
                            [Content-Type] => application/json
                            [X-WC-Webhook-Source] => https://vovinamfusion.top/
                            [X-WC-Webhook-Topic] => order.updated
                            [X-WC-Webhook-Resource] => order
                            [X-WC-Webhook-Event] => updated
                            [X-WC-Webhook-Signature] => 739ELXmfWScjfhFmBExDGLo0ZfK5dih6yDcW3++wguQ=
                            [X-WC-Webhook-ID] => 2
                            [X-WC-Webhook-Delivery-ID] => f09a8e8aaedab5de3c288ccb6d4bd9d6
                        )

                )

            [Body] => Webhook body is not logged unless WP_DEBUG mode is turned on. This is to avoid the storing of personal data in the logs.
            [Response] => Array
                (
                    [Code] => 200
                    [Message] => OK
                    [Headers] => WpOrg\Requests\Utility\CaseInsensitiveDictionary Object
                        (
                            [data:protected] => Array
                                (
                                    [content-length] => 34
                                    [content-type] => application/json; charset=utf-8
                                    [date] => Sun, 17 Mar 2024 14:48:59 GMT
                                    [etag] => W/"22-6OS7cK0FzqnV2NeDHdOSGS1bVUs"
                                    [strict-transport-security] => max-age=315360000; includeSubDomains; preload
                                    [vary] => Accept-Encoding
                                    [x-content-type-options] => nosniff
                                    [x-xss-protection] => 1; mode=block
                                )

                        )

                    [Body] => Webhook body is not logged unless WP_DEBUG mode is turned on. This is to avoid the storing of personal data in the logs.
                )

        )

)
2024-03-17T14:49:40+00:00 INFO Array
(
    [Webhook Delivery] => Array
        (
            [Delivery ID] => f5989f638d571093569f87f790c627a8
            [Date] => Th3 17, 2024 @ 14:49
            [URL] => https://vn1.n8n.vn/webhook/test/order/updated
            [Duration] => 0.54299
            [Request] => Array
                (
                    [Method] => POST
                    [Headers] => Array
                        (
                            [User-Agent] => WooCommerce/8.6.1 Hookshot (WordPress/6.4.2)
                            [Content-Type] => application/json
                            [X-WC-Webhook-Source] => https://vovinamfusion.top/
                            [X-WC-Webhook-Topic] => order.updated
                            [X-WC-Webhook-Resource] => order
                            [X-WC-Webhook-Event] => updated
                            [X-WC-Webhook-Signature] => 8Cz9lBF+ZyJSONiJzSV2Q6wZzgDW89oD6pHn2yCwrkg=
                            [X-WC-Webhook-ID] => 2
                            [X-WC-Webhook-Delivery-ID] => f5989f638d571093569f87f790c627a8
                        )

                )

            [Body] => Webhook body is not logged unless WP_DEBUG mode is turned on. This is to avoid the storing of personal data in the logs.
            [Response] => Array
                (
                    [Code] => 200
                    [Message] => OK
                    [Headers] => WpOrg\Requests\Utility\CaseInsensitiveDictionary Object
                        (
                            [data:protected] => Array
                                (
                                    [content-length] => 34
                                    [content-type] => application/json; charset=utf-8
                                    [date] => Sun, 17 Mar 2024 14:49:40 GMT
                                    [etag] => W/"22-6OS7cK0FzqnV2NeDHdOSGS1bVUs"
                                    [strict-transport-security] => max-age=315360000; includeSubDomains; preload
                                    [vary] => Accept-Encoding
                                    [x-content-type-options] => nosniff
                                    [x-xss-protection] => 1; mode=block
                                )

                        )

                    [Body] => Webhook body is not logged unless WP_DEBUG mode is turned on. This is to avoid the storing of personal data in the logs.
                )

        )

)
2024-03-17T14:49:40+00:00 INFO Array
(
    [Webhook Delivery] => Array
        (
            [Delivery ID] => d67f812c60c4b177601d30c3abeabdbf
            [Date] => Th3 17, 2024 @ 14:49
            [URL] => https://vn1.n8n.vn/webhook/test/order/updated
            [Duration] => 0.1952
            [Request] => Array
                (
                    [Method] => POST
                    [Headers] => Array
                        (
                            [User-Agent] => WooCommerce/8.6.1 Hookshot (WordPress/6.4.2)
                            [Content-Type] => application/json
                            [X-WC-Webhook-Source] => https://vovinamfusion.top/
                            [X-WC-Webhook-Topic] => order.updated
                            [X-WC-Webhook-Resource] => order
                            [X-WC-Webhook-Event] => updated
                            [X-WC-Webhook-Signature] => 7IFfYX4yw9BZjCdPr01haN+21VehjXBMvGwEtQxq8Nc=
                            [X-WC-Webhook-ID] => 2
                            [X-WC-Webhook-Delivery-ID] => d67f812c60c4b177601d30c3abeabdbf
                        )

                )

            [Body] => Webhook body is not logged unless WP_DEBUG mode is turned on. This is to avoid the storing of personal data in the logs.
            [Response] => Array
                (
                    [Code] => 200
                    [Message] => OK
                    [Headers] => WpOrg\Requests\Utility\CaseInsensitiveDictionary Object
                        (
                            [data:protected] => Array
                                (
                                    [content-length] => 34
                                    [content-type] => application/json; charset=utf-8
                                    [date] => Sun, 17 Mar 2024 14:49:40 GMT
                                    [etag] => W/"22-6OS7cK0FzqnV2NeDHdOSGS1bVUs"
                                    [strict-transport-security] => max-age=315360000; includeSubDomains; preload
                                    [vary] => Accept-Encoding
                                    [x-content-type-options] => nosniff
                                    [x-xss-protection] => 1; mode=block
                                )

                        )

                    [Body] => Webhook body is not logged unless WP_DEBUG mode is turned on. This is to avoid the storing of personal data in the logs.
                )

        )

)
2024-03-17T14:50:04+00:00 INFO Array
(
    [Webhook Delivery] => Array
        (
            [Delivery ID] => 51b5618e2c093d32f53f179344e34499
            [Date] => Th3 17, 2024 @ 14:50
            [URL] => https://vn1.n8n.vn/webhook/test/order/updated
            [Duration] => 0.56872
            [Request] => Array
                (
                    [Method] => POST
                    [Headers] => Array
                        (
                            [User-Agent] => WooCommerce/8.6.1 Hookshot (WordPress/6.4.2)
                            [Content-Type] => application/json
                            [X-WC-Webhook-Source] => https://vovinamfusion.top/
                            [X-WC-Webhook-Topic] => order.updated
                            [X-WC-Webhook-Resource] => order
                            [X-WC-Webhook-Event] => updated
                            [X-WC-Webhook-Signature] => sffN9z7kouN1XdnbnujvHfd14DlZ+mh0pnFpHEu/Gx8=
                            [X-WC-Webhook-ID] => 2
                            [X-WC-Webhook-Delivery-ID] => 51b5618e2c093d32f53f179344e34499
                        )

                )

            [Body] => Webhook body is not logged unless WP_DEBUG mode is turned on. This is to avoid the storing of personal data in the logs.
            [Response] => Array
                (
                    [Code] => 200
                    [Message] => OK
                    [Headers] => WpOrg\Requests\Utility\CaseInsensitiveDictionary Object
                        (
                            [data:protected] => Array
                                (
                                    [content-length] => 34
                                    [content-type] => application/json; charset=utf-8
                                    [date] => Sun, 17 Mar 2024 14:50:04 GMT
                                    [etag] => W/"22-6OS7cK0FzqnV2NeDHdOSGS1bVUs"
                                    [strict-transport-security] => max-age=315360000; includeSubDomains; preload
                                    [vary] => Accept-Encoding
                                    [x-content-type-options] => nosniff
                                    [x-xss-protection] => 1; mode=block
                                )

                        )

                    [Body] => Webhook body is not logged unless WP_DEBUG mode is turned on. This is to avoid the storing of personal data in the logs.
                )

        )

)
2024-03-17T14:50:05+00:00 INFO Array
(
    [Webhook Delivery] => Array
        (
            [Delivery ID] => 51b5618e2c093d32f53f179344e34499
            [Date] => Th3 17, 2024 @ 14:50
            [URL] => https://vn1.n8n.vn/webhook/test/order/updated
            [Duration] => 0.33486
            [Request] => Array
                (
                    [Method] => POST
                    [Headers] => Array
                        (
                            [User-Agent] => WooCommerce/8.6.1 Hookshot (WordPress/6.4.2)
                            [Content-Type] => application/json
                            [X-WC-Webhook-Source] => https://vovinamfusion.top/
                            [X-WC-Webhook-Topic] => order.updated
                            [X-WC-Webhook-Resource] => order
                            [X-WC-Webhook-Event] => updated
                            [X-WC-Webhook-Signature] => sffN9z7kouN1XdnbnujvHfd14DlZ+mh0pnFpHEu/Gx8=
                            [X-WC-Webhook-ID] => 2
                            [X-WC-Webhook-Delivery-ID] => 51b5618e2c093d32f53f179344e34499
                        )

                )

            [Body] => Webhook body is not logged unless WP_DEBUG mode is turned on. This is to avoid the storing of personal data in the logs.
            [Response] => Array
                (
                    [Code] => 200
                    [Message] => OK
                    [Headers] => WpOrg\Requests\Utility\CaseInsensitiveDictionary Object
                        (
                            [data:protected] => Array
                                (
                                    [content-length] => 34
                                    [content-type] => application/json; charset=utf-8
                                    [date] => Sun, 17 Mar 2024 14:50:05 GMT
                                    [etag] => W/"22-6OS7cK0FzqnV2NeDHdOSGS1bVUs"
                                    [strict-transport-security] => max-age=315360000; includeSubDomains; preload
                                    [vary] => Accept-Encoding
                                    [x-content-type-options] => nosniff
                                    [x-xss-protection] => 1; mode=block
                                )

                        )

                    [Body] => Webhook body is not logged unless WP_DEBUG mode is turned on. This is to avoid the storing of personal data in the logs.
                )

        )

)
2024-03-17T14:51:03+00:00 INFO Array
(
    [Webhook Delivery] => Array
        (
            [Delivery ID] => 61c75ad77d9222d710bb0b0126de8df7
            [Date] => Th3 17, 2024 @ 14:51
            [URL] => https://vn1.n8n.vn/webhook/test/order/updated
            [Duration] => 0.61736
            [Request] => Array
                (
                    [Method] => POST
                    [Headers] => Array
                        (
                            [User-Agent] => WooCommerce/8.6.1 Hookshot (WordPress/6.4.2)
                            [Content-Type] => application/json
                            [X-WC-Webhook-Source] => https://vovinamfusion.top/
                            [X-WC-Webhook-Topic] => order.updated
                            [X-WC-Webhook-Resource] => order
                            [X-WC-Webhook-Event] => updated
                            [X-WC-Webhook-Signature] => azotrYPftqljQP98p2urDJZGf4tz57K8JY3ZRuOYofg=
                            [X-WC-Webhook-ID] => 2
                            [X-WC-Webhook-Delivery-ID] => 61c75ad77d9222d710bb0b0126de8df7
                        )

                )

            [Body] => Webhook body is not logged unless WP_DEBUG mode is turned on. This is to avoid the storing of personal data in the logs.
            [Response] => Array
                (
                    [Code] => 200
                    [Message] => OK
                    [Headers] => WpOrg\Requests\Utility\CaseInsensitiveDictionary Object
                        (
                            [data:protected] => Array
                                (
                                    [content-length] => 34
                                    [content-type] => application/json; charset=utf-8
                                    [date] => Sun, 17 Mar 2024 14:51:03 GMT
                                    [etag] => W/"22-6OS7cK0FzqnV2NeDHdOSGS1bVUs"
                                    [strict-transport-security] => max-age=315360000; includeSubDomains; preload
                                    [vary] => Accept-Encoding
                                    [x-content-type-options] => nosniff
                                    [x-xss-protection] => 1; mode=block
                                )

                        )

                    [Body] => Webhook body is not logged unless WP_DEBUG mode is turned on. This is to avoid the storing of personal data in the logs.
                )

        )

)
2024-03-17T14:53:10+00:00 INFO Array
(
    [Webhook Delivery] => Array
        (
            [Delivery ID] => e57b8428adf13584c541d82895a7f3db
            [Date] => Th3 17, 2024 @ 14:53
            [URL] => https://vn1.n8n.vn/webhook/test/order/updated
            [Duration] => 0.56154
            [Request] => Array
                (
                    [Method] => POST
                    [Headers] => Array
                        (
                            [User-Agent] => WooCommerce/8.6.1 Hookshot (WordPress/6.4.2)
                            [Content-Type] => application/json
                            [X-WC-Webhook-Source] => https://vovinamfusion.top/
                            [X-WC-Webhook-Topic] => order.updated
                            [X-WC-Webhook-Resource] => order
                            [X-WC-Webhook-Event] => updated
                            [X-WC-Webhook-Signature] => XMrup+bepTIheILV6b7Fhjf/j5Q0tce5jwddeYZcMJg=
                            [X-WC-Webhook-ID] => 2
                            [X-WC-Webhook-Delivery-ID] => e57b8428adf13584c541d82895a7f3db
                        )

                )

            [Body] => Webhook body is not logged unless WP_DEBUG mode is turned on. This is to avoid the storing of personal data in the logs.
            [Response] => Array
                (
                    [Code] => 200
                    [Message] => OK
                    [Headers] => WpOrg\Requests\Utility\CaseInsensitiveDictionary Object
                        (
                            [data:protected] => Array
                                (
                                    [content-length] => 34
                                    [content-type] => application/json; charset=utf-8
                                    [date] => Sun, 17 Mar 2024 14:53:10 GMT
                                    [etag] => W/"22-6OS7cK0FzqnV2NeDHdOSGS1bVUs"
                                    [strict-transport-security] => max-age=315360000; includeSubDomains; preload
                                    [vary] => Accept-Encoding
                                    [x-content-type-options] => nosniff
                                    [x-xss-protection] => 1; mode=block
                                )

                        )

                    [Body] => Webhook body is not logged unless WP_DEBUG mode is turned on. This is to avoid the storing of personal data in the logs.
                )

        )

)
2024-03-17T14:54:06+00:00 INFO Array
(
    [Webhook Delivery] => Array
        (
            [Delivery ID] => b4a3c9159973ad206cd4e2e31fd61887
            [Date] => Th3 17, 2024 @ 14:54
            [URL] => https://vn1.n8n.vn/webhook/test/order/updated
            [Duration] => 0.57915
            [Request] => Array
                (
                    [Method] => POST
                    [Headers] => Array
                        (
                            [User-Agent] => WooCommerce/8.6.1 Hookshot (WordPress/6.4.2)
                            [Content-Type] => application/json
                            [X-WC-Webhook-Source] => https://vovinamfusion.top/
                            [X-WC-Webhook-Topic] => order.updated
                            [X-WC-Webhook-Resource] => order
                            [X-WC-Webhook-Event] => updated
                            [X-WC-Webhook-Signature] => AVz9NGuD6N0OYy1jN8Zko5GwhOtiesk4Ygnc8g8/5lA=
                            [X-WC-Webhook-ID] => 2
                            [X-WC-Webhook-Delivery-ID] => b4a3c9159973ad206cd4e2e31fd61887
                        )

                )

            [Body] => Webhook body is not logged unless WP_DEBUG mode is turned on. This is to avoid the storing of personal data in the logs.
            [Response] => Array
                (
                    [Code] => 200
                    [Message] => OK
                    [Headers] => WpOrg\Requests\Utility\CaseInsensitiveDictionary Object
                        (
                            [data:protected] => Array
                                (
                                    [content-length] => 34
                                    [content-type] => application/json; charset=utf-8
                                    [date] => Sun, 17 Mar 2024 14:54:06 GMT
                                    [etag] => W/"22-6OS7cK0FzqnV2NeDHdOSGS1bVUs"
                                    [strict-transport-security] => max-age=315360000; includeSubDomains; preload
                                    [vary] => Accept-Encoding
                                    [x-content-type-options] => nosniff
                                    [x-xss-protection] => 1; mode=block
                                )

                        )

                    [Body] => Webhook body is not logged unless WP_DEBUG mode is turned on. This is to avoid the storing of personal data in the logs.
                )

        )

)
2024-03-17T14:54:07+00:00 INFO Array
(
    [Webhook Delivery] => Array
        (
            [Delivery ID] => 0e03c5a96823cab0a8e83d07efe3430f
            [Date] => Th3 17, 2024 @ 14:54
            [URL] => https://vn1.n8n.vn/webhook/test/order/updated
            [Duration] => 0.27356
            [Request] => Array
                (
                    [Method] => POST
                    [Headers] => Array
                        (
                            [User-Agent] => WooCommerce/8.6.1 Hookshot (WordPress/6.4.2)
                            [Content-Type] => application/json
                            [X-WC-Webhook-Source] => https://vovinamfusion.top/
                            [X-WC-Webhook-Topic] => order.updated
                            [X-WC-Webhook-Resource] => order
                            [X-WC-Webhook-Event] => updated
                            [X-WC-Webhook-Signature] => AVz9NGuD6N0OYy1jN8Zko5GwhOtiesk4Ygnc8g8/5lA=
                            [X-WC-Webhook-ID] => 2
                            [X-WC-Webhook-Delivery-ID] => 0e03c5a96823cab0a8e83d07efe3430f
                        )

                )

            [Body] => Webhook body is not logged unless WP_DEBUG mode is turned on. This is to avoid the storing of personal data in the logs.
            [Response] => Array
                (
                    [Code] => 200
                    [Message] => OK
                    [Headers] => WpOrg\Requests\Utility\CaseInsensitiveDictionary Object
                        (
                            [data:protected] => Array
                                (
                                    [content-length] => 34
                                    [content-type] => application/json; charset=utf-8
                                    [date] => Sun, 17 Mar 2024 14:54:07 GMT
                                    [etag] => W/"22-6OS7cK0FzqnV2NeDHdOSGS1bVUs"
                                    [strict-transport-security] => max-age=315360000; includeSubDomains; preload
                                    [vary] => Accept-Encoding
                                    [x-content-type-options] => nosniff
                                    [x-xss-protection] => 1; mode=block
                                )

                        )

                    [Body] => Webhook body is not logged unless WP_DEBUG mode is turned on. This is to avoid the storing of personal data in the logs.
                )

        )

)
2024-03-17T14:54:17+00:00 INFO Array
(
    [Webhook Delivery] => Array
        (
            [Delivery ID] => c3afcd1e246bd7121ce2984165aebe60
            [Date] => Th3 17, 2024 @ 14:54
            [URL] => https://vn1.n8n.vn/webhook/test/order/updated
            [Duration] => 0.49947
            [Request] => Array
                (
                    [Method] => POST
                    [Headers] => Array
                        (
                            [User-Agent] => WooCommerce/8.6.1 Hookshot (WordPress/6.4.2)
                            [Content-Type] => application/json
                            [X-WC-Webhook-Source] => https://vovinamfusion.top/
                            [X-WC-Webhook-Topic] => order.updated
                            [X-WC-Webhook-Resource] => order
                            [X-WC-Webhook-Event] => updated
                            [X-WC-Webhook-Signature] => XcbKNgXmvA9bKLmhhlfiTLEf7rwBssof2WvnLRtm7jc=
                            [X-WC-Webhook-ID] => 2
                            [X-WC-Webhook-Delivery-ID] => c3afcd1e246bd7121ce2984165aebe60
                        )

                )

            [Body] => Webhook body is not logged unless WP_DEBUG mode is turned on. This is to avoid the storing of personal data in the logs.
            [Response] => Array
                (
                    [Code] => 200
                    [Message] => OK
                    [Headers] => WpOrg\Requests\Utility\CaseInsensitiveDictionary Object
                        (
                            [data:protected] => Array
                                (
                                    [content-length] => 34
                                    [content-type] => application/json; charset=utf-8
                                    [date] => Sun, 17 Mar 2024 14:54:17 GMT
                                    [etag] => W/"22-6OS7cK0FzqnV2NeDHdOSGS1bVUs"
                                    [strict-transport-security] => max-age=315360000; includeSubDomains; preload
                                    [vary] => Accept-Encoding
                                    [x-content-type-options] => nosniff
                                    [x-xss-protection] => 1; mode=block
                                )

                        )

                    [Body] => Webhook body is not logged unless WP_DEBUG mode is turned on. This is to avoid the storing of personal data in the logs.
                )

        )

)
2024-03-17T14:54:23+00:00 INFO Array
(
    [Webhook Delivery] => Array
        (
            [Delivery ID] => fe1ae2e0cf67daf90e5f32d104250b11
            [Date] => Th3 17, 2024 @ 14:54
            [URL] => https://vn1.n8n.vn/webhook/test/order/updated
            [Duration] => 0.49687
            [Request] => Array
                (
                    [Method] => POST
                    [Headers] => Array
                        (
                            [User-Agent] => WooCommerce/8.6.1 Hookshot (WordPress/6.4.2)
                            [Content-Type] => application/json
                            [X-WC-Webhook-Source] => https://vovinamfusion.top/
                            [X-WC-Webhook-Topic] => order.updated
                            [X-WC-Webhook-Resource] => order
                            [X-WC-Webhook-Event] => updated
                            [X-WC-Webhook-Signature] => O0S/WewSaZkItopFWKkClrPJYocQE7N5VhusAyY6vBM=
                            [X-WC-Webhook-ID] => 2
                            [X-WC-Webhook-Delivery-ID] => fe1ae2e0cf67daf90e5f32d104250b11
                        )

                )

            [Body] => Webhook body is not logged unless WP_DEBUG mode is turned on. This is to avoid the storing of personal data in the logs.
            [Response] => Array
                (
                    [Code] => 200
                    [Message] => OK
                    [Headers] => WpOrg\Requests\Utility\CaseInsensitiveDictionary Object
                        (
                            [data:protected] => Array
                                (
                                    [content-length] => 34
                                    [content-type] => application/json; charset=utf-8
                                    [date] => Sun, 17 Mar 2024 14:54:23 GMT
                                    [etag] => W/"22-6OS7cK0FzqnV2NeDHdOSGS1bVUs"
                                    [strict-transport-security] => max-age=315360000; includeSubDomains; preload
                                    [vary] => Accept-Encoding
                                    [x-content-type-options] => nosniff
                                    [x-xss-protection] => 1; mode=block
                                )

                        )

                    [Body] => Webhook body is not logged unless WP_DEBUG mode is turned on. This is to avoid the storing of personal data in the logs.
                )

        )

)
2024-03-17T14:54:29+00:00 INFO Array
(
    [Webhook Delivery] => Array
        (
            [Delivery ID] => 20f6f29be101689cafa15b1e7bcd8dd8
            [Date] => Th3 17, 2024 @ 14:54
            [URL] => https://vn1.n8n.vn/webhook/test/order/updated
            [Duration] => 0.50939
            [Request] => Array
                (
                    [Method] => POST
                    [Headers] => Array
                        (
                            [User-Agent] => WooCommerce/8.6.1 Hookshot (WordPress/6.4.2)
                            [Content-Type] => application/json
                            [X-WC-Webhook-Source] => https://vovinamfusion.top/
                            [X-WC-Webhook-Topic] => order.updated
                            [X-WC-Webhook-Resource] => order
                            [X-WC-Webhook-Event] => updated
                            [X-WC-Webhook-Signature] => P2OOrah5WkJMTyeEMZ1L5aQiXvi7AUltZrpxxTd+zto=
                            [X-WC-Webhook-ID] => 2
                            [X-WC-Webhook-Delivery-ID] => 20f6f29be101689cafa15b1e7bcd8dd8
                        )

                )

            [Body] => Webhook body is not logged unless WP_DEBUG mode is turned on. This is to avoid the storing of personal data in the logs.
            [Response] => Array
                (
                    [Code] => 200
                    [Message] => OK
                    [Headers] => WpOrg\Requests\Utility\CaseInsensitiveDictionary Object
                        (
                            [data:protected] => Array
                                (
                                    [content-length] => 34
                                    [content-type] => application/json; charset=utf-8
                                    [date] => Sun, 17 Mar 2024 14:54:29 GMT
                                    [etag] => W/"22-6OS7cK0FzqnV2NeDHdOSGS1bVUs"
                                    [strict-transport-security] => max-age=315360000; includeSubDomains; preload
                                    [vary] => Accept-Encoding
                                    [x-content-type-options] => nosniff
                                    [x-xss-protection] => 1; mode=block
                                )

                        )

                    [Body] => Webhook body is not logged unless WP_DEBUG mode is turned on. This is to avoid the storing of personal data in the logs.
                )

        )

)
2024-03-17T14:55:44+00:00 INFO Array
(
    [Webhook Delivery] => Array
        (
            [Delivery ID] => 9f2d0a93596db0a705b5f40e289a90ec
            [Date] => Th3 17, 2024 @ 14:55
            [URL] => https://vn1.n8n.vn/webhook/test/order/updated
            [Duration] => 0.50092
            [Request] => Array
                (
                    [Method] => POST
                    [Headers] => Array
                        (
                            [User-Agent] => WooCommerce/8.6.1 Hookshot (WordPress/6.4.2)
                            [Content-Type] => application/json
                            [X-WC-Webhook-Source] => https://vovinamfusion.top/
                            [X-WC-Webhook-Topic] => order.updated
                            [X-WC-Webhook-Resource] => order
                            [X-WC-Webhook-Event] => updated
                            [X-WC-Webhook-Signature] => BvMDTcYTgGJ7gWmJC0RZ8nlseOkgrlls2b8yqVZHZwY=
                            [X-WC-Webhook-ID] => 2
                            [X-WC-Webhook-Delivery-ID] => 9f2d0a93596db0a705b5f40e289a90ec
                        )

                )

            [Body] => Webhook body is not logged unless WP_DEBUG mode is turned on. This is to avoid the storing of personal data in the logs.
            [Response] => Array
                (
                    [Code] => 200
                    [Message] => OK
                    [Headers] => WpOrg\Requests\Utility\CaseInsensitiveDictionary Object
                        (
                            [data:protected] => Array
                                (
                                    [content-length] => 34
                                    [content-type] => application/json; charset=utf-8
                                    [date] => Sun, 17 Mar 2024 14:55:44 GMT
                                    [etag] => W/"22-6OS7cK0FzqnV2NeDHdOSGS1bVUs"
                                    [strict-transport-security] => max-age=315360000; includeSubDomains; preload
                                    [vary] => Accept-Encoding
                                    [x-content-type-options] => nosniff
                                    [x-xss-protection] => 1; mode=block
                                )

                        )

                    [Body] => Webhook body is not logged unless WP_DEBUG mode is turned on. This is to avoid the storing of personal data in the logs.
                )

        )

)
2024-03-17T15:00:14+00:00 INFO Array
(
    [Webhook Delivery] => Array
        (
            [Delivery ID] => e7d63ab1550da67d2ea57a240a2bf964
            [Date] => Th3 17, 2024 @ 15:00
            [URL] => https://vn1.n8n.vn/webhook/test/order/updated
            [Duration] => 0.5836
            [Request] => Array
                (
                    [Method] => POST
                    [Headers] => Array
                        (
                            [User-Agent] => WooCommerce/8.6.1 Hookshot (WordPress/6.4.2)
                            [Content-Type] => application/json
                            [X-WC-Webhook-Source] => https://vovinamfusion.top/
                            [X-WC-Webhook-Topic] => order.updated
                            [X-WC-Webhook-Resource] => order
                            [X-WC-Webhook-Event] => updated
                            [X-WC-Webhook-Signature] => 1Vk6CWsgryCLKduI9uPr1XlZhEptO+QmwlrlQyAxiqc=
                            [X-WC-Webhook-ID] => 2
                            [X-WC-Webhook-Delivery-ID] => e7d63ab1550da67d2ea57a240a2bf964
                        )

                )

            [Body] => Webhook body is not logged unless WP_DEBUG mode is turned on. This is to avoid the storing of personal data in the logs.
            [Response] => Array
                (
                    [Code] => 200
                    [Message] => OK
                    [Headers] => WpOrg\Requests\Utility\CaseInsensitiveDictionary Object
                        (
                            [data:protected] => Array
                                (
                                    [content-length] => 34
                                    [content-type] => application/json; charset=utf-8
                                    [date] => Sun, 17 Mar 2024 15:00:14 GMT
                                    [etag] => W/"22-6OS7cK0FzqnV2NeDHdOSGS1bVUs"
                                    [strict-transport-security] => max-age=315360000; includeSubDomains; preload
                                    [vary] => Accept-Encoding
                                    [x-content-type-options] => nosniff
                                    [x-xss-protection] => 1; mode=block
                                )

                        )

                    [Body] => Webhook body is not logged unless WP_DEBUG mode is turned on. This is to avoid the storing of personal data in the logs.
                )

        )

)
2024-03-17T15:00:21+00:00 INFO Array
(
    [Webhook Delivery] => Array
        (
            [Delivery ID] => c3f5253686e887076b56c63eb858b143
            [Date] => Th3 17, 2024 @ 15:00
            [URL] => https://vn1.n8n.vn/webhook/test/order/updated
            [Duration] => 0.75679
            [Request] => Array
                (
                    [Method] => POST
                    [Headers] => Array
                        (
                            [User-Agent] => WooCommerce/8.6.1 Hookshot (WordPress/6.4.2)
                            [Content-Type] => application/json
                            [X-WC-Webhook-Source] => https://vovinamfusion.top/
                            [X-WC-Webhook-Topic] => order.updated
                            [X-WC-Webhook-Resource] => order
                            [X-WC-Webhook-Event] => updated
                            [X-WC-Webhook-Signature] => lSJSupGtObHzyurCWqrbUnL8o1Jaa4AGlKpmpyc88uI=
                            [X-WC-Webhook-ID] => 2
                            [X-WC-Webhook-Delivery-ID] => c3f5253686e887076b56c63eb858b143
                        )

                )

            [Body] => Webhook body is not logged unless WP_DEBUG mode is turned on. This is to avoid the storing of personal data in the logs.
            [Response] => Array
                (
                    [Code] => 200
                    [Message] => OK
                    [Headers] => WpOrg\Requests\Utility\CaseInsensitiveDictionary Object
                        (
                            [data:protected] => Array
                                (
                                    [content-length] => 34
                                    [content-type] => application/json; charset=utf-8
                                    [date] => Sun, 17 Mar 2024 15:00:21 GMT
                                    [etag] => W/"22-6OS7cK0FzqnV2NeDHdOSGS1bVUs"
                                    [strict-transport-security] => max-age=315360000; includeSubDomains; preload
                                    [vary] => Accept-Encoding
                                    [x-content-type-options] => nosniff
                                    [x-xss-protection] => 1; mode=block
                                )

                        )

                    [Body] => Webhook body is not logged unless WP_DEBUG mode is turned on. This is to avoid the storing of personal data in the logs.
                )

        )

)
2024-03-17T15:01:55+00:00 INFO Array
(
    [Webhook Delivery] => Array
        (
            [Delivery ID] => db45e9d2839f126912d12f25877df5ce
            [Date] => Th3 17, 2024 @ 15:01
            [URL] => https://vn1.n8n.vn/webhook/test/order/updated
            [Duration] => 0.56936
            [Request] => Array
                (
                    [Method] => POST
                    [Headers] => Array
                        (
                            [User-Agent] => WooCommerce/8.6.1 Hookshot (WordPress/6.4.2)
                            [Content-Type] => application/json
                            [X-WC-Webhook-Source] => https://vovinamfusion.top/
                            [X-WC-Webhook-Topic] => order.updated
                            [X-WC-Webhook-Resource] => order
                            [X-WC-Webhook-Event] => updated
                            [X-WC-Webhook-Signature] => FxHuaAZE1h7RzKoXPeZyZuY9FXEpUq0Oa19ZMfsqZ9M=
                            [X-WC-Webhook-ID] => 2
                            [X-WC-Webhook-Delivery-ID] => db45e9d2839f126912d12f25877df5ce
                        )

                )

            [Body] => Webhook body is not logged unless WP_DEBUG mode is turned on. This is to avoid the storing of personal data in the logs.
            [Response] => Array
                (
                    [Code] => 200
                    [Message] => OK
                    [Headers] => WpOrg\Requests\Utility\CaseInsensitiveDictionary Object
                        (
                            [data:protected] => Array
                                (
                                    [content-length] => 34
                                    [content-type] => application/json; charset=utf-8
                                    [date] => Sun, 17 Mar 2024 15:01:55 GMT
                                    [etag] => W/"22-6OS7cK0FzqnV2NeDHdOSGS1bVUs"
                                    [strict-transport-security] => max-age=315360000; includeSubDomains; preload
                                    [vary] => Accept-Encoding
                                    [x-content-type-options] => nosniff
                                    [x-xss-protection] => 1; mode=block
                                )

                        )

                    [Body] => Webhook body is not logged unless WP_DEBUG mode is turned on. This is to avoid the storing of personal data in the logs.
                )

        )

)
2024-03-17T15:01:55+00:00 INFO Array
(
    [Webhook Delivery] => Array
        (
            [Delivery ID] => 88154be25be0bdf6f297cd47f987f990
            [Date] => Th3 17, 2024 @ 15:01
            [URL] => https://vn1.n8n.vn/webhook/test/order/updated
            [Duration] => 0.29217
            [Request] => Array
                (
                    [Method] => POST
                    [Headers] => Array
                        (
                            [User-Agent] => WooCommerce/8.6.1 Hookshot (WordPress/6.4.2)
                            [Content-Type] => application/json
                            [X-WC-Webhook-Source] => https://vovinamfusion.top/
                            [X-WC-Webhook-Topic] => order.updated
                            [X-WC-Webhook-Resource] => order
                            [X-WC-Webhook-Event] => updated
                            [X-WC-Webhook-Signature] => FxHuaAZE1h7RzKoXPeZyZuY9FXEpUq0Oa19ZMfsqZ9M=
                            [X-WC-Webhook-ID] => 2
                            [X-WC-Webhook-Delivery-ID] => 88154be25be0bdf6f297cd47f987f990
                        )

                )

            [Body] => Webhook body is not logged unless WP_DEBUG mode is turned on. This is to avoid the storing of personal data in the logs.
            [Response] => Array
                (
                    [Code] => 200
                    [Message] => OK
                    [Headers] => WpOrg\Requests\Utility\CaseInsensitiveDictionary Object
                        (
                            [data:protected] => Array
                                (
                                    [content-length] => 34
                                    [content-type] => application/json; charset=utf-8
                                    [date] => Sun, 17 Mar 2024 15:01:55 GMT
                                    [etag] => W/"22-6OS7cK0FzqnV2NeDHdOSGS1bVUs"
                                    [strict-transport-security] => max-age=315360000; includeSubDomains; preload
                                    [vary] => Accept-Encoding
                                    [x-content-type-options] => nosniff
                                    [x-xss-protection] => 1; mode=block
                                )

                        )

                    [Body] => Webhook body is not logged unless WP_DEBUG mode is turned on. This is to avoid the storing of personal data in the logs.
                )

        )

)
2024-03-17T15:03:05+00:00 INFO Array
(
    [Webhook Delivery] => Array
        (
            [Delivery ID] => ee03571729f3fd66ca613a7edc810373
            [Date] => Th3 17, 2024 @ 15:03
            [URL] => https://vn1.n8n.vn/webhook/test/order/updated
            [Duration] => 0.60727
            [Request] => Array
                (
                    [Method] => POST
                    [Headers] => Array
                        (
                            [User-Agent] => WooCommerce/8.6.1 Hookshot (WordPress/6.4.2)
                            [Content-Type] => application/json
                            [X-WC-Webhook-Source] => https://vovinamfusion.top/
                            [X-WC-Webhook-Topic] => order.updated
                            [X-WC-Webhook-Resource] => order
                            [X-WC-Webhook-Event] => updated
                            [X-WC-Webhook-Signature] => CmPSHG5OlV1Eeex7jTEfXod87ps3iExCAx29iMGP9tY=
                            [X-WC-Webhook-ID] => 2
                            [X-WC-Webhook-Delivery-ID] => ee03571729f3fd66ca613a7edc810373
                        )

                )

            [Body] => Webhook body is not logged unless WP_DEBUG mode is turned on. This is to avoid the storing of personal data in the logs.
            [Response] => Array
                (
                    [Code] => 200
                    [Message] => OK
                    [Headers] => WpOrg\Requests\Utility\CaseInsensitiveDictionary Object
                        (
                            [data:protected] => Array
                                (
                                    [content-length] => 34
                                    [content-type] => application/json; charset=utf-8
                                    [date] => Sun, 17 Mar 2024 15:03:05 GMT
                                    [etag] => W/"22-6OS7cK0FzqnV2NeDHdOSGS1bVUs"
                                    [strict-transport-security] => max-age=315360000; includeSubDomains; preload
                                    [vary] => Accept-Encoding
                                    [x-content-type-options] => nosniff
                                    [x-xss-protection] => 1; mode=block
                                )

                        )

                    [Body] => Webhook body is not logged unless WP_DEBUG mode is turned on. This is to avoid the storing of personal data in the logs.
                )

        )

)
2024-03-17T15:03:06+00:00 INFO Array
(
    [Webhook Delivery] => Array
        (
            [Delivery ID] => ee03571729f3fd66ca613a7edc810373
            [Date] => Th3 17, 2024 @ 15:03
            [URL] => https://vn1.n8n.vn/webhook/test/order/updated
            [Duration] => 0.26712
            [Request] => Array
                (
                    [Method] => POST
                    [Headers] => Array
                        (
                            [User-Agent] => WooCommerce/8.6.1 Hookshot (WordPress/6.4.2)
                            [Content-Type] => application/json
                            [X-WC-Webhook-Source] => https://vovinamfusion.top/
                            [X-WC-Webhook-Topic] => order.updated
                            [X-WC-Webhook-Resource] => order
                            [X-WC-Webhook-Event] => updated
                            [X-WC-Webhook-Signature] => CmPSHG5OlV1Eeex7jTEfXod87ps3iExCAx29iMGP9tY=
                            [X-WC-Webhook-ID] => 2
                            [X-WC-Webhook-Delivery-ID] => ee03571729f3fd66ca613a7edc810373
                        )

                )

            [Body] => Webhook body is not logged unless WP_DEBUG mode is turned on. This is to avoid the storing of personal data in the logs.
            [Response] => Array
                (
                    [Code] => 200
                    [Message] => OK
                    [Headers] => WpOrg\Requests\Utility\CaseInsensitiveDictionary Object
                        (
                            [data:protected] => Array
                                (
                                    [content-length] => 34
                                    [content-type] => application/json; charset=utf-8
                                    [date] => Sun, 17 Mar 2024 15:03:06 GMT
                                    [etag] => W/"22-6OS7cK0FzqnV2NeDHdOSGS1bVUs"
                                    [strict-transport-security] => max-age=315360000; includeSubDomains; preload
                                    [vary] => Accept-Encoding
                                    [x-content-type-options] => nosniff
                                    [x-xss-protection] => 1; mode=block
                                )

                        )

                    [Body] => Webhook body is not logged unless WP_DEBUG mode is turned on. This is to avoid the storing of personal data in the logs.
                )

        )

)
2024-03-17T15:04:04+00:00 INFO Array
(
    [Webhook Delivery] => Array
        (
            [Delivery ID] => 045f5aae969600b3a0bc59deb53690a1
            [Date] => Th3 17, 2024 @ 15:04
            [URL] => https://vn1.n8n.vn/webhook/test/order/updated
            [Duration] => 0.60725
            [Request] => Array
                (
                    [Method] => POST
                    [Headers] => Array
                        (
                            [User-Agent] => WooCommerce/8.6.1 Hookshot (WordPress/6.4.2)
                            [Content-Type] => application/json
                            [X-WC-Webhook-Source] => https://vovinamfusion.top/
                            [X-WC-Webhook-Topic] => order.updated
                            [X-WC-Webhook-Resource] => order
                            [X-WC-Webhook-Event] => updated
                            [X-WC-Webhook-Signature] => sWnUNWbUr7yb2plLxyXuxdId8lY2L0PF7I9WeEZ65qo=
                            [X-WC-Webhook-ID] => 2
                            [X-WC-Webhook-Delivery-ID] => 045f5aae969600b3a0bc59deb53690a1
                        )

                )

            [Body] => Webhook body is not logged unless WP_DEBUG mode is turned on. This is to avoid the storing of personal data in the logs.
            [Response] => Array
                (
                    [Code] => 200
                    [Message] => OK
                    [Headers] => WpOrg\Requests\Utility\CaseInsensitiveDictionary Object
                        (
                            [data:protected] => Array
                                (
                                    [content-length] => 34
                                    [content-type] => application/json; charset=utf-8
                                    [date] => Sun, 17 Mar 2024 15:04:04 GMT
                                    [etag] => W/"22-6OS7cK0FzqnV2NeDHdOSGS1bVUs"
                                    [strict-transport-security] => max-age=315360000; includeSubDomains; preload
                                    [vary] => Accept-Encoding
                                    [x-content-type-options] => nosniff
                                    [x-xss-protection] => 1; mode=block
                                )

                        )

                    [Body] => Webhook body is not logged unless WP_DEBUG mode is turned on. This is to avoid the storing of personal data in the logs.
                )

        )

)
2024-03-17T15:08:47+00:00 INFO Array
(
    [Webhook Delivery] => Array
        (
            [Delivery ID] => 32bea34306a63fdbbe5e58065ad5f6af
            [Date] => Th3 17, 2024 @ 15:08
            [URL] => https://vn1.n8n.vn/webhook/test/order/updated
            [Duration] => 0.65557
            [Request] => Array
                (
                    [Method] => POST
                    [Headers] => Array
                        (
                            [User-Agent] => WooCommerce/8.6.1 Hookshot (WordPress/6.4.2)
                            [Content-Type] => application/json
                            [X-WC-Webhook-Source] => https://vovinamfusion.top/
                            [X-WC-Webhook-Topic] => order.updated
                            [X-WC-Webhook-Resource] => order
                            [X-WC-Webhook-Event] => updated
                            [X-WC-Webhook-Signature] => m6Aa3Rl1t63gesGRyvJ0lircbXBnMjNx7tfWGAxl5bI=
                            [X-WC-Webhook-ID] => 2
                            [X-WC-Webhook-Delivery-ID] => 32bea34306a63fdbbe5e58065ad5f6af
                        )

                )

            [Body] => Webhook body is not logged unless WP_DEBUG mode is turned on. This is to avoid the storing of personal data in the logs.
            [Response] => Array
                (
                    [Code] => 200
                    [Message] => OK
                    [Headers] => WpOrg\Requests\Utility\CaseInsensitiveDictionary Object
                        (
                            [data:protected] => Array
                                (
                                    [content-length] => 34
                                    [content-type] => application/json; charset=utf-8
                                    [date] => Sun, 17 Mar 2024 15:08:47 GMT
                                    [etag] => W/"22-6OS7cK0FzqnV2NeDHdOSGS1bVUs"
                                    [strict-transport-security] => max-age=315360000; includeSubDomains; preload
                                    [vary] => Accept-Encoding
                                    [x-content-type-options] => nosniff
                                    [x-xss-protection] => 1; mode=block
                                )

                        )

                    [Body] => Webhook body is not logged unless WP_DEBUG mode is turned on. This is to avoid the storing of personal data in the logs.
                )

        )

)
2024-03-17T15:08:47+00:00 INFO Array
(
    [Webhook Delivery] => Array
        (
            [Delivery ID] => 32bea34306a63fdbbe5e58065ad5f6af
            [Date] => Th3 17, 2024 @ 15:08
            [URL] => https://vn1.n8n.vn/webhook/test/order/updated
            [Duration] => 0.24502
            [Request] => Array
                (
                    [Method] => POST
                    [Headers] => Array
                        (
                            [User-Agent] => WooCommerce/8.6.1 Hookshot (WordPress/6.4.2)
                            [Content-Type] => application/json
                            [X-WC-Webhook-Source] => https://vovinamfusion.top/
                            [X-WC-Webhook-Topic] => order.updated
                            [X-WC-Webhook-Resource] => order
                            [X-WC-Webhook-Event] => updated
                            [X-WC-Webhook-Signature] => +SnVVXnwRnHgcIk7Bt8TkadC4I8BGT6C0RaMy9tZ/S4=
                            [X-WC-Webhook-ID] => 2
                            [X-WC-Webhook-Delivery-ID] => 32bea34306a63fdbbe5e58065ad5f6af
                        )

                )

            [Body] => Webhook body is not logged unless WP_DEBUG mode is turned on. This is to avoid the storing of personal data in the logs.
            [Response] => Array
                (
                    [Code] => 200
                    [Message] => OK
                    [Headers] => WpOrg\Requests\Utility\CaseInsensitiveDictionary Object
                        (
                            [data:protected] => Array
                                (
                                    [content-length] => 34
                                    [content-type] => application/json; charset=utf-8
                                    [date] => Sun, 17 Mar 2024 15:08:47 GMT
                                    [etag] => W/"22-6OS7cK0FzqnV2NeDHdOSGS1bVUs"
                                    [strict-transport-security] => max-age=315360000; includeSubDomains; preload
                                    [vary] => Accept-Encoding
                                    [x-content-type-options] => nosniff
                                    [x-xss-protection] => 1; mode=block
                                )

                        )

                    [Body] => Webhook body is not logged unless WP_DEBUG mode is turned on. This is to avoid the storing of personal data in the logs.
                )

        )

)
2024-03-17T15:08:48+00:00 INFO Array
(
    [Webhook Delivery] => Array
        (
            [Delivery ID] => 380e682251d58a56e1fce4c250a3c60a
            [Date] => Th3 17, 2024 @ 15:08
            [URL] => https://vn1.n8n.vn/webhook/test/order/updated
            [Duration] => 0.27002
            [Request] => Array
                (
                    [Method] => POST
                    [Headers] => Array
                        (
                            [User-Agent] => WooCommerce/8.6.1 Hookshot (WordPress/6.4.2)
                            [Content-Type] => application/json
                            [X-WC-Webhook-Source] => https://vovinamfusion.top/
                            [X-WC-Webhook-Topic] => order.updated
                            [X-WC-Webhook-Resource] => order
                            [X-WC-Webhook-Event] => updated
                            [X-WC-Webhook-Signature] => sQaZrTSr2A1za83hIFGgB9PmV1MxiJ0AP7HuG3PG6pc=
                            [X-WC-Webhook-ID] => 2
                            [X-WC-Webhook-Delivery-ID] => 380e682251d58a56e1fce4c250a3c60a
                        )

                )

            [Body] => Webhook body is not logged unless WP_DEBUG mode is turned on. This is to avoid the storing of personal data in the logs.
            [Response] => Array
                (
                    [Code] => 200
                    [Message] => OK
                    [Headers] => WpOrg\Requests\Utility\CaseInsensitiveDictionary Object
                        (
                            [data:protected] => Array
                                (
                                    [content-length] => 34
                                    [content-type] => application/json; charset=utf-8
                                    [date] => Sun, 17 Mar 2024 15:08:48 GMT
                                    [etag] => W/"22-6OS7cK0FzqnV2NeDHdOSGS1bVUs"
                                    [strict-transport-security] => max-age=315360000; includeSubDomains; preload
                                    [vary] => Accept-Encoding
                                    [x-content-type-options] => nosniff
                                    [x-xss-protection] => 1; mode=block
                                )

                        )

                    [Body] => Webhook body is not logged unless WP_DEBUG mode is turned on. This is to avoid the storing of personal data in the logs.
                )

        )

)
2024-03-17T15:08:48+00:00 INFO Array
(
    [Webhook Delivery] => Array
        (
            [Delivery ID] => 380e682251d58a56e1fce4c250a3c60a
            [Date] => Th3 17, 2024 @ 15:08
            [URL] => https://vn1.n8n.vn/webhook/test/order/updated
            [Duration] => 0.21355
            [Request] => Array
                (
                    [Method] => POST
                    [Headers] => Array
                        (
                            [User-Agent] => WooCommerce/8.6.1 Hookshot (WordPress/6.4.2)
                            [Content-Type] => application/json
                            [X-WC-Webhook-Source] => https://vovinamfusion.top/
                            [X-WC-Webhook-Topic] => order.updated
                            [X-WC-Webhook-Resource] => order
                            [X-WC-Webhook-Event] => updated
                            [X-WC-Webhook-Signature] => KF9hIRZR2vnCl6t9tH8gSboP4VkA9o7l+GTHuVSH1Ps=
                            [X-WC-Webhook-ID] => 2
                            [X-WC-Webhook-Delivery-ID] => 380e682251d58a56e1fce4c250a3c60a
                        )

                )

            [Body] => Webhook body is not logged unless WP_DEBUG mode is turned on. This is to avoid the storing of personal data in the logs.
            [Response] => Array
                (
                    [Code] => 200
                    [Message] => OK
                    [Headers] => WpOrg\Requests\Utility\CaseInsensitiveDictionary Object
                        (
                            [data:protected] => Array
                                (
                                    [content-length] => 34
                                    [content-type] => application/json; charset=utf-8
                                    [date] => Sun, 17 Mar 2024 15:08:48 GMT
                                    [etag] => W/"22-6OS7cK0FzqnV2NeDHdOSGS1bVUs"
                                    [strict-transport-security] => max-age=315360000; includeSubDomains; preload
                                    [vary] => Accept-Encoding
                                    [x-content-type-options] => nosniff
                                    [x-xss-protection] => 1; mode=block
                                )

                        )

                    [Body] => Webhook body is not logged unless WP_DEBUG mode is turned on. This is to avoid the storing of personal data in the logs.
                )

        )

)
2024-03-17T15:08:48+00:00 INFO Array
(
    [Webhook Delivery] => Array
        (
            [Delivery ID] => 380e682251d58a56e1fce4c250a3c60a
            [Date] => Th3 17, 2024 @ 15:08
            [URL] => https://vn1.n8n.vn/webhook/test/order/updated
            [Duration] => 0.23105
            [Request] => Array
                (
                    [Method] => POST
                    [Headers] => Array
                        (
                            [User-Agent] => WooCommerce/8.6.1 Hookshot (WordPress/6.4.2)
                            [Content-Type] => application/json
                            [X-WC-Webhook-Source] => https://vovinamfusion.top/
                            [X-WC-Webhook-Topic] => order.updated
                            [X-WC-Webhook-Resource] => order
                            [X-WC-Webhook-Event] => updated
                            [X-WC-Webhook-Signature] => BGf9e4h9XTlAW4UOQzU79bbtn8O/xGhvDQW/bYkzh7s=
                            [X-WC-Webhook-ID] => 2
                            [X-WC-Webhook-Delivery-ID] => 380e682251d58a56e1fce4c250a3c60a
                        )

                )

            [Body] => Webhook body is not logged unless WP_DEBUG mode is turned on. This is to avoid the storing of personal data in the logs.
            [Response] => Array
                (
                    [Code] => 200
                    [Message] => OK
                    [Headers] => WpOrg\Requests\Utility\CaseInsensitiveDictionary Object
                        (
                            [data:protected] => Array
                                (
                                    [content-length] => 34
                                    [content-type] => application/json; charset=utf-8
                                    [date] => Sun, 17 Mar 2024 15:08:48 GMT
                                    [etag] => W/"22-6OS7cK0FzqnV2NeDHdOSGS1bVUs"
                                    [strict-transport-security] => max-age=315360000; includeSubDomains; preload
                                    [vary] => Accept-Encoding
                                    [x-content-type-options] => nosniff
                                    [x-xss-protection] => 1; mode=block
                                )

                        )

                    [Body] => Webhook body is not logged unless WP_DEBUG mode is turned on. This is to avoid the storing of personal data in the logs.
                )

        )

)
2024-03-17T15:08:49+00:00 INFO Array
(
    [Webhook Delivery] => Array
        (
            [Delivery ID] => 380e682251d58a56e1fce4c250a3c60a
            [Date] => Th3 17, 2024 @ 15:08
            [URL] => https://vn1.n8n.vn/webhook/test/order/updated
            [Duration] => 0.26957
            [Request] => Array
                (
                    [Method] => POST
                    [Headers] => Array
                        (
                            [User-Agent] => WooCommerce/8.6.1 Hookshot (WordPress/6.4.2)
                            [Content-Type] => application/json
                            [X-WC-Webhook-Source] => https://vovinamfusion.top/
                            [X-WC-Webhook-Topic] => order.updated
                            [X-WC-Webhook-Resource] => order
                            [X-WC-Webhook-Event] => updated
                            [X-WC-Webhook-Signature] => m6Aa3Rl1t63gesGRyvJ0lircbXBnMjNx7tfWGAxl5bI=
                            [X-WC-Webhook-ID] => 2
                            [X-WC-Webhook-Delivery-ID] => 380e682251d58a56e1fce4c250a3c60a
                        )

                )

            [Body] => Webhook body is not logged unless WP_DEBUG mode is turned on. This is to avoid the storing of personal data in the logs.
            [Response] => Array
                (
                    [Code] => 200
                    [Message] => OK
                    [Headers] => WpOrg\Requests\Utility\CaseInsensitiveDictionary Object
                        (
                            [data:protected] => Array
                                (
                                    [content-length] => 34
                                    [content-type] => application/json; charset=utf-8
                                    [date] => Sun, 17 Mar 2024 15:08:49 GMT
                                    [etag] => W/"22-6OS7cK0FzqnV2NeDHdOSGS1bVUs"
                                    [strict-transport-security] => max-age=315360000; includeSubDomains; preload
                                    [vary] => Accept-Encoding
                                    [x-content-type-options] => nosniff
                                    [x-xss-protection] => 1; mode=block
                                )

                        )

                    [Body] => Webhook body is not logged unless WP_DEBUG mode is turned on. This is to avoid the storing of personal data in the logs.
                )

        )

)
2024-03-17T16:03:11+00:00 INFO Array
(
    [Webhook Delivery] => Array
        (
            [Delivery ID] => 0f823135c4f9f306f57ad6e0508ca999
            [Date] => Th3 17, 2024 @ 16:03
            [URL] => https://vn1.n8n.vn/webhook/test/order/updated
            [Duration] => 5.5983
            [Request] => Array
                (
                    [Method] => POST
                    [Headers] => Array
                        (
                            [User-Agent] => WooCommerce/8.6.1 Hookshot (WordPress/6.4.2)
                            [Content-Type] => application/json
                            [X-WC-Webhook-Source] => https://vovinamfusion.top/
                            [X-WC-Webhook-Topic] => order.updated
                            [X-WC-Webhook-Resource] => order
                            [X-WC-Webhook-Event] => updated
                            [X-WC-Webhook-Signature] => qFVXK3Ep13I1uJYypAExVPNMz5bkYDNtqwFNfoksPh4=
                            [X-WC-Webhook-ID] => 2
                            [X-WC-Webhook-Delivery-ID] => 0f823135c4f9f306f57ad6e0508ca999
                        )

                )

            [Body] => Webhook body is not logged unless WP_DEBUG mode is turned on. This is to avoid the storing of personal data in the logs.
            [Response] => Array
                (
                    [Code] => 200
                    [Message] => OK
                    [Headers] => WpOrg\Requests\Utility\CaseInsensitiveDictionary Object
                        (
                            [data:protected] => Array
                                (
                                    [content-length] => 34
                                    [content-type] => application/json; charset=utf-8
                                    [date] => Sun, 17 Mar 2024 16:03:11 GMT
                                    [etag] => W/"22-6OS7cK0FzqnV2NeDHdOSGS1bVUs"
                                    [strict-transport-security] => max-age=315360000; includeSubDomains; preload
                                    [vary] => Accept-Encoding
                                    [x-content-type-options] => nosniff
                                    [x-xss-protection] => 1; mode=block
                                )

                        )

                    [Body] => Webhook body is not logged unless WP_DEBUG mode is turned on. This is to avoid the storing of personal data in the logs.
                )

        )

)
2024-03-17T16:12:10+00:00 INFO Array
(
    [Webhook Delivery] => Array
        (
            [Delivery ID] => 7cba0b764972a69df7f3993dc1a142d5
            [Date] => Th3 17, 2024 @ 16:12
            [URL] => https://vn1.n8n.vn/webhook/test/order/updated
            [Duration] => 0.51762
            [Request] => Array
                (
                    [Method] => POST
                    [Headers] => Array
                        (
                            [User-Agent] => WooCommerce/8.6.1 Hookshot (WordPress/6.4.2)
                            [Content-Type] => application/json
                            [X-WC-Webhook-Source] => https://vovinamfusion.top/
                            [X-WC-Webhook-Topic] => order.updated
                            [X-WC-Webhook-Resource] => order
                            [X-WC-Webhook-Event] => updated
                            [X-WC-Webhook-Signature] => i577QSRVu8DLAeiOoFlcAJQYJJVdEKPlBqKgT3eL8wg=
                            [X-WC-Webhook-ID] => 2
                            [X-WC-Webhook-Delivery-ID] => 7cba0b764972a69df7f3993dc1a142d5
                        )

                )

            [Body] => Webhook body is not logged unless WP_DEBUG mode is turned on. This is to avoid the storing of personal data in the logs.
            [Response] => Array
                (
                    [Code] => 200
                    [Message] => OK
                    [Headers] => WpOrg\Requests\Utility\CaseInsensitiveDictionary Object
                        (
                            [data:protected] => Array
                                (
                                    [content-length] => 34
                                    [content-type] => application/json; charset=utf-8
                                    [date] => Sun, 17 Mar 2024 16:12:10 GMT
                                    [etag] => W/"22-6OS7cK0FzqnV2NeDHdOSGS1bVUs"
                                    [strict-transport-security] => max-age=315360000; includeSubDomains; preload
                                    [vary] => Accept-Encoding
                                    [x-content-type-options] => nosniff
                                    [x-xss-protection] => 1; mode=block
                                )

                        )

                    [Body] => Webhook body is not logged unless WP_DEBUG mode is turned on. This is to avoid the storing of personal data in the logs.
                )

        )

)
