2024-01-27T11:38:32+00:00 INFO Array
(
    [Webhook Delivery] => Array
        (
            [Delivery ID] => a414439fa87dc21c1887b9ed5df3f31b
            [Date] => Jan 27, 2024 @ 11:38
            [URL] => https://vn1.n8n.vn/webhook/test/order/updated
            [Duration] => 0.35587
            [Request] => Array
                (
                    [Method] => POST
                    [Headers] => Array
                        (
                            [User-Agent] => WooCommerce/8.4.0 Hookshot (WordPress/6.4.2)
                            [Content-Type] => application/json
                            [X-WC-Webhook-Source] => https://vovinamfusion.top/
                            [X-WC-Webhook-Topic] => order.updated
                            [X-WC-Webhook-Resource] => order
                            [X-WC-Webhook-Event] => updated
                            [X-WC-Webhook-Signature] => QGJ/h0K/K/iIjk72h1FkTxK/XJyosiIM3Zel2KUqtB8=
                            [X-WC-Webhook-ID] => 2
                            [X-WC-Webhook-Delivery-ID] => a414439fa87dc21c1887b9ed5df3f31b
                        )

                )

            [Body] => Webhook body is not logged unless WP_DEBUG mode is turned on. This is to avoid the storing of personal data in the logs.
            [Response] => Array
                (
                    [Code] => 200
                    [Message] => OK
                    [Headers] => WpOrg\Requests\Utility\CaseInsensitiveDictionary Object
                        (
                            [data:protected] => Array
                                (
                                    [content-length] => 34
                                    [content-type] => application/json; charset=utf-8
                                    [date] => Sat, 27 Jan 2024 11:38:32 GMT
                                    [etag] => W/"22-6OS7cK0FzqnV2NeDHdOSGS1bVUs"
                                    [strict-transport-security] => max-age=315360000; includeSubDomains; preload
                                    [vary] => Accept-Encoding
                                    [x-content-type-options] => nosniff
                                    [x-xss-protection] => 1; mode=block
                                )

                        )

                    [Body] => Webhook body is not logged unless WP_DEBUG mode is turned on. This is to avoid the storing of personal data in the logs.
                )

        )

)

2024-01-27T11:38:33+00:00 INFO Array
(
    [Webhook Delivery] => Array
        (
            [Delivery ID] => feef6e774f440ffe38d8c3bbca27b33b
            [Date] => Jan 27, 2024 @ 11:38
            [URL] => https://vn1.n8n.vn/webhook/test/order/updated
            [Duration] => 0.22705
            [Request] => Array
                (
                    [Method] => POST
                    [Headers] => Array
                        (
                            [User-Agent] => WooCommerce/8.4.0 Hookshot (WordPress/6.4.2)
                            [Content-Type] => application/json
                            [X-WC-Webhook-Source] => https://vovinamfusion.top/
                            [X-WC-Webhook-Topic] => order.updated
                            [X-WC-Webhook-Resource] => order
                            [X-WC-Webhook-Event] => updated
                            [X-WC-Webhook-Signature] => 2wcX9M+E6Qu0N4UIdm4c5rChtW8kCWdwWos4ciA6x0s=
                            [X-WC-Webhook-ID] => 2
                            [X-WC-Webhook-Delivery-ID] => feef6e774f440ffe38d8c3bbca27b33b
                        )

                )

            [Body] => Webhook body is not logged unless WP_DEBUG mode is turned on. This is to avoid the storing of personal data in the logs.
            [Response] => Array
                (
                    [Code] => 200
                    [Message] => OK
                    [Headers] => WpOrg\Requests\Utility\CaseInsensitiveDictionary Object
                        (
                            [data:protected] => Array
                                (
                                    [content-length] => 34
                                    [content-type] => application/json; charset=utf-8
                                    [date] => Sat, 27 Jan 2024 11:38:33 GMT
                                    [etag] => W/"22-6OS7cK0FzqnV2NeDHdOSGS1bVUs"
                                    [strict-transport-security] => max-age=315360000; includeSubDomains; preload
                                    [vary] => Accept-Encoding
                                    [x-content-type-options] => nosniff
                                    [x-xss-protection] => 1; mode=block
                                )

                        )

                    [Body] => Webhook body is not logged unless WP_DEBUG mode is turned on. This is to avoid the storing of personal data in the logs.
                )

        )

)

2024-01-27T11:38:57+00:00 INFO Array
(
    [Webhook Delivery] => Array
        (
            [Delivery ID] => 372115e90b1d8d87ccc2df6ee1ac6eb8
            [Date] => Jan 27, 2024 @ 11:38
            [URL] => https://vn1.n8n.vn/webhook/test/order/updated
            [Duration] => 0.34994
            [Request] => Array
                (
                    [Method] => POST
                    [Headers] => Array
                        (
                            [User-Agent] => WooCommerce/8.4.0 Hookshot (WordPress/6.4.2)
                            [Content-Type] => application/json
                            [X-WC-Webhook-Source] => https://vovinamfusion.top/
                            [X-WC-Webhook-Topic] => order.updated
                            [X-WC-Webhook-Resource] => order
                            [X-WC-Webhook-Event] => updated
                            [X-WC-Webhook-Signature] => 0DpA3WQqsjctnBG75DFPva2ElgwFHAUm62Vpu3jlSnA=
                            [X-WC-Webhook-ID] => 2
                            [X-WC-Webhook-Delivery-ID] => 372115e90b1d8d87ccc2df6ee1ac6eb8
                        )

                )

            [Body] => Webhook body is not logged unless WP_DEBUG mode is turned on. This is to avoid the storing of personal data in the logs.
            [Response] => Array
                (
                    [Code] => 200
                    [Message] => OK
                    [Headers] => WpOrg\Requests\Utility\CaseInsensitiveDictionary Object
                        (
                            [data:protected] => Array
                                (
                                    [content-length] => 34
                                    [content-type] => application/json; charset=utf-8
                                    [date] => Sat, 27 Jan 2024 11:38:57 GMT
                                    [etag] => W/"22-6OS7cK0FzqnV2NeDHdOSGS1bVUs"
                                    [strict-transport-security] => max-age=315360000; includeSubDomains; preload
                                    [vary] => Accept-Encoding
                                    [x-content-type-options] => nosniff
                                    [x-xss-protection] => 1; mode=block
                                )

                        )

                    [Body] => Webhook body is not logged unless WP_DEBUG mode is turned on. This is to avoid the storing of personal data in the logs.
                )

        )

)

2024-01-27T11:45:57+00:00 INFO Array
(
    [Webhook Delivery] => Array
        (
            [Delivery ID] => 7546ccae2b50d0e504399bdf8390797a
            [Date] => Jan 27, 2024 @ 11:45
            [URL] => https://vn1.n8n.vn/webhook/test/order/updated
            [Duration] => 0.37482
            [Request] => Array
                (
                    [Method] => POST
                    [Headers] => Array
                        (
                            [User-Agent] => WooCommerce/8.4.0 Hookshot (WordPress/6.4.2)
                            [Content-Type] => application/json
                            [X-WC-Webhook-Source] => https://vovinamfusion.top/
                            [X-WC-Webhook-Topic] => order.updated
                            [X-WC-Webhook-Resource] => order
                            [X-WC-Webhook-Event] => updated
                            [X-WC-Webhook-Signature] => BvWCzrPMXafuQlkp4PZfJA8Yz90tvnTsSOhAAkFUQlE=
                            [X-WC-Webhook-ID] => 2
                            [X-WC-Webhook-Delivery-ID] => 7546ccae2b50d0e504399bdf8390797a
                        )

                )

            [Body] => Webhook body is not logged unless WP_DEBUG mode is turned on. This is to avoid the storing of personal data in the logs.
            [Response] => Array
                (
                    [Code] => 200
                    [Message] => OK
                    [Headers] => WpOrg\Requests\Utility\CaseInsensitiveDictionary Object
                        (
                            [data:protected] => Array
                                (
                                    [content-length] => 34
                                    [content-type] => application/json; charset=utf-8
                                    [date] => Sat, 27 Jan 2024 11:45:57 GMT
                                    [etag] => W/"22-6OS7cK0FzqnV2NeDHdOSGS1bVUs"
                                    [strict-transport-security] => max-age=315360000; includeSubDomains; preload
                                    [vary] => Accept-Encoding
                                    [x-content-type-options] => nosniff
                                    [x-xss-protection] => 1; mode=block
                                )

                        )

                    [Body] => Webhook body is not logged unless WP_DEBUG mode is turned on. This is to avoid the storing of personal data in the logs.
                )

        )

)

2024-01-27T11:46:59+00:00 INFO Array
(
    [Webhook Delivery] => Array
        (
            [Delivery ID] => 0a41ea8348a2e49ba68ea25bacd7dde0
            [Date] => Jan 27, 2024 @ 11:46
            [URL] => https://vn1.n8n.vn/webhook/test/order/updated
            [Duration] => 0.36646
            [Request] => Array
                (
                    [Method] => POST
                    [Headers] => Array
                        (
                            [User-Agent] => WooCommerce/8.4.0 Hookshot (WordPress/6.4.2)
                            [Content-Type] => application/json
                            [X-WC-Webhook-Source] => https://vovinamfusion.top/
                            [X-WC-Webhook-Topic] => order.updated
                            [X-WC-Webhook-Resource] => order
                            [X-WC-Webhook-Event] => updated
                            [X-WC-Webhook-Signature] => BNHkq7pR4Jde2QAIm5vtua6eQfvLqHgv4WH+ytMuupQ=
                            [X-WC-Webhook-ID] => 2
                            [X-WC-Webhook-Delivery-ID] => 0a41ea8348a2e49ba68ea25bacd7dde0
                        )

                )

            [Body] => Webhook body is not logged unless WP_DEBUG mode is turned on. This is to avoid the storing of personal data in the logs.
            [Response] => Array
                (
                    [Code] => 200
                    [Message] => OK
                    [Headers] => WpOrg\Requests\Utility\CaseInsensitiveDictionary Object
                        (
                            [data:protected] => Array
                                (
                                    [content-length] => 34
                                    [content-type] => application/json; charset=utf-8
                                    [date] => Sat, 27 Jan 2024 11:46:59 GMT
                                    [etag] => W/"22-6OS7cK0FzqnV2NeDHdOSGS1bVUs"
                                    [strict-transport-security] => max-age=315360000; includeSubDomains; preload
                                    [vary] => Accept-Encoding
                                    [x-content-type-options] => nosniff
                                    [x-xss-protection] => 1; mode=block
                                )

                        )

                    [Body] => Webhook body is not logged unless WP_DEBUG mode is turned on. This is to avoid the storing of personal data in the logs.
                )

        )

)

2024-01-27T11:47:58+00:00 INFO Array
(
    [Webhook Delivery] => Array
        (
            [Delivery ID] => 9a62f6f9078374aa2f301b7241180965
            [Date] => Jan 27, 2024 @ 11:47
            [URL] => https://vn1.n8n.vn/webhook/test/order/updated
            [Duration] => 0.34656
            [Request] => Array
                (
                    [Method] => POST
                    [Headers] => Array
                        (
                            [User-Agent] => WooCommerce/8.4.0 Hookshot (WordPress/6.4.2)
                            [Content-Type] => application/json
                            [X-WC-Webhook-Source] => https://vovinamfusion.top/
                            [X-WC-Webhook-Topic] => order.updated
                            [X-WC-Webhook-Resource] => order
                            [X-WC-Webhook-Event] => updated
                            [X-WC-Webhook-Signature] => +dqSAnjyp7auQryOkLocbV8XLdVAp2qQEAiTmagr+/s=
                            [X-WC-Webhook-ID] => 2
                            [X-WC-Webhook-Delivery-ID] => 9a62f6f9078374aa2f301b7241180965
                        )

                )

            [Body] => Webhook body is not logged unless WP_DEBUG mode is turned on. This is to avoid the storing of personal data in the logs.
            [Response] => Array
                (
                    [Code] => 200
                    [Message] => OK
                    [Headers] => WpOrg\Requests\Utility\CaseInsensitiveDictionary Object
                        (
                            [data:protected] => Array
                                (
                                    [content-length] => 34
                                    [content-type] => application/json; charset=utf-8
                                    [date] => Sat, 27 Jan 2024 11:47:58 GMT
                                    [etag] => W/"22-6OS7cK0FzqnV2NeDHdOSGS1bVUs"
                                    [strict-transport-security] => max-age=315360000; includeSubDomains; preload
                                    [vary] => Accept-Encoding
                                    [x-content-type-options] => nosniff
                                    [x-xss-protection] => 1; mode=block
                                )

                        )

                    [Body] => Webhook body is not logged unless WP_DEBUG mode is turned on. This is to avoid the storing of personal data in the logs.
                )

        )

)

2024-01-27T11:47:58+00:00 INFO Array
(
    [Webhook Delivery] => Array
        (
            [Delivery ID] => 9a62f6f9078374aa2f301b7241180965
            [Date] => Jan 27, 2024 @ 11:47
            [URL] => https://vn1.n8n.vn/webhook/test/order/updated
            [Duration] => 0.25733
            [Request] => Array
                (
                    [Method] => POST
                    [Headers] => Array
                        (
                            [User-Agent] => WooCommerce/8.4.0 Hookshot (WordPress/6.4.2)
                            [Content-Type] => application/json
                            [X-WC-Webhook-Source] => https://vovinamfusion.top/
                            [X-WC-Webhook-Topic] => order.updated
                            [X-WC-Webhook-Resource] => order
                            [X-WC-Webhook-Event] => updated
                            [X-WC-Webhook-Signature] => 5hgPHZMe/NXgGfbiC13vBAYRf0Pwppob77pGQFiKKVs=
                            [X-WC-Webhook-ID] => 2
                            [X-WC-Webhook-Delivery-ID] => 9a62f6f9078374aa2f301b7241180965
                        )

                )

            [Body] => Webhook body is not logged unless WP_DEBUG mode is turned on. This is to avoid the storing of personal data in the logs.
            [Response] => Array
                (
                    [Code] => 200
                    [Message] => OK
                    [Headers] => WpOrg\Requests\Utility\CaseInsensitiveDictionary Object
                        (
                            [data:protected] => Array
                                (
                                    [content-length] => 34
                                    [content-type] => application/json; charset=utf-8
                                    [date] => Sat, 27 Jan 2024 11:47:58 GMT
                                    [etag] => W/"22-6OS7cK0FzqnV2NeDHdOSGS1bVUs"
                                    [strict-transport-security] => max-age=315360000; includeSubDomains; preload
                                    [vary] => Accept-Encoding
                                    [x-content-type-options] => nosniff
                                    [x-xss-protection] => 1; mode=block
                                )

                        )

                    [Body] => Webhook body is not logged unless WP_DEBUG mode is turned on. This is to avoid the storing of personal data in the logs.
                )

        )

)

2024-01-27T11:48:59+00:00 INFO Array
(
    [Webhook Delivery] => Array
        (
            [Delivery ID] => 1c4d6c77c290401ad49107df8aafaddf
            [Date] => Jan 27, 2024 @ 11:48
            [URL] => https://vn1.n8n.vn/webhook/test/order/updated
            [Duration] => 0.35849
            [Request] => Array
                (
                    [Method] => POST
                    [Headers] => Array
                        (
                            [User-Agent] => WooCommerce/8.4.0 Hookshot (WordPress/6.4.2)
                            [Content-Type] => application/json
                            [X-WC-Webhook-Source] => https://vovinamfusion.top/
                            [X-WC-Webhook-Topic] => order.updated
                            [X-WC-Webhook-Resource] => order
                            [X-WC-Webhook-Event] => updated
                            [X-WC-Webhook-Signature] => 7f5lHN7oCF257k1TmUcj8k5l2b7BTXnw8FdYWLcC/io=
                            [X-WC-Webhook-ID] => 2
                            [X-WC-Webhook-Delivery-ID] => 1c4d6c77c290401ad49107df8aafaddf
                        )

                )

            [Body] => Webhook body is not logged unless WP_DEBUG mode is turned on. This is to avoid the storing of personal data in the logs.
            [Response] => Array
                (
                    [Code] => 200
                    [Message] => OK
                    [Headers] => WpOrg\Requests\Utility\CaseInsensitiveDictionary Object
                        (
                            [data:protected] => Array
                                (
                                    [content-length] => 34
                                    [content-type] => application/json; charset=utf-8
                                    [date] => Sat, 27 Jan 2024 11:48:59 GMT
                                    [etag] => W/"22-6OS7cK0FzqnV2NeDHdOSGS1bVUs"
                                    [strict-transport-security] => max-age=315360000; includeSubDomains; preload
                                    [vary] => Accept-Encoding
                                    [x-content-type-options] => nosniff
                                    [x-xss-protection] => 1; mode=block
                                )

                        )

                    [Body] => Webhook body is not logged unless WP_DEBUG mode is turned on. This is to avoid the storing of personal data in the logs.
                )

        )

)

2024-01-27T11:49:58+00:00 INFO Array
(
    [Webhook Delivery] => Array
        (
            [Delivery ID] => fe90e281fb4f2b04e5851a770d8f4632
            [Date] => Jan 27, 2024 @ 11:49
            [URL] => https://vn1.n8n.vn/webhook/test/order/updated
            [Duration] => 0.34468
            [Request] => Array
                (
                    [Method] => POST
                    [Headers] => Array
                        (
                            [User-Agent] => WooCommerce/8.4.0 Hookshot (WordPress/6.4.2)
                            [Content-Type] => application/json
                            [X-WC-Webhook-Source] => https://vovinamfusion.top/
                            [X-WC-Webhook-Topic] => order.updated
                            [X-WC-Webhook-Resource] => order
                            [X-WC-Webhook-Event] => updated
                            [X-WC-Webhook-Signature] => Fq/VxytT9J+K//29G038klxjPIF+vUtR5XfpYdBAjuE=
                            [X-WC-Webhook-ID] => 2
                            [X-WC-Webhook-Delivery-ID] => fe90e281fb4f2b04e5851a770d8f4632
                        )

                )

            [Body] => Webhook body is not logged unless WP_DEBUG mode is turned on. This is to avoid the storing of personal data in the logs.
            [Response] => Array
                (
                    [Code] => 200
                    [Message] => OK
                    [Headers] => WpOrg\Requests\Utility\CaseInsensitiveDictionary Object
                        (
                            [data:protected] => Array
                                (
                                    [content-length] => 34
                                    [content-type] => application/json; charset=utf-8
                                    [date] => Sat, 27 Jan 2024 11:49:58 GMT
                                    [etag] => W/"22-6OS7cK0FzqnV2NeDHdOSGS1bVUs"
                                    [strict-transport-security] => max-age=315360000; includeSubDomains; preload
                                    [vary] => Accept-Encoding
                                    [x-content-type-options] => nosniff
                                    [x-xss-protection] => 1; mode=block
                                )

                        )

                    [Body] => Webhook body is not logged unless WP_DEBUG mode is turned on. This is to avoid the storing of personal data in the logs.
                )

        )

)

2024-01-27T11:50:45+00:00 INFO Array
(
    [Webhook Delivery] => Array
        (
            [Delivery ID] => b17682f72f25f695411888e1307cdd68
            [Date] => Jan 27, 2024 @ 11:50
            [URL] => https://vn1.n8n.vn/webhook/test/order/updated
            [Duration] => 0.31524
            [Request] => Array
                (
                    [Method] => POST
                    [Headers] => Array
                        (
                            [User-Agent] => WooCommerce/8.4.0 Hookshot (WordPress/6.4.2)
                            [Content-Type] => application/json
                            [X-WC-Webhook-Source] => https://vovinamfusion.top/
                            [X-WC-Webhook-Topic] => order.updated
                            [X-WC-Webhook-Resource] => order
                            [X-WC-Webhook-Event] => updated
                            [X-WC-Webhook-Signature] => wEaRhEdfG3DfBHo0BxMET1SsOOfUUcyOt1wlQ5cJ6SU=
                            [X-WC-Webhook-ID] => 2
                            [X-WC-Webhook-Delivery-ID] => b17682f72f25f695411888e1307cdd68
                        )

                )

            [Body] => Webhook body is not logged unless WP_DEBUG mode is turned on. This is to avoid the storing of personal data in the logs.
            [Response] => Array
                (
                    [Code] => 200
                    [Message] => OK
                    [Headers] => WpOrg\Requests\Utility\CaseInsensitiveDictionary Object
                        (
                            [data:protected] => Array
                                (
                                    [content-length] => 34
                                    [content-type] => application/json; charset=utf-8
                                    [date] => Sat, 27 Jan 2024 11:50:45 GMT
                                    [etag] => W/"22-6OS7cK0FzqnV2NeDHdOSGS1bVUs"
                                    [strict-transport-security] => max-age=315360000; includeSubDomains; preload
                                    [vary] => Accept-Encoding
                                    [x-content-type-options] => nosniff
                                    [x-xss-protection] => 1; mode=block
                                )

                        )

                    [Body] => Webhook body is not logged unless WP_DEBUG mode is turned on. This is to avoid the storing of personal data in the logs.
                )

        )

)

2024-01-27T11:51:49+00:00 INFO Array
(
    [Webhook Delivery] => Array
        (
            [Delivery ID] => 43991803f596986aae1cfe342f8bdc39
            [Date] => Jan 27, 2024 @ 11:51
            [URL] => https://vn1.n8n.vn/webhook/test/order/updated
            [Duration] => 0.36167
            [Request] => Array
                (
                    [Method] => POST
                    [Headers] => Array
                        (
                            [User-Agent] => WooCommerce/8.4.0 Hookshot (WordPress/6.4.2)
                            [Content-Type] => application/json
                            [X-WC-Webhook-Source] => https://vovinamfusion.top/
                            [X-WC-Webhook-Topic] => order.updated
                            [X-WC-Webhook-Resource] => order
                            [X-WC-Webhook-Event] => updated
                            [X-WC-Webhook-Signature] => HrWJu2kWM7CzShaDStnWRZsOm9KdtVeAPqBixga4ZPQ=
                            [X-WC-Webhook-ID] => 2
                            [X-WC-Webhook-Delivery-ID] => 43991803f596986aae1cfe342f8bdc39
                        )

                )

            [Body] => Webhook body is not logged unless WP_DEBUG mode is turned on. This is to avoid the storing of personal data in the logs.
            [Response] => Array
                (
                    [Code] => 200
                    [Message] => OK
                    [Headers] => WpOrg\Requests\Utility\CaseInsensitiveDictionary Object
                        (
                            [data:protected] => Array
                                (
                                    [content-length] => 34
                                    [content-type] => application/json; charset=utf-8
                                    [date] => Sat, 27 Jan 2024 11:51:49 GMT
                                    [etag] => W/"22-6OS7cK0FzqnV2NeDHdOSGS1bVUs"
                                    [strict-transport-security] => max-age=315360000; includeSubDomains; preload
                                    [vary] => Accept-Encoding
                                    [x-content-type-options] => nosniff
                                    [x-xss-protection] => 1; mode=block
                                )

                        )

                    [Body] => Webhook body is not logged unless WP_DEBUG mode is turned on. This is to avoid the storing of personal data in the logs.
                )

        )

)

2024-01-27T11:51:55+00:00 INFO Array
(
    [Webhook Delivery] => Array
        (
            [Delivery ID] => fd93e8be5aeab2fe1d31a0bd342e82ad
            [Date] => Jan 27, 2024 @ 11:51
            [URL] => https://vn1.n8n.vn/webhook/test/order/updated
            [Duration] => 0.36975
            [Request] => Array
                (
                    [Method] => POST
                    [Headers] => Array
                        (
                            [User-Agent] => WooCommerce/8.4.0 Hookshot (WordPress/6.4.2)
                            [Content-Type] => application/json
                            [X-WC-Webhook-Source] => https://vovinamfusion.top/
                            [X-WC-Webhook-Topic] => order.updated
                            [X-WC-Webhook-Resource] => order
                            [X-WC-Webhook-Event] => updated
                            [X-WC-Webhook-Signature] => wp//99KQACcfckYyM8pwGGy9GJDpnt8y0Bl3UVVIyv4=
                            [X-WC-Webhook-ID] => 2
                            [X-WC-Webhook-Delivery-ID] => fd93e8be5aeab2fe1d31a0bd342e82ad
                        )

                )

            [Body] => Webhook body is not logged unless WP_DEBUG mode is turned on. This is to avoid the storing of personal data in the logs.
            [Response] => Array
                (
                    [Code] => 200
                    [Message] => OK
                    [Headers] => WpOrg\Requests\Utility\CaseInsensitiveDictionary Object
                        (
                            [data:protected] => Array
                                (
                                    [content-length] => 34
                                    [content-type] => application/json; charset=utf-8
                                    [date] => Sat, 27 Jan 2024 11:51:55 GMT
                                    [etag] => W/"22-6OS7cK0FzqnV2NeDHdOSGS1bVUs"
                                    [strict-transport-security] => max-age=315360000; includeSubDomains; preload
                                    [vary] => Accept-Encoding
                                    [x-content-type-options] => nosniff
                                    [x-xss-protection] => 1; mode=block
                                )

                        )

                    [Body] => Webhook body is not logged unless WP_DEBUG mode is turned on. This is to avoid the storing of personal data in the logs.
                )

        )

)

2024-01-27T11:52:58+00:00 INFO Array
(
    [Webhook Delivery] => Array
        (
            [Delivery ID] => bfca8a0571a73dbd08f679095ae1b500
            [Date] => Jan 27, 2024 @ 11:52
            [URL] => https://vn1.n8n.vn/webhook/test/order/updated
            [Duration] => 0.33893
            [Request] => Array
                (
                    [Method] => POST
                    [Headers] => Array
                        (
                            [User-Agent] => WooCommerce/8.4.0 Hookshot (WordPress/6.4.2)
                            [Content-Type] => application/json
                            [X-WC-Webhook-Source] => https://vovinamfusion.top/
                            [X-WC-Webhook-Topic] => order.updated
                            [X-WC-Webhook-Resource] => order
                            [X-WC-Webhook-Event] => updated
                            [X-WC-Webhook-Signature] => hBgSbCySrZxcqU/rnB9EmA7S833w5WLQL4bItPjmYh4=
                            [X-WC-Webhook-ID] => 2
                            [X-WC-Webhook-Delivery-ID] => bfca8a0571a73dbd08f679095ae1b500
                        )

                )

            [Body] => Webhook body is not logged unless WP_DEBUG mode is turned on. This is to avoid the storing of personal data in the logs.
            [Response] => Array
                (
                    [Code] => 200
                    [Message] => OK
                    [Headers] => WpOrg\Requests\Utility\CaseInsensitiveDictionary Object
                        (
                            [data:protected] => Array
                                (
                                    [content-length] => 34
                                    [content-type] => application/json; charset=utf-8
                                    [date] => Sat, 27 Jan 2024 11:52:58 GMT
                                    [etag] => W/"22-6OS7cK0FzqnV2NeDHdOSGS1bVUs"
                                    [strict-transport-security] => max-age=315360000; includeSubDomains; preload
                                    [vary] => Accept-Encoding
                                    [x-content-type-options] => nosniff
                                    [x-xss-protection] => 1; mode=block
                                )

                        )

                    [Body] => Webhook body is not logged unless WP_DEBUG mode is turned on. This is to avoid the storing of personal data in the logs.
                )

        )

)

2024-01-27T11:53:58+00:00 INFO Array
(
    [Webhook Delivery] => Array
        (
            [Delivery ID] => edaf5d5a6c796f7b2286c290f95f6131
            [Date] => Jan 27, 2024 @ 11:53
            [URL] => https://vn1.n8n.vn/webhook/test/order/updated
            [Duration] => 0.32473
            [Request] => Array
                (
                    [Method] => POST
                    [Headers] => Array
                        (
                            [User-Agent] => WooCommerce/8.4.0 Hookshot (WordPress/6.4.2)
                            [Content-Type] => application/json
                            [X-WC-Webhook-Source] => https://vovinamfusion.top/
                            [X-WC-Webhook-Topic] => order.updated
                            [X-WC-Webhook-Resource] => order
                            [X-WC-Webhook-Event] => updated
                            [X-WC-Webhook-Signature] => vKTAieOSzp6LrqIiKYTXv1dMoq0+S1eWAgeE2BA0654=
                            [X-WC-Webhook-ID] => 2
                            [X-WC-Webhook-Delivery-ID] => edaf5d5a6c796f7b2286c290f95f6131
                        )

                )

            [Body] => Webhook body is not logged unless WP_DEBUG mode is turned on. This is to avoid the storing of personal data in the logs.
            [Response] => Array
                (
                    [Code] => 200
                    [Message] => OK
                    [Headers] => WpOrg\Requests\Utility\CaseInsensitiveDictionary Object
                        (
                            [data:protected] => Array
                                (
                                    [content-length] => 34
                                    [content-type] => application/json; charset=utf-8
                                    [date] => Sat, 27 Jan 2024 11:53:58 GMT
                                    [etag] => W/"22-6OS7cK0FzqnV2NeDHdOSGS1bVUs"
                                    [strict-transport-security] => max-age=315360000; includeSubDomains; preload
                                    [vary] => Accept-Encoding
                                    [x-content-type-options] => nosniff
                                    [x-xss-protection] => 1; mode=block
                                )

                        )

                    [Body] => Webhook body is not logged unless WP_DEBUG mode is turned on. This is to avoid the storing of personal data in the logs.
                )

        )

)

2024-01-27T11:54:58+00:00 INFO Array
(
    [Webhook Delivery] => Array
        (
            [Delivery ID] => 98d9a8c72317ea71e68bae0227c3f8ff
            [Date] => Jan 27, 2024 @ 11:54
            [URL] => https://vn1.n8n.vn/webhook/test/order/updated
            [Duration] => 0.33693
            [Request] => Array
                (
                    [Method] => POST
                    [Headers] => Array
                        (
                            [User-Agent] => WooCommerce/8.4.0 Hookshot (WordPress/6.4.2)
                            [Content-Type] => application/json
                            [X-WC-Webhook-Source] => https://vovinamfusion.top/
                            [X-WC-Webhook-Topic] => order.updated
                            [X-WC-Webhook-Resource] => order
                            [X-WC-Webhook-Event] => updated
                            [X-WC-Webhook-Signature] => Q+jQzTe+gMOV254zAocjuVpyHwp6QiiOBwKWoEP2YeE=
                            [X-WC-Webhook-ID] => 2
                            [X-WC-Webhook-Delivery-ID] => 98d9a8c72317ea71e68bae0227c3f8ff
                        )

                )

            [Body] => Webhook body is not logged unless WP_DEBUG mode is turned on. This is to avoid the storing of personal data in the logs.
            [Response] => Array
                (
                    [Code] => 200
                    [Message] => OK
                    [Headers] => WpOrg\Requests\Utility\CaseInsensitiveDictionary Object
                        (
                            [data:protected] => Array
                                (
                                    [content-length] => 34
                                    [content-type] => application/json; charset=utf-8
                                    [date] => Sat, 27 Jan 2024 11:54:58 GMT
                                    [etag] => W/"22-6OS7cK0FzqnV2NeDHdOSGS1bVUs"
                                    [strict-transport-security] => max-age=315360000; includeSubDomains; preload
                                    [vary] => Accept-Encoding
                                    [x-content-type-options] => nosniff
                                    [x-xss-protection] => 1; mode=block
                                )

                        )

                    [Body] => Webhook body is not logged unless WP_DEBUG mode is turned on. This is to avoid the storing of personal data in the logs.
                )

        )

)

2024-01-27T11:55:26+00:00 INFO Array
(
    [Webhook Delivery] => Array
        (
            [Delivery ID] => 3ce941fce914f52a4caf230fa07203d7
            [Date] => Jan 27, 2024 @ 11:55
            [URL] => https://vn1.n8n.vn/webhook/test/order/updated
            [Duration] => 0.33039
            [Request] => Array
                (
                    [Method] => POST
                    [Headers] => Array
                        (
                            [User-Agent] => WooCommerce/8.4.0 Hookshot (WordPress/6.4.2)
                            [Content-Type] => application/json
                            [X-WC-Webhook-Source] => https://vovinamfusion.top/
                            [X-WC-Webhook-Topic] => order.updated
                            [X-WC-Webhook-Resource] => order
                            [X-WC-Webhook-Event] => updated
                            [X-WC-Webhook-Signature] => Re50G3x0BSHmx4N8t0NiUMAh5YXPGXxFlVs7SQfIDWw=
                            [X-WC-Webhook-ID] => 2
                            [X-WC-Webhook-Delivery-ID] => 3ce941fce914f52a4caf230fa07203d7
                        )

                )

            [Body] => Webhook body is not logged unless WP_DEBUG mode is turned on. This is to avoid the storing of personal data in the logs.
            [Response] => Array
                (
                    [Code] => 200
                    [Message] => OK
                    [Headers] => WpOrg\Requests\Utility\CaseInsensitiveDictionary Object
                        (
                            [data:protected] => Array
                                (
                                    [content-length] => 34
                                    [content-type] => application/json; charset=utf-8
                                    [date] => Sat, 27 Jan 2024 11:55:26 GMT
                                    [etag] => W/"22-6OS7cK0FzqnV2NeDHdOSGS1bVUs"
                                    [strict-transport-security] => max-age=315360000; includeSubDomains; preload
                                    [vary] => Accept-Encoding
                                    [x-content-type-options] => nosniff
                                    [x-xss-protection] => 1; mode=block
                                )

                        )

                    [Body] => Webhook body is not logged unless WP_DEBUG mode is turned on. This is to avoid the storing of personal data in the logs.
                )

        )

)

2024-01-27T11:56:29+00:00 INFO Array
(
    [Webhook Delivery] => Array
        (
            [Delivery ID] => a27b1daf68c9c5fa4194947bedcea96e
            [Date] => Jan 27, 2024 @ 11:56
            [URL] => https://vn1.n8n.vn/webhook/test/order/updated
            [Duration] => 0.29911
            [Request] => Array
                (
                    [Method] => POST
                    [Headers] => Array
                        (
                            [User-Agent] => WooCommerce/8.4.0 Hookshot (WordPress/6.4.2)
                            [Content-Type] => application/json
                            [X-WC-Webhook-Source] => https://vovinamfusion.top/
                            [X-WC-Webhook-Topic] => order.updated
                            [X-WC-Webhook-Resource] => order
                            [X-WC-Webhook-Event] => updated
                            [X-WC-Webhook-Signature] => AHJ1DEjSdQTHH1ieew4iX32EXzq3AO8vVhXm+R8z3IQ=
                            [X-WC-Webhook-ID] => 2
                            [X-WC-Webhook-Delivery-ID] => a27b1daf68c9c5fa4194947bedcea96e
                        )

                )

            [Body] => Webhook body is not logged unless WP_DEBUG mode is turned on. This is to avoid the storing of personal data in the logs.
            [Response] => Array
                (
                    [Code] => 200
                    [Message] => OK
                    [Headers] => WpOrg\Requests\Utility\CaseInsensitiveDictionary Object
                        (
                            [data:protected] => Array
                                (
                                    [content-length] => 34
                                    [content-type] => application/json; charset=utf-8
                                    [date] => Sat, 27 Jan 2024 11:56:29 GMT
                                    [etag] => W/"22-6OS7cK0FzqnV2NeDHdOSGS1bVUs"
                                    [strict-transport-security] => max-age=315360000; includeSubDomains; preload
                                    [vary] => Accept-Encoding
                                    [x-content-type-options] => nosniff
                                    [x-xss-protection] => 1; mode=block
                                )

                        )

                    [Body] => Webhook body is not logged unless WP_DEBUG mode is turned on. This is to avoid the storing of personal data in the logs.
                )

        )

)

2024-01-27T11:56:58+00:00 INFO Array
(
    [Webhook Delivery] => Array
        (
            [Delivery ID] => 11d04d32f48fe740fb404e883b95cc62
            [Date] => Jan 27, 2024 @ 11:56
            [URL] => https://vn1.n8n.vn/webhook/test/order/updated
            [Duration] => 0.35716
            [Request] => Array
                (
                    [Method] => POST
                    [Headers] => Array
                        (
                            [User-Agent] => WooCommerce/8.4.0 Hookshot (WordPress/6.4.2)
                            [Content-Type] => application/json
                            [X-WC-Webhook-Source] => https://vovinamfusion.top/
                            [X-WC-Webhook-Topic] => order.updated
                            [X-WC-Webhook-Resource] => order
                            [X-WC-Webhook-Event] => updated
                            [X-WC-Webhook-Signature] => 7X/xzM++dWgXlhjlQjRJ0aVn1ktepLfC7TXJiJvpJXM=
                            [X-WC-Webhook-ID] => 2
                            [X-WC-Webhook-Delivery-ID] => 11d04d32f48fe740fb404e883b95cc62
                        )

                )

            [Body] => Webhook body is not logged unless WP_DEBUG mode is turned on. This is to avoid the storing of personal data in the logs.
            [Response] => Array
                (
                    [Code] => 200
                    [Message] => OK
                    [Headers] => WpOrg\Requests\Utility\CaseInsensitiveDictionary Object
                        (
                            [data:protected] => Array
                                (
                                    [content-length] => 34
                                    [content-type] => application/json; charset=utf-8
                                    [date] => Sat, 27 Jan 2024 11:56:58 GMT
                                    [etag] => W/"22-6OS7cK0FzqnV2NeDHdOSGS1bVUs"
                                    [strict-transport-security] => max-age=315360000; includeSubDomains; preload
                                    [vary] => Accept-Encoding
                                    [x-content-type-options] => nosniff
                                    [x-xss-protection] => 1; mode=block
                                )

                        )

                    [Body] => Webhook body is not logged unless WP_DEBUG mode is turned on. This is to avoid the storing of personal data in the logs.
                )

        )

)

2024-01-27T11:57:57+00:00 INFO Array
(
    [Webhook Delivery] => Array
        (
            [Delivery ID] => afd59b7d5beb375506348401b35c7aab
            [Date] => Jan 27, 2024 @ 11:57
            [URL] => https://vn1.n8n.vn/webhook/test/order/updated
            [Duration] => 0.35531
            [Request] => Array
                (
                    [Method] => POST
                    [Headers] => Array
                        (
                            [User-Agent] => WooCommerce/8.4.0 Hookshot (WordPress/6.4.2)
                            [Content-Type] => application/json
                            [X-WC-Webhook-Source] => https://vovinamfusion.top/
                            [X-WC-Webhook-Topic] => order.updated
                            [X-WC-Webhook-Resource] => order
                            [X-WC-Webhook-Event] => updated
                            [X-WC-Webhook-Signature] => ushrGq37AWn22Eus0p85hOESqf8I2Zv+tEEK3L09K38=
                            [X-WC-Webhook-ID] => 2
                            [X-WC-Webhook-Delivery-ID] => afd59b7d5beb375506348401b35c7aab
                        )

                )

            [Body] => Webhook body is not logged unless WP_DEBUG mode is turned on. This is to avoid the storing of personal data in the logs.
            [Response] => Array
                (
                    [Code] => 200
                    [Message] => OK
                    [Headers] => WpOrg\Requests\Utility\CaseInsensitiveDictionary Object
                        (
                            [data:protected] => Array
                                (
                                    [content-length] => 34
                                    [content-type] => application/json; charset=utf-8
                                    [date] => Sat, 27 Jan 2024 11:57:57 GMT
                                    [etag] => W/"22-6OS7cK0FzqnV2NeDHdOSGS1bVUs"
                                    [strict-transport-security] => max-age=315360000; includeSubDomains; preload
                                    [vary] => Accept-Encoding
                                    [x-content-type-options] => nosniff
                                    [x-xss-protection] => 1; mode=block
                                )

                        )

                    [Body] => Webhook body is not logged unless WP_DEBUG mode is turned on. This is to avoid the storing of personal data in the logs.
                )

        )

)

2024-01-27T11:58:53+00:00 INFO Array
(
    [Webhook Delivery] => Array
        (
            [Delivery ID] => d4abdb35c174b1fdeb2a29f00cf4e603
            [Date] => Jan 27, 2024 @ 11:58
            [URL] => https://vn1.n8n.vn/webhook/test/order/updated
            [Duration] => 0.34932
            [Request] => Array
                (
                    [Method] => POST
                    [Headers] => Array
                        (
                            [User-Agent] => WooCommerce/8.4.0 Hookshot (WordPress/6.4.2)
                            [Content-Type] => application/json
                            [X-WC-Webhook-Source] => https://vovinamfusion.top/
                            [X-WC-Webhook-Topic] => order.updated
                            [X-WC-Webhook-Resource] => order
                            [X-WC-Webhook-Event] => updated
                            [X-WC-Webhook-Signature] => btZMqMOUVR185LIlItA2AD8FrUZ9CQPFimGAJv/A4fM=
                            [X-WC-Webhook-ID] => 2
                            [X-WC-Webhook-Delivery-ID] => d4abdb35c174b1fdeb2a29f00cf4e603
                        )

                )

            [Body] => Webhook body is not logged unless WP_DEBUG mode is turned on. This is to avoid the storing of personal data in the logs.
            [Response] => Array
                (
                    [Code] => 200
                    [Message] => OK
                    [Headers] => WpOrg\Requests\Utility\CaseInsensitiveDictionary Object
                        (
                            [data:protected] => Array
                                (
                                    [content-length] => 34
                                    [content-type] => application/json; charset=utf-8
                                    [date] => Sat, 27 Jan 2024 11:58:53 GMT
                                    [etag] => W/"22-6OS7cK0FzqnV2NeDHdOSGS1bVUs"
                                    [strict-transport-security] => max-age=315360000; includeSubDomains; preload
                                    [vary] => Accept-Encoding
                                    [x-content-type-options] => nosniff
                                    [x-xss-protection] => 1; mode=block
                                )

                        )

                    [Body] => Webhook body is not logged unless WP_DEBUG mode is turned on. This is to avoid the storing of personal data in the logs.
                )

        )

)

2024-01-27T11:59:58+00:00 INFO Array
(
    [Webhook Delivery] => Array
        (
            [Delivery ID] => da3bba3f4c4313e8d67c78f4f5d22c06
            [Date] => Jan 27, 2024 @ 11:59
            [URL] => https://vn1.n8n.vn/webhook/test/order/updated
            [Duration] => 0.34412
            [Request] => Array
                (
                    [Method] => POST
                    [Headers] => Array
                        (
                            [User-Agent] => WooCommerce/8.4.0 Hookshot (WordPress/6.4.2)
                            [Content-Type] => application/json
                            [X-WC-Webhook-Source] => https://vovinamfusion.top/
                            [X-WC-Webhook-Topic] => order.updated
                            [X-WC-Webhook-Resource] => order
                            [X-WC-Webhook-Event] => updated
                            [X-WC-Webhook-Signature] => fe6BVcZwb531Z3HrSsVimYiWXwHWW5+tkF/QHHc4a6c=
                            [X-WC-Webhook-ID] => 2
                            [X-WC-Webhook-Delivery-ID] => da3bba3f4c4313e8d67c78f4f5d22c06
                        )

                )

            [Body] => Webhook body is not logged unless WP_DEBUG mode is turned on. This is to avoid the storing of personal data in the logs.
            [Response] => Array
                (
                    [Code] => 200
                    [Message] => OK
                    [Headers] => WpOrg\Requests\Utility\CaseInsensitiveDictionary Object
                        (
                            [data:protected] => Array
                                (
                                    [content-length] => 34
                                    [content-type] => application/json; charset=utf-8
                                    [date] => Sat, 27 Jan 2024 11:59:58 GMT
                                    [etag] => W/"22-6OS7cK0FzqnV2NeDHdOSGS1bVUs"
                                    [strict-transport-security] => max-age=315360000; includeSubDomains; preload
                                    [vary] => Accept-Encoding
                                    [x-content-type-options] => nosniff
                                    [x-xss-protection] => 1; mode=block
                                )

                        )

                    [Body] => Webhook body is not logged unless WP_DEBUG mode is turned on. This is to avoid the storing of personal data in the logs.
                )

        )

)

2024-01-27T12:00:58+00:00 INFO Array
(
    [Webhook Delivery] => Array
        (
            [Delivery ID] => 6046d4cecde70fffae4a14bff39801d5
            [Date] => Jan 27, 2024 @ 12:00
            [URL] => https://vn1.n8n.vn/webhook/test/order/updated
            [Duration] => 0.36279
            [Request] => Array
                (
                    [Method] => POST
                    [Headers] => Array
                        (
                            [User-Agent] => WooCommerce/8.4.0 Hookshot (WordPress/6.4.2)
                            [Content-Type] => application/json
                            [X-WC-Webhook-Source] => https://vovinamfusion.top/
                            [X-WC-Webhook-Topic] => order.updated
                            [X-WC-Webhook-Resource] => order
                            [X-WC-Webhook-Event] => updated
                            [X-WC-Webhook-Signature] => nGk/ehwBBWNqGqfPhgfYYoI3DHT6Cn+4c07jOWpEvZs=
                            [X-WC-Webhook-ID] => 2
                            [X-WC-Webhook-Delivery-ID] => 6046d4cecde70fffae4a14bff39801d5
                        )

                )

            [Body] => Webhook body is not logged unless WP_DEBUG mode is turned on. This is to avoid the storing of personal data in the logs.
            [Response] => Array
                (
                    [Code] => 200
                    [Message] => OK
                    [Headers] => WpOrg\Requests\Utility\CaseInsensitiveDictionary Object
                        (
                            [data:protected] => Array
                                (
                                    [content-length] => 34
                                    [content-type] => application/json; charset=utf-8
                                    [date] => Sat, 27 Jan 2024 12:00:58 GMT
                                    [etag] => W/"22-6OS7cK0FzqnV2NeDHdOSGS1bVUs"
                                    [strict-transport-security] => max-age=315360000; includeSubDomains; preload
                                    [vary] => Accept-Encoding
                                    [x-content-type-options] => nosniff
                                    [x-xss-protection] => 1; mode=block
                                )

                        )

                    [Body] => Webhook body is not logged unless WP_DEBUG mode is turned on. This is to avoid the storing of personal data in the logs.
                )

        )

)

2024-01-27T12:00:58+00:00 INFO Array
(
    [Webhook Delivery] => Array
        (
            [Delivery ID] => 5b59a8b10a5ec4732e5536121fa8b483
            [Date] => Jan 27, 2024 @ 12:00
            [URL] => https://vn1.n8n.vn/webhook/test/order/updated
            [Duration] => 0.21684
            [Request] => Array
                (
                    [Method] => POST
                    [Headers] => Array
                        (
                            [User-Agent] => WooCommerce/8.4.0 Hookshot (WordPress/6.4.2)
                            [Content-Type] => application/json
                            [X-WC-Webhook-Source] => https://vovinamfusion.top/
                            [X-WC-Webhook-Topic] => order.updated
                            [X-WC-Webhook-Resource] => order
                            [X-WC-Webhook-Event] => updated
                            [X-WC-Webhook-Signature] => CdvCww9y1ixGxGF+e1TGUK/u9oH1BZHLWikm98pjXcM=
                            [X-WC-Webhook-ID] => 2
                            [X-WC-Webhook-Delivery-ID] => 5b59a8b10a5ec4732e5536121fa8b483
                        )

                )

            [Body] => Webhook body is not logged unless WP_DEBUG mode is turned on. This is to avoid the storing of personal data in the logs.
            [Response] => Array
                (
                    [Code] => 200
                    [Message] => OK
                    [Headers] => WpOrg\Requests\Utility\CaseInsensitiveDictionary Object
                        (
                            [data:protected] => Array
                                (
                                    [content-length] => 34
                                    [content-type] => application/json; charset=utf-8
                                    [date] => Sat, 27 Jan 2024 12:00:58 GMT
                                    [etag] => W/"22-6OS7cK0FzqnV2NeDHdOSGS1bVUs"
                                    [strict-transport-security] => max-age=315360000; includeSubDomains; preload
                                    [vary] => Accept-Encoding
                                    [x-content-type-options] => nosniff
                                    [x-xss-protection] => 1; mode=block
                                )

                        )

                    [Body] => Webhook body is not logged unless WP_DEBUG mode is turned on. This is to avoid the storing of personal data in the logs.
                )

        )

)

2024-01-27T12:01:11+00:00 INFO Array
(
    [Webhook Delivery] => Array
        (
            [Delivery ID] => 8c015bd18aedacf5c430cd067d5cf719
            [Date] => Jan 27, 2024 @ 12:01
            [URL] => https://vn1.n8n.vn/webhook/test/order/updated
            [Duration] => 0.31457
            [Request] => Array
                (
                    [Method] => POST
                    [Headers] => Array
                        (
                            [User-Agent] => WooCommerce/8.4.0 Hookshot (WordPress/6.4.2)
                            [Content-Type] => application/json
                            [X-WC-Webhook-Source] => https://vovinamfusion.top/
                            [X-WC-Webhook-Topic] => order.updated
                            [X-WC-Webhook-Resource] => order
                            [X-WC-Webhook-Event] => updated
                            [X-WC-Webhook-Signature] => ym55Gh7vHKxssWL2P1JI+6mr9op5F9eGTdGWLjQ7abw=
                            [X-WC-Webhook-ID] => 2
                            [X-WC-Webhook-Delivery-ID] => 8c015bd18aedacf5c430cd067d5cf719
                        )

                )

            [Body] => Webhook body is not logged unless WP_DEBUG mode is turned on. This is to avoid the storing of personal data in the logs.
            [Response] => Array
                (
                    [Code] => 200
                    [Message] => OK
                    [Headers] => WpOrg\Requests\Utility\CaseInsensitiveDictionary Object
                        (
                            [data:protected] => Array
                                (
                                    [content-length] => 34
                                    [content-type] => application/json; charset=utf-8
                                    [date] => Sat, 27 Jan 2024 12:01:11 GMT
                                    [etag] => W/"22-6OS7cK0FzqnV2NeDHdOSGS1bVUs"
                                    [strict-transport-security] => max-age=315360000; includeSubDomains; preload
                                    [vary] => Accept-Encoding
                                    [x-content-type-options] => nosniff
                                    [x-xss-protection] => 1; mode=block
                                )

                        )

                    [Body] => Webhook body is not logged unless WP_DEBUG mode is turned on. This is to avoid the storing of personal data in the logs.
                )

        )

)

2024-01-27T12:01:23+00:00 INFO Array
(
    [Webhook Delivery] => Array
        (
            [Delivery ID] => bee6bfb756f0ff988c49409941efbbd3
            [Date] => Jan 27, 2024 @ 12:01
            [URL] => https://vn1.n8n.vn/webhook/test/order/updated
            [Duration] => 0.32005
            [Request] => Array
                (
                    [Method] => POST
                    [Headers] => Array
                        (
                            [User-Agent] => WooCommerce/8.4.0 Hookshot (WordPress/6.4.2)
                            [Content-Type] => application/json
                            [X-WC-Webhook-Source] => https://vovinamfusion.top/
                            [X-WC-Webhook-Topic] => order.updated
                            [X-WC-Webhook-Resource] => order
                            [X-WC-Webhook-Event] => updated
                            [X-WC-Webhook-Signature] => 8u09Ogtjphy8H8DfSb5q/ZI2x2w/9cQj4R+/509uz4U=
                            [X-WC-Webhook-ID] => 2
                            [X-WC-Webhook-Delivery-ID] => bee6bfb756f0ff988c49409941efbbd3
                        )

                )

            [Body] => Webhook body is not logged unless WP_DEBUG mode is turned on. This is to avoid the storing of personal data in the logs.
            [Response] => Array
                (
                    [Code] => 200
                    [Message] => OK
                    [Headers] => WpOrg\Requests\Utility\CaseInsensitiveDictionary Object
                        (
                            [data:protected] => Array
                                (
                                    [content-length] => 34
                                    [content-type] => application/json; charset=utf-8
                                    [date] => Sat, 27 Jan 2024 12:01:23 GMT
                                    [etag] => W/"22-6OS7cK0FzqnV2NeDHdOSGS1bVUs"
                                    [strict-transport-security] => max-age=315360000; includeSubDomains; preload
                                    [vary] => Accept-Encoding
                                    [x-content-type-options] => nosniff
                                    [x-xss-protection] => 1; mode=block
                                )

                        )

                    [Body] => Webhook body is not logged unless WP_DEBUG mode is turned on. This is to avoid the storing of personal data in the logs.
                )

        )

)

2024-01-27T12:01:58+00:00 INFO Array
(
    [Webhook Delivery] => Array
        (
            [Delivery ID] => bb37cfa0966502f943726e1a2d601f35
            [Date] => Jan 27, 2024 @ 12:01
            [URL] => https://vn1.n8n.vn/webhook/test/order/updated
            [Duration] => 0.30364
            [Request] => Array
                (
                    [Method] => POST
                    [Headers] => Array
                        (
                            [User-Agent] => WooCommerce/8.4.0 Hookshot (WordPress/6.4.2)
                            [Content-Type] => application/json
                            [X-WC-Webhook-Source] => https://vovinamfusion.top/
                            [X-WC-Webhook-Topic] => order.updated
                            [X-WC-Webhook-Resource] => order
                            [X-WC-Webhook-Event] => updated
                            [X-WC-Webhook-Signature] => 7jpDG/NbcVVWdmQazUfTL/zFZJ+p7VXYLGBDtfJvxLw=
                            [X-WC-Webhook-ID] => 2
                            [X-WC-Webhook-Delivery-ID] => bb37cfa0966502f943726e1a2d601f35
                        )

                )

            [Body] => Webhook body is not logged unless WP_DEBUG mode is turned on. This is to avoid the storing of personal data in the logs.
            [Response] => Array
                (
                    [Code] => 200
                    [Message] => OK
                    [Headers] => WpOrg\Requests\Utility\CaseInsensitiveDictionary Object
                        (
                            [data:protected] => Array
                                (
                                    [content-length] => 34
                                    [content-type] => application/json; charset=utf-8
                                    [date] => Sat, 27 Jan 2024 12:01:58 GMT
                                    [etag] => W/"22-6OS7cK0FzqnV2NeDHdOSGS1bVUs"
                                    [strict-transport-security] => max-age=315360000; includeSubDomains; preload
                                    [vary] => Accept-Encoding
                                    [x-content-type-options] => nosniff
                                    [x-xss-protection] => 1; mode=block
                                )

                        )

                    [Body] => Webhook body is not logged unless WP_DEBUG mode is turned on. This is to avoid the storing of personal data in the logs.
                )

        )

)

2024-01-27T12:02:58+00:00 INFO Array
(
    [Webhook Delivery] => Array
        (
            [Delivery ID] => 04e3ba4eb89788a1dcff151620917513
            [Date] => Jan 27, 2024 @ 12:02
            [URL] => https://vn1.n8n.vn/webhook/test/order/updated
            [Duration] => 0.34905
            [Request] => Array
                (
                    [Method] => POST
                    [Headers] => Array
                        (
                            [User-Agent] => WooCommerce/8.4.0 Hookshot (WordPress/6.4.2)
                            [Content-Type] => application/json
                            [X-WC-Webhook-Source] => https://vovinamfusion.top/
                            [X-WC-Webhook-Topic] => order.updated
                            [X-WC-Webhook-Resource] => order
                            [X-WC-Webhook-Event] => updated
                            [X-WC-Webhook-Signature] => 0KDF6DHqb+xpHeZmwVk8VWT4UvzrddR2VGSCgx3ekVg=
                            [X-WC-Webhook-ID] => 2
                            [X-WC-Webhook-Delivery-ID] => 04e3ba4eb89788a1dcff151620917513
                        )

                )

            [Body] => Webhook body is not logged unless WP_DEBUG mode is turned on. This is to avoid the storing of personal data in the logs.
            [Response] => Array
                (
                    [Code] => 200
                    [Message] => OK
                    [Headers] => WpOrg\Requests\Utility\CaseInsensitiveDictionary Object
                        (
                            [data:protected] => Array
                                (
                                    [content-length] => 34
                                    [content-type] => application/json; charset=utf-8
                                    [date] => Sat, 27 Jan 2024 12:02:58 GMT
                                    [etag] => W/"22-6OS7cK0FzqnV2NeDHdOSGS1bVUs"
                                    [strict-transport-security] => max-age=315360000; includeSubDomains; preload
                                    [vary] => Accept-Encoding
                                    [x-content-type-options] => nosniff
                                    [x-xss-protection] => 1; mode=block
                                )

                        )

                    [Body] => Webhook body is not logged unless WP_DEBUG mode is turned on. This is to avoid the storing of personal data in the logs.
                )

        )

)

2024-01-27T12:03:38+00:00 INFO Array
(
    [Webhook Delivery] => Array
        (
            [Delivery ID] => 26fa9addb6ab758b44dd1ef655f42544
            [Date] => Jan 27, 2024 @ 12:03
            [URL] => https://vn1.n8n.vn/webhook/test/order/updated
            [Duration] => 0.3001
            [Request] => Array
                (
                    [Method] => POST
                    [Headers] => Array
                        (
                            [User-Agent] => WooCommerce/8.4.0 Hookshot (WordPress/6.4.2)
                            [Content-Type] => application/json
                            [X-WC-Webhook-Source] => https://vovinamfusion.top/
                            [X-WC-Webhook-Topic] => order.updated
                            [X-WC-Webhook-Resource] => order
                            [X-WC-Webhook-Event] => updated
                            [X-WC-Webhook-Signature] => kIgvDX3HvKxx//Ja3GxWMGk7jlI0rKNH7e42QCeYQtI=
                            [X-WC-Webhook-ID] => 2
                            [X-WC-Webhook-Delivery-ID] => 26fa9addb6ab758b44dd1ef655f42544
                        )

                )

            [Body] => Webhook body is not logged unless WP_DEBUG mode is turned on. This is to avoid the storing of personal data in the logs.
            [Response] => Array
                (
                    [Code] => 200
                    [Message] => OK
                    [Headers] => WpOrg\Requests\Utility\CaseInsensitiveDictionary Object
                        (
                            [data:protected] => Array
                                (
                                    [content-length] => 34
                                    [content-type] => application/json; charset=utf-8
                                    [date] => Sat, 27 Jan 2024 12:03:38 GMT
                                    [etag] => W/"22-6OS7cK0FzqnV2NeDHdOSGS1bVUs"
                                    [strict-transport-security] => max-age=315360000; includeSubDomains; preload
                                    [vary] => Accept-Encoding
                                    [x-content-type-options] => nosniff
                                    [x-xss-protection] => 1; mode=block
                                )

                        )

                    [Body] => Webhook body is not logged unless WP_DEBUG mode is turned on. This is to avoid the storing of personal data in the logs.
                )

        )

)

2024-01-27T12:03:59+00:00 INFO Array
(
    [Webhook Delivery] => Array
        (
            [Delivery ID] => 9f07f72d436be7fe0a91626b12e5be8c
            [Date] => Jan 27, 2024 @ 12:03
            [URL] => https://vn1.n8n.vn/webhook/test/order/updated
            [Duration] => 0.3391
            [Request] => Array
                (
                    [Method] => POST
                    [Headers] => Array
                        (
                            [User-Agent] => WooCommerce/8.4.0 Hookshot (WordPress/6.4.2)
                            [Content-Type] => application/json
                            [X-WC-Webhook-Source] => https://vovinamfusion.top/
                            [X-WC-Webhook-Topic] => order.updated
                            [X-WC-Webhook-Resource] => order
                            [X-WC-Webhook-Event] => updated
                            [X-WC-Webhook-Signature] => ZMYNl/KRVwY0Arg/4qVrPMIa5OWi4MVSJVGb8Yti/oc=
                            [X-WC-Webhook-ID] => 2
                            [X-WC-Webhook-Delivery-ID] => 9f07f72d436be7fe0a91626b12e5be8c
                        )

                )

            [Body] => Webhook body is not logged unless WP_DEBUG mode is turned on. This is to avoid the storing of personal data in the logs.
            [Response] => Array
                (
                    [Code] => 200
                    [Message] => OK
                    [Headers] => WpOrg\Requests\Utility\CaseInsensitiveDictionary Object
                        (
                            [data:protected] => Array
                                (
                                    [content-length] => 34
                                    [content-type] => application/json; charset=utf-8
                                    [date] => Sat, 27 Jan 2024 12:03:59 GMT
                                    [etag] => W/"22-6OS7cK0FzqnV2NeDHdOSGS1bVUs"
                                    [strict-transport-security] => max-age=315360000; includeSubDomains; preload
                                    [vary] => Accept-Encoding
                                    [x-content-type-options] => nosniff
                                    [x-xss-protection] => 1; mode=block
                                )

                        )

                    [Body] => Webhook body is not logged unless WP_DEBUG mode is turned on. This is to avoid the storing of personal data in the logs.
                )

        )

)

2024-01-27T12:04:58+00:00 INFO Array
(
    [Webhook Delivery] => Array
        (
            [Delivery ID] => 290de09f69a8169f78fcead8a7f216b2
            [Date] => Jan 27, 2024 @ 12:04
            [URL] => https://vn1.n8n.vn/webhook/test/order/updated
            [Duration] => 0.32492
            [Request] => Array
                (
                    [Method] => POST
                    [Headers] => Array
                        (
                            [User-Agent] => WooCommerce/8.4.0 Hookshot (WordPress/6.4.2)
                            [Content-Type] => application/json
                            [X-WC-Webhook-Source] => https://vovinamfusion.top/
                            [X-WC-Webhook-Topic] => order.updated
                            [X-WC-Webhook-Resource] => order
                            [X-WC-Webhook-Event] => updated
                            [X-WC-Webhook-Signature] => reo563XqBRkW6gbfsZ6SDq+OmNujPEFzvRTkXbIoSDM=
                            [X-WC-Webhook-ID] => 2
                            [X-WC-Webhook-Delivery-ID] => 290de09f69a8169f78fcead8a7f216b2
                        )

                )

            [Body] => Webhook body is not logged unless WP_DEBUG mode is turned on. This is to avoid the storing of personal data in the logs.
            [Response] => Array
                (
                    [Code] => 200
                    [Message] => OK
                    [Headers] => WpOrg\Requests\Utility\CaseInsensitiveDictionary Object
                        (
                            [data:protected] => Array
                                (
                                    [content-length] => 34
                                    [content-type] => application/json; charset=utf-8
                                    [date] => Sat, 27 Jan 2024 12:04:58 GMT
                                    [etag] => W/"22-6OS7cK0FzqnV2NeDHdOSGS1bVUs"
                                    [strict-transport-security] => max-age=315360000; includeSubDomains; preload
                                    [vary] => Accept-Encoding
                                    [x-content-type-options] => nosniff
                                    [x-xss-protection] => 1; mode=block
                                )

                        )

                    [Body] => Webhook body is not logged unless WP_DEBUG mode is turned on. This is to avoid the storing of personal data in the logs.
                )

        )

)

2024-01-27T12:06:00+00:00 INFO Array
(
    [Webhook Delivery] => Array
        (
            [Delivery ID] => 26ffe43e8f9ecfa1de79b65cd0021609
            [Date] => Jan 27, 2024 @ 12:06
            [URL] => https://vn1.n8n.vn/webhook/test/order/updated
            [Duration] => 0.36249
            [Request] => Array
                (
                    [Method] => POST
                    [Headers] => Array
                        (
                            [User-Agent] => WooCommerce/8.4.0 Hookshot (WordPress/6.4.2)
                            [Content-Type] => application/json
                            [X-WC-Webhook-Source] => https://vovinamfusion.top/
                            [X-WC-Webhook-Topic] => order.updated
                            [X-WC-Webhook-Resource] => order
                            [X-WC-Webhook-Event] => updated
                            [X-WC-Webhook-Signature] => sVe8xb85/DMUmhPfSd476Za1mY8vAqtfvl0901zCjHA=
                            [X-WC-Webhook-ID] => 2
                            [X-WC-Webhook-Delivery-ID] => 26ffe43e8f9ecfa1de79b65cd0021609
                        )

                )

            [Body] => Webhook body is not logged unless WP_DEBUG mode is turned on. This is to avoid the storing of personal data in the logs.
            [Response] => Array
                (
                    [Code] => 200
                    [Message] => OK
                    [Headers] => WpOrg\Requests\Utility\CaseInsensitiveDictionary Object
                        (
                            [data:protected] => Array
                                (
                                    [content-length] => 34
                                    [content-type] => application/json; charset=utf-8
                                    [date] => Sat, 27 Jan 2024 12:06:00 GMT
                                    [etag] => W/"22-6OS7cK0FzqnV2NeDHdOSGS1bVUs"
                                    [strict-transport-security] => max-age=315360000; includeSubDomains; preload
                                    [vary] => Accept-Encoding
                                    [x-content-type-options] => nosniff
                                    [x-xss-protection] => 1; mode=block
                                )

                        )

                    [Body] => Webhook body is not logged unless WP_DEBUG mode is turned on. This is to avoid the storing of personal data in the logs.
                )

        )

)

2024-01-27T12:06:07+00:00 INFO Array
(
    [Webhook Delivery] => Array
        (
            [Delivery ID] => 8494b21137e7b217273c41dd7c22f3b9
            [Date] => Jan 27, 2024 @ 12:06
            [URL] => https://vn1.n8n.vn/webhook/test/order/updated
            [Duration] => 0.3108
            [Request] => Array
                (
                    [Method] => POST
                    [Headers] => Array
                        (
                            [User-Agent] => WooCommerce/8.4.0 Hookshot (WordPress/6.4.2)
                            [Content-Type] => application/json
                            [X-WC-Webhook-Source] => https://vovinamfusion.top/
                            [X-WC-Webhook-Topic] => order.updated
                            [X-WC-Webhook-Resource] => order
                            [X-WC-Webhook-Event] => updated
                            [X-WC-Webhook-Signature] => A/ZLfOlybmvm19SZjbn4ehVPqFYgW+tL8uJF3EpItnM=
                            [X-WC-Webhook-ID] => 2
                            [X-WC-Webhook-Delivery-ID] => 8494b21137e7b217273c41dd7c22f3b9
                        )

                )

            [Body] => Webhook body is not logged unless WP_DEBUG mode is turned on. This is to avoid the storing of personal data in the logs.
            [Response] => Array
                (
                    [Code] => 200
                    [Message] => OK
                    [Headers] => WpOrg\Requests\Utility\CaseInsensitiveDictionary Object
                        (
                            [data:protected] => Array
                                (
                                    [content-length] => 34
                                    [content-type] => application/json; charset=utf-8
                                    [date] => Sat, 27 Jan 2024 12:06:07 GMT
                                    [etag] => W/"22-6OS7cK0FzqnV2NeDHdOSGS1bVUs"
                                    [strict-transport-security] => max-age=315360000; includeSubDomains; preload
                                    [vary] => Accept-Encoding
                                    [x-content-type-options] => nosniff
                                    [x-xss-protection] => 1; mode=block
                                )

                        )

                    [Body] => Webhook body is not logged unless WP_DEBUG mode is turned on. This is to avoid the storing of personal data in the logs.
                )

        )

)

2024-01-27T12:06:58+00:00 INFO Array
(
    [Webhook Delivery] => Array
        (
            [Delivery ID] => 556f8b38dc5465446c946506affd8ae6
            [Date] => Jan 27, 2024 @ 12:06
            [URL] => https://vn1.n8n.vn/webhook/test/order/updated
            [Duration] => 0.36033
            [Request] => Array
                (
                    [Method] => POST
                    [Headers] => Array
                        (
                            [User-Agent] => WooCommerce/8.4.0 Hookshot (WordPress/6.4.2)
                            [Content-Type] => application/json
                            [X-WC-Webhook-Source] => https://vovinamfusion.top/
                            [X-WC-Webhook-Topic] => order.updated
                            [X-WC-Webhook-Resource] => order
                            [X-WC-Webhook-Event] => updated
                            [X-WC-Webhook-Signature] => FDdc5Jb77mfADjEwZAlDjGUtxhwAsw74I9u15IEll9A=
                            [X-WC-Webhook-ID] => 2
                            [X-WC-Webhook-Delivery-ID] => 556f8b38dc5465446c946506affd8ae6
                        )

                )

            [Body] => Webhook body is not logged unless WP_DEBUG mode is turned on. This is to avoid the storing of personal data in the logs.
            [Response] => Array
                (
                    [Code] => 200
                    [Message] => OK
                    [Headers] => WpOrg\Requests\Utility\CaseInsensitiveDictionary Object
                        (
                            [data:protected] => Array
                                (
                                    [content-length] => 34
                                    [content-type] => application/json; charset=utf-8
                                    [date] => Sat, 27 Jan 2024 12:06:58 GMT
                                    [etag] => W/"22-6OS7cK0FzqnV2NeDHdOSGS1bVUs"
                                    [strict-transport-security] => max-age=315360000; includeSubDomains; preload
                                    [vary] => Accept-Encoding
                                    [x-content-type-options] => nosniff
                                    [x-xss-protection] => 1; mode=block
                                )

                        )

                    [Body] => Webhook body is not logged unless WP_DEBUG mode is turned on. This is to avoid the storing of personal data in the logs.
                )

        )

)

2024-01-27T12:06:58+00:00 INFO Array
(
    [Webhook Delivery] => Array
        (
            [Delivery ID] => 556f8b38dc5465446c946506affd8ae6
            [Date] => Jan 27, 2024 @ 12:06
            [URL] => https://vn1.n8n.vn/webhook/test/order/updated
            [Duration] => 0.23071
            [Request] => Array
                (
                    [Method] => POST
                    [Headers] => Array
                        (
                            [User-Agent] => WooCommerce/8.4.0 Hookshot (WordPress/6.4.2)
                            [Content-Type] => application/json
                            [X-WC-Webhook-Source] => https://vovinamfusion.top/
                            [X-WC-Webhook-Topic] => order.updated
                            [X-WC-Webhook-Resource] => order
                            [X-WC-Webhook-Event] => updated
                            [X-WC-Webhook-Signature] => 9I9kuiNiRFUjfA4xg/Ild5H0p8RViymZYKLl60zoojI=
                            [X-WC-Webhook-ID] => 2
                            [X-WC-Webhook-Delivery-ID] => 556f8b38dc5465446c946506affd8ae6
                        )

                )

            [Body] => Webhook body is not logged unless WP_DEBUG mode is turned on. This is to avoid the storing of personal data in the logs.
            [Response] => Array
                (
                    [Code] => 200
                    [Message] => OK
                    [Headers] => WpOrg\Requests\Utility\CaseInsensitiveDictionary Object
                        (
                            [data:protected] => Array
                                (
                                    [content-length] => 34
                                    [content-type] => application/json; charset=utf-8
                                    [date] => Sat, 27 Jan 2024 12:06:58 GMT
                                    [etag] => W/"22-6OS7cK0FzqnV2NeDHdOSGS1bVUs"
                                    [strict-transport-security] => max-age=315360000; includeSubDomains; preload
                                    [vary] => Accept-Encoding
                                    [x-content-type-options] => nosniff
                                    [x-xss-protection] => 1; mode=block
                                )

                        )

                    [Body] => Webhook body is not logged unless WP_DEBUG mode is turned on. This is to avoid the storing of personal data in the logs.
                )

        )

)

2024-01-27T12:07:18+00:00 INFO Array
(
    [Webhook Delivery] => Array
        (
            [Delivery ID] => fcd58c32ec492e141f0b3fe3e2e88d3d
            [Date] => Jan 27, 2024 @ 12:07
            [URL] => https://vn1.n8n.vn/webhook/test/order/updated
            [Duration] => 0.33333
            [Request] => Array
                (
                    [Method] => POST
                    [Headers] => Array
                        (
                            [User-Agent] => WooCommerce/8.4.0 Hookshot (WordPress/6.4.2)
                            [Content-Type] => application/json
                            [X-WC-Webhook-Source] => https://vovinamfusion.top/
                            [X-WC-Webhook-Topic] => order.updated
                            [X-WC-Webhook-Resource] => order
                            [X-WC-Webhook-Event] => updated
                            [X-WC-Webhook-Signature] => BXDcdfgf97cionvQTzMOstqn3bbivfd1SYYaQGpjUAc=
                            [X-WC-Webhook-ID] => 2
                            [X-WC-Webhook-Delivery-ID] => fcd58c32ec492e141f0b3fe3e2e88d3d
                        )

                )

            [Body] => Webhook body is not logged unless WP_DEBUG mode is turned on. This is to avoid the storing of personal data in the logs.
            [Response] => Array
                (
                    [Code] => 200
                    [Message] => OK
                    [Headers] => WpOrg\Requests\Utility\CaseInsensitiveDictionary Object
                        (
                            [data:protected] => Array
                                (
                                    [content-length] => 34
                                    [content-type] => application/json; charset=utf-8
                                    [date] => Sat, 27 Jan 2024 12:07:18 GMT
                                    [etag] => W/"22-6OS7cK0FzqnV2NeDHdOSGS1bVUs"
                                    [strict-transport-security] => max-age=315360000; includeSubDomains; preload
                                    [vary] => Accept-Encoding
                                    [x-content-type-options] => nosniff
                                    [x-xss-protection] => 1; mode=block
                                )

                        )

                    [Body] => Webhook body is not logged unless WP_DEBUG mode is turned on. This is to avoid the storing of personal data in the logs.
                )

        )

)

2024-01-27T12:07:24+00:00 INFO Array
(
    [Webhook Delivery] => Array
        (
            [Delivery ID] => e41d2b142e3aae9ecd33df656e7dc605
            [Date] => Jan 27, 2024 @ 12:07
            [URL] => https://vn1.n8n.vn/webhook/test/order/updated
            [Duration] => 0.29797
            [Request] => Array
                (
                    [Method] => POST
                    [Headers] => Array
                        (
                            [User-Agent] => WooCommerce/8.4.0 Hookshot (WordPress/6.4.2)
                            [Content-Type] => application/json
                            [X-WC-Webhook-Source] => https://vovinamfusion.top/
                            [X-WC-Webhook-Topic] => order.updated
                            [X-WC-Webhook-Resource] => order
                            [X-WC-Webhook-Event] => updated
                            [X-WC-Webhook-Signature] => AcgdLobM23LuUQjbgL2L03QUvo21RCU/SIdo4cf601Y=
                            [X-WC-Webhook-ID] => 2
                            [X-WC-Webhook-Delivery-ID] => e41d2b142e3aae9ecd33df656e7dc605
                        )

                )

            [Body] => Webhook body is not logged unless WP_DEBUG mode is turned on. This is to avoid the storing of personal data in the logs.
            [Response] => Array
                (
                    [Code] => 200
                    [Message] => OK
                    [Headers] => WpOrg\Requests\Utility\CaseInsensitiveDictionary Object
                        (
                            [data:protected] => Array
                                (
                                    [content-length] => 34
                                    [content-type] => application/json; charset=utf-8
                                    [date] => Sat, 27 Jan 2024 12:07:24 GMT
                                    [etag] => W/"22-6OS7cK0FzqnV2NeDHdOSGS1bVUs"
                                    [strict-transport-security] => max-age=315360000; includeSubDomains; preload
                                    [vary] => Accept-Encoding
                                    [x-content-type-options] => nosniff
                                    [x-xss-protection] => 1; mode=block
                                )

                        )

                    [Body] => Webhook body is not logged unless WP_DEBUG mode is turned on. This is to avoid the storing of personal data in the logs.
                )

        )

)

2024-01-27T12:08:30+00:00 INFO Array
(
    [Webhook Delivery] => Array
        (
            [Delivery ID] => 591c421ea03107b0b6e76175e2ac71cd
            [Date] => Jan 27, 2024 @ 12:08
            [URL] => https://vn1.n8n.vn/webhook/test/order/updated
            [Duration] => 0.29938
            [Request] => Array
                (
                    [Method] => POST
                    [Headers] => Array
                        (
                            [User-Agent] => WooCommerce/8.4.0 Hookshot (WordPress/6.4.2)
                            [Content-Type] => application/json
                            [X-WC-Webhook-Source] => https://vovinamfusion.top/
                            [X-WC-Webhook-Topic] => order.updated
                            [X-WC-Webhook-Resource] => order
                            [X-WC-Webhook-Event] => updated
                            [X-WC-Webhook-Signature] => ibASfpfBTh+sn1SSW9cxo/buGvweOOjKaLX23P7HPDI=
                            [X-WC-Webhook-ID] => 2
                            [X-WC-Webhook-Delivery-ID] => 591c421ea03107b0b6e76175e2ac71cd
                        )

                )

            [Body] => Webhook body is not logged unless WP_DEBUG mode is turned on. This is to avoid the storing of personal data in the logs.
            [Response] => Array
                (
                    [Code] => 200
                    [Message] => OK
                    [Headers] => WpOrg\Requests\Utility\CaseInsensitiveDictionary Object
                        (
                            [data:protected] => Array
                                (
                                    [content-length] => 34
                                    [content-type] => application/json; charset=utf-8
                                    [date] => Sat, 27 Jan 2024 12:08:30 GMT
                                    [etag] => W/"22-6OS7cK0FzqnV2NeDHdOSGS1bVUs"
                                    [strict-transport-security] => max-age=315360000; includeSubDomains; preload
                                    [vary] => Accept-Encoding
                                    [x-content-type-options] => nosniff
                                    [x-xss-protection] => 1; mode=block
                                )

                        )

                    [Body] => Webhook body is not logged unless WP_DEBUG mode is turned on. This is to avoid the storing of personal data in the logs.
                )

        )

)

2024-01-27T12:08:30+00:00 INFO Array
(
    [Webhook Delivery] => Array
        (
            [Delivery ID] => 591c421ea03107b0b6e76175e2ac71cd
            [Date] => Jan 27, 2024 @ 12:08
            [URL] => https://vn1.n8n.vn/webhook/test/order/updated
            [Duration] => 0.23578
            [Request] => Array
                (
                    [Method] => POST
                    [Headers] => Array
                        (
                            [User-Agent] => WooCommerce/8.4.0 Hookshot (WordPress/6.4.2)
                            [Content-Type] => application/json
                            [X-WC-Webhook-Source] => https://vovinamfusion.top/
                            [X-WC-Webhook-Topic] => order.updated
                            [X-WC-Webhook-Resource] => order
                            [X-WC-Webhook-Event] => updated
                            [X-WC-Webhook-Signature] => Af+jZhBX/a+tdtCfAVSz2IXw/yh4Zql0jBsISsBikGQ=
                            [X-WC-Webhook-ID] => 2
                            [X-WC-Webhook-Delivery-ID] => 591c421ea03107b0b6e76175e2ac71cd
                        )

                )

            [Body] => Webhook body is not logged unless WP_DEBUG mode is turned on. This is to avoid the storing of personal data in the logs.
            [Response] => Array
                (
                    [Code] => 200
                    [Message] => OK
                    [Headers] => WpOrg\Requests\Utility\CaseInsensitiveDictionary Object
                        (
                            [data:protected] => Array
                                (
                                    [content-length] => 34
                                    [content-type] => application/json; charset=utf-8
                                    [date] => Sat, 27 Jan 2024 12:08:30 GMT
                                    [etag] => W/"22-6OS7cK0FzqnV2NeDHdOSGS1bVUs"
                                    [strict-transport-security] => max-age=315360000; includeSubDomains; preload
                                    [vary] => Accept-Encoding
                                    [x-content-type-options] => nosniff
                                    [x-xss-protection] => 1; mode=block
                                )

                        )

                    [Body] => Webhook body is not logged unless WP_DEBUG mode is turned on. This is to avoid the storing of personal data in the logs.
                )

        )

)

2024-01-27T12:08:36+00:00 INFO Array
(
    [Webhook Delivery] => Array
        (
            [Delivery ID] => d81a15d983d27ee4bb5ecedb2eb81842
            [Date] => Jan 27, 2024 @ 12:08
            [URL] => https://vn1.n8n.vn/webhook/test/order/updated
            [Duration] => 0.29357
            [Request] => Array
                (
                    [Method] => POST
                    [Headers] => Array
                        (
                            [User-Agent] => WooCommerce/8.4.0 Hookshot (WordPress/6.4.2)
                            [Content-Type] => application/json
                            [X-WC-Webhook-Source] => https://vovinamfusion.top/
                            [X-WC-Webhook-Topic] => order.updated
                            [X-WC-Webhook-Resource] => order
                            [X-WC-Webhook-Event] => updated
                            [X-WC-Webhook-Signature] => aJ5A5BAknDgk8QcwALvO4ZYmOTscXgRIfNJm6UDcxYs=
                            [X-WC-Webhook-ID] => 2
                            [X-WC-Webhook-Delivery-ID] => d81a15d983d27ee4bb5ecedb2eb81842
                        )

                )

            [Body] => Webhook body is not logged unless WP_DEBUG mode is turned on. This is to avoid the storing of personal data in the logs.
            [Response] => Array
                (
                    [Code] => 200
                    [Message] => OK
                    [Headers] => WpOrg\Requests\Utility\CaseInsensitiveDictionary Object
                        (
                            [data:protected] => Array
                                (
                                    [content-length] => 34
                                    [content-type] => application/json; charset=utf-8
                                    [date] => Sat, 27 Jan 2024 12:08:36 GMT
                                    [etag] => W/"22-6OS7cK0FzqnV2NeDHdOSGS1bVUs"
                                    [strict-transport-security] => max-age=315360000; includeSubDomains; preload
                                    [vary] => Accept-Encoding
                                    [x-content-type-options] => nosniff
                                    [x-xss-protection] => 1; mode=block
                                )

                        )

                    [Body] => Webhook body is not logged unless WP_DEBUG mode is turned on. This is to avoid the storing of personal data in the logs.
                )

        )

)

2024-01-27T12:08:42+00:00 INFO Array
(
    [Webhook Delivery] => Array
        (
            [Delivery ID] => 844e7c4d459eddddb2ec6b054686e923
            [Date] => Jan 27, 2024 @ 12:08
            [URL] => https://vn1.n8n.vn/webhook/test/order/updated
            [Duration] => 0.32176
            [Request] => Array
                (
                    [Method] => POST
                    [Headers] => Array
                        (
                            [User-Agent] => WooCommerce/8.4.0 Hookshot (WordPress/6.4.2)
                            [Content-Type] => application/json
                            [X-WC-Webhook-Source] => https://vovinamfusion.top/
                            [X-WC-Webhook-Topic] => order.updated
                            [X-WC-Webhook-Resource] => order
                            [X-WC-Webhook-Event] => updated
                            [X-WC-Webhook-Signature] => tR3x95QGENStfP2E70iOkhbzayExV4tT6C1XHbM4ujY=
                            [X-WC-Webhook-ID] => 2
                            [X-WC-Webhook-Delivery-ID] => 844e7c4d459eddddb2ec6b054686e923
                        )

                )

            [Body] => Webhook body is not logged unless WP_DEBUG mode is turned on. This is to avoid the storing of personal data in the logs.
            [Response] => Array
                (
                    [Code] => 200
                    [Message] => OK
                    [Headers] => WpOrg\Requests\Utility\CaseInsensitiveDictionary Object
                        (
                            [data:protected] => Array
                                (
                                    [content-length] => 34
                                    [content-type] => application/json; charset=utf-8
                                    [date] => Sat, 27 Jan 2024 12:08:42 GMT
                                    [etag] => W/"22-6OS7cK0FzqnV2NeDHdOSGS1bVUs"
                                    [strict-transport-security] => max-age=315360000; includeSubDomains; preload
                                    [vary] => Accept-Encoding
                                    [x-content-type-options] => nosniff
                                    [x-xss-protection] => 1; mode=block
                                )

                        )

                    [Body] => Webhook body is not logged unless WP_DEBUG mode is turned on. This is to avoid the storing of personal data in the logs.
                )

        )

)

2024-01-27T12:08:48+00:00 INFO Array
(
    [Webhook Delivery] => Array
        (
            [Delivery ID] => c7ba2da551ec47e958e8963f801c5202
            [Date] => Jan 27, 2024 @ 12:08
            [URL] => https://vn1.n8n.vn/webhook/test/order/updated
            [Duration] => 0.29054
            [Request] => Array
                (
                    [Method] => POST
                    [Headers] => Array
                        (
                            [User-Agent] => WooCommerce/8.4.0 Hookshot (WordPress/6.4.2)
                            [Content-Type] => application/json
                            [X-WC-Webhook-Source] => https://vovinamfusion.top/
                            [X-WC-Webhook-Topic] => order.updated
                            [X-WC-Webhook-Resource] => order
                            [X-WC-Webhook-Event] => updated
                            [X-WC-Webhook-Signature] => RjFKlUNq/5Q4/i1J4l5GQksmVBPxjTnSn6avCii2fAA=
                            [X-WC-Webhook-ID] => 2
                            [X-WC-Webhook-Delivery-ID] => c7ba2da551ec47e958e8963f801c5202
                        )

                )

            [Body] => Webhook body is not logged unless WP_DEBUG mode is turned on. This is to avoid the storing of personal data in the logs.
            [Response] => Array
                (
                    [Code] => 200
                    [Message] => OK
                    [Headers] => WpOrg\Requests\Utility\CaseInsensitiveDictionary Object
                        (
                            [data:protected] => Array
                                (
                                    [content-length] => 34
                                    [content-type] => application/json; charset=utf-8
                                    [date] => Sat, 27 Jan 2024 12:08:48 GMT
                                    [etag] => W/"22-6OS7cK0FzqnV2NeDHdOSGS1bVUs"
                                    [strict-transport-security] => max-age=315360000; includeSubDomains; preload
                                    [vary] => Accept-Encoding
                                    [x-content-type-options] => nosniff
                                    [x-xss-protection] => 1; mode=block
                                )

                        )

                    [Body] => Webhook body is not logged unless WP_DEBUG mode is turned on. This is to avoid the storing of personal data in the logs.
                )

        )

)

2024-01-27T12:08:54+00:00 INFO Array
(
    [Webhook Delivery] => Array
        (
            [Delivery ID] => 4941457f97ac55b63bc7ba24693440e0
            [Date] => Jan 27, 2024 @ 12:08
            [URL] => https://vn1.n8n.vn/webhook/test/order/updated
            [Duration] => 0.30615
            [Request] => Array
                (
                    [Method] => POST
                    [Headers] => Array
                        (
                            [User-Agent] => WooCommerce/8.4.0 Hookshot (WordPress/6.4.2)
                            [Content-Type] => application/json
                            [X-WC-Webhook-Source] => https://vovinamfusion.top/
                            [X-WC-Webhook-Topic] => order.updated
                            [X-WC-Webhook-Resource] => order
                            [X-WC-Webhook-Event] => updated
                            [X-WC-Webhook-Signature] => B/LfWA3Rsf7KsB7be5NOOzMFu6Ozu2FOG/ogxLtvEuM=
                            [X-WC-Webhook-ID] => 2
                            [X-WC-Webhook-Delivery-ID] => 4941457f97ac55b63bc7ba24693440e0
                        )

                )

            [Body] => Webhook body is not logged unless WP_DEBUG mode is turned on. This is to avoid the storing of personal data in the logs.
            [Response] => Array
                (
                    [Code] => 200
                    [Message] => OK
                    [Headers] => WpOrg\Requests\Utility\CaseInsensitiveDictionary Object
                        (
                            [data:protected] => Array
                                (
                                    [content-length] => 34
                                    [content-type] => application/json; charset=utf-8
                                    [date] => Sat, 27 Jan 2024 12:08:54 GMT
                                    [etag] => W/"22-6OS7cK0FzqnV2NeDHdOSGS1bVUs"
                                    [strict-transport-security] => max-age=315360000; includeSubDomains; preload
                                    [vary] => Accept-Encoding
                                    [x-content-type-options] => nosniff
                                    [x-xss-protection] => 1; mode=block
                                )

                        )

                    [Body] => Webhook body is not logged unless WP_DEBUG mode is turned on. This is to avoid the storing of personal data in the logs.
                )

        )

)

2024-01-27T12:09:31+00:00 INFO Array
(
    [Webhook Delivery] => Array
        (
            [Delivery ID] => 33047a41f91b32016735cc5b30f258e5
            [Date] => Jan 27, 2024 @ 12:09
            [URL] => https://vn1.n8n.vn/webhook/test/order/updated
            [Duration] => 0.29893
            [Request] => Array
                (
                    [Method] => POST
                    [Headers] => Array
                        (
                            [User-Agent] => WooCommerce/8.4.0 Hookshot (WordPress/6.4.2)
                            [Content-Type] => application/json
                            [X-WC-Webhook-Source] => https://vovinamfusion.top/
                            [X-WC-Webhook-Topic] => order.updated
                            [X-WC-Webhook-Resource] => order
                            [X-WC-Webhook-Event] => updated
                            [X-WC-Webhook-Signature] => zurH2E4/080iHuWG+IQ2HkCnNG2P1Qi7Em8y86KB2lc=
                            [X-WC-Webhook-ID] => 2
                            [X-WC-Webhook-Delivery-ID] => 33047a41f91b32016735cc5b30f258e5
                        )

                )

            [Body] => Webhook body is not logged unless WP_DEBUG mode is turned on. This is to avoid the storing of personal data in the logs.
            [Response] => Array
                (
                    [Code] => 200
                    [Message] => OK
                    [Headers] => WpOrg\Requests\Utility\CaseInsensitiveDictionary Object
                        (
                            [data:protected] => Array
                                (
                                    [content-length] => 34
                                    [content-type] => application/json; charset=utf-8
                                    [date] => Sat, 27 Jan 2024 12:09:31 GMT
                                    [etag] => W/"22-6OS7cK0FzqnV2NeDHdOSGS1bVUs"
                                    [strict-transport-security] => max-age=315360000; includeSubDomains; preload
                                    [vary] => Accept-Encoding
                                    [x-content-type-options] => nosniff
                                    [x-xss-protection] => 1; mode=block
                                )

                        )

                    [Body] => Webhook body is not logged unless WP_DEBUG mode is turned on. This is to avoid the storing of personal data in the logs.
                )

        )

)

2024-01-27T12:09:58+00:00 INFO Array
(
    [Webhook Delivery] => Array
        (
            [Delivery ID] => 188d63c28b4bb0f89a8a850bd3b3016b
            [Date] => Jan 27, 2024 @ 12:09
            [URL] => https://vn1.n8n.vn/webhook/test/order/updated
            [Duration] => 0.41118
            [Request] => Array
                (
                    [Method] => POST
                    [Headers] => Array
                        (
                            [User-Agent] => WooCommerce/8.4.0 Hookshot (WordPress/6.4.2)
                            [Content-Type] => application/json
                            [X-WC-Webhook-Source] => https://vovinamfusion.top/
                            [X-WC-Webhook-Topic] => order.updated
                            [X-WC-Webhook-Resource] => order
                            [X-WC-Webhook-Event] => updated
                            [X-WC-Webhook-Signature] => SJfFj0VhdXQq08QSQcHPo+LDoxrWi2/l6LaS5GRxVIU=
                            [X-WC-Webhook-ID] => 2
                            [X-WC-Webhook-Delivery-ID] => 188d63c28b4bb0f89a8a850bd3b3016b
                        )

                )

            [Body] => Webhook body is not logged unless WP_DEBUG mode is turned on. This is to avoid the storing of personal data in the logs.
            [Response] => Array
                (
                    [Code] => 200
                    [Message] => OK
                    [Headers] => WpOrg\Requests\Utility\CaseInsensitiveDictionary Object
                        (
                            [data:protected] => Array
                                (
                                    [content-length] => 34
                                    [content-type] => application/json; charset=utf-8
                                    [date] => Sat, 27 Jan 2024 12:09:58 GMT
                                    [etag] => W/"22-6OS7cK0FzqnV2NeDHdOSGS1bVUs"
                                    [strict-transport-security] => max-age=315360000; includeSubDomains; preload
                                    [vary] => Accept-Encoding
                                    [x-content-type-options] => nosniff
                                    [x-xss-protection] => 1; mode=block
                                )

                        )

                    [Body] => Webhook body is not logged unless WP_DEBUG mode is turned on. This is to avoid the storing of personal data in the logs.
                )

        )

)

2024-01-27T12:10:36+00:00 INFO Array
(
    [Webhook Delivery] => Array
        (
            [Delivery ID] => e94de743248dae38663b769a35a0f176
            [Date] => Jan 27, 2024 @ 12:10
            [URL] => https://vn1.n8n.vn/webhook/test/order/updated
            [Duration] => 0.3097
            [Request] => Array
                (
                    [Method] => POST
                    [Headers] => Array
                        (
                            [User-Agent] => WooCommerce/8.4.0 Hookshot (WordPress/6.4.2)
                            [Content-Type] => application/json
                            [X-WC-Webhook-Source] => https://vovinamfusion.top/
                            [X-WC-Webhook-Topic] => order.updated
                            [X-WC-Webhook-Resource] => order
                            [X-WC-Webhook-Event] => updated
                            [X-WC-Webhook-Signature] => 5mwGZxLE0njirWqfv3hAIe5le0jHuXgAwPnZlKuz9aw=
                            [X-WC-Webhook-ID] => 2
                            [X-WC-Webhook-Delivery-ID] => e94de743248dae38663b769a35a0f176
                        )

                )

            [Body] => Webhook body is not logged unless WP_DEBUG mode is turned on. This is to avoid the storing of personal data in the logs.
            [Response] => Array
                (
                    [Code] => 200
                    [Message] => OK
                    [Headers] => WpOrg\Requests\Utility\CaseInsensitiveDictionary Object
                        (
                            [data:protected] => Array
                                (
                                    [content-length] => 34
                                    [content-type] => application/json; charset=utf-8
                                    [date] => Sat, 27 Jan 2024 12:10:35 GMT
                                    [etag] => W/"22-6OS7cK0FzqnV2NeDHdOSGS1bVUs"
                                    [strict-transport-security] => max-age=315360000; includeSubDomains; preload
                                    [vary] => Accept-Encoding
                                    [x-content-type-options] => nosniff
                                    [x-xss-protection] => 1; mode=block
                                )

                        )

                    [Body] => Webhook body is not logged unless WP_DEBUG mode is turned on. This is to avoid the storing of personal data in the logs.
                )

        )

)

2024-01-27T12:10:36+00:00 INFO Array
(
    [Webhook Delivery] => Array
        (
            [Delivery ID] => a34e428cae2e2f2cb222fcbfcfbbf9bc
            [Date] => Jan 27, 2024 @ 12:10
            [URL] => https://vn1.n8n.vn/webhook/test/order/updated
            [Duration] => 0.20572
            [Request] => Array
                (
                    [Method] => POST
                    [Headers] => Array
                        (
                            [User-Agent] => WooCommerce/8.4.0 Hookshot (WordPress/6.4.2)
                            [Content-Type] => application/json
                            [X-WC-Webhook-Source] => https://vovinamfusion.top/
                            [X-WC-Webhook-Topic] => order.updated
                            [X-WC-Webhook-Resource] => order
                            [X-WC-Webhook-Event] => updated
                            [X-WC-Webhook-Signature] => wfWpxcomR7JVcouqcACkqoZhAfflTFzyUuE33sWqblA=
                            [X-WC-Webhook-ID] => 2
                            [X-WC-Webhook-Delivery-ID] => a34e428cae2e2f2cb222fcbfcfbbf9bc
                        )

                )

            [Body] => Webhook body is not logged unless WP_DEBUG mode is turned on. This is to avoid the storing of personal data in the logs.
            [Response] => Array
                (
                    [Code] => 200
                    [Message] => OK
                    [Headers] => WpOrg\Requests\Utility\CaseInsensitiveDictionary Object
                        (
                            [data:protected] => Array
                                (
                                    [content-length] => 34
                                    [content-type] => application/json; charset=utf-8
                                    [date] => Sat, 27 Jan 2024 12:10:36 GMT
                                    [etag] => W/"22-6OS7cK0FzqnV2NeDHdOSGS1bVUs"
                                    [strict-transport-security] => max-age=315360000; includeSubDomains; preload
                                    [vary] => Accept-Encoding
                                    [x-content-type-options] => nosniff
                                    [x-xss-protection] => 1; mode=block
                                )

                        )

                    [Body] => Webhook body is not logged unless WP_DEBUG mode is turned on. This is to avoid the storing of personal data in the logs.
                )

        )

)

2024-01-27T12:10:42+00:00 INFO Array
(
    [Webhook Delivery] => Array
        (
            [Delivery ID] => e5cd4acd82ee9e872042a289f73b7230
            [Date] => Jan 27, 2024 @ 12:10
            [URL] => https://vn1.n8n.vn/webhook/test/order/updated
            [Duration] => 0.29979
            [Request] => Array
                (
                    [Method] => POST
                    [Headers] => Array
                        (
                            [User-Agent] => WooCommerce/8.4.0 Hookshot (WordPress/6.4.2)
                            [Content-Type] => application/json
                            [X-WC-Webhook-Source] => https://vovinamfusion.top/
                            [X-WC-Webhook-Topic] => order.updated
                            [X-WC-Webhook-Resource] => order
                            [X-WC-Webhook-Event] => updated
                            [X-WC-Webhook-Signature] => aKhaqjEj+CmF6SD+lJlOjCm2ri1uoZ68YZQQKb9/uIs=
                            [X-WC-Webhook-ID] => 2
                            [X-WC-Webhook-Delivery-ID] => e5cd4acd82ee9e872042a289f73b7230
                        )

                )

            [Body] => Webhook body is not logged unless WP_DEBUG mode is turned on. This is to avoid the storing of personal data in the logs.
            [Response] => Array
                (
                    [Code] => 200
                    [Message] => OK
                    [Headers] => WpOrg\Requests\Utility\CaseInsensitiveDictionary Object
                        (
                            [data:protected] => Array
                                (
                                    [content-length] => 34
                                    [content-type] => application/json; charset=utf-8
                                    [date] => Sat, 27 Jan 2024 12:10:42 GMT
                                    [etag] => W/"22-6OS7cK0FzqnV2NeDHdOSGS1bVUs"
                                    [strict-transport-security] => max-age=315360000; includeSubDomains; preload
                                    [vary] => Accept-Encoding
                                    [x-content-type-options] => nosniff
                                    [x-xss-protection] => 1; mode=block
                                )

                        )

                    [Body] => Webhook body is not logged unless WP_DEBUG mode is turned on. This is to avoid the storing of personal data in the logs.
                )

        )

)

2024-01-27T12:11:45+00:00 INFO Array
(
    [Webhook Delivery] => Array
        (
            [Delivery ID] => ea36f01fab3819f2e49e261ac1d5166c
            [Date] => Jan 27, 2024 @ 12:11
            [URL] => https://vn1.n8n.vn/webhook/test/order/updated
            [Duration] => 0.36591
            [Request] => Array
                (
                    [Method] => POST
                    [Headers] => Array
                        (
                            [User-Agent] => WooCommerce/8.4.0 Hookshot (WordPress/6.4.2)
                            [Content-Type] => application/json
                            [X-WC-Webhook-Source] => https://vovinamfusion.top/
                            [X-WC-Webhook-Topic] => order.updated
                            [X-WC-Webhook-Resource] => order
                            [X-WC-Webhook-Event] => updated
                            [X-WC-Webhook-Signature] => yQyDJ2PHYY2EUQeXK4vq/sh0vx35cji0gvCKrpIiTRs=
                            [X-WC-Webhook-ID] => 2
                            [X-WC-Webhook-Delivery-ID] => ea36f01fab3819f2e49e261ac1d5166c
                        )

                )

            [Body] => Webhook body is not logged unless WP_DEBUG mode is turned on. This is to avoid the storing of personal data in the logs.
            [Response] => Array
                (
                    [Code] => 200
                    [Message] => OK
                    [Headers] => WpOrg\Requests\Utility\CaseInsensitiveDictionary Object
                        (
                            [data:protected] => Array
                                (
                                    [content-length] => 34
                                    [content-type] => application/json; charset=utf-8
                                    [date] => Sat, 27 Jan 2024 12:11:45 GMT
                                    [etag] => W/"22-6OS7cK0FzqnV2NeDHdOSGS1bVUs"
                                    [strict-transport-security] => max-age=315360000; includeSubDomains; preload
                                    [vary] => Accept-Encoding
                                    [x-content-type-options] => nosniff
                                    [x-xss-protection] => 1; mode=block
                                )

                        )

                    [Body] => Webhook body is not logged unless WP_DEBUG mode is turned on. This is to avoid the storing of personal data in the logs.
                )

        )

)

2024-01-27T12:11:46+00:00 INFO Array
(
    [Webhook Delivery] => Array
        (
            [Delivery ID] => ea36f01fab3819f2e49e261ac1d5166c
            [Date] => Jan 27, 2024 @ 12:11
            [URL] => https://vn1.n8n.vn/webhook/test/order/updated
            [Duration] => 0.24582
            [Request] => Array
                (
                    [Method] => POST
                    [Headers] => Array
                        (
                            [User-Agent] => WooCommerce/8.4.0 Hookshot (WordPress/6.4.2)
                            [Content-Type] => application/json
                            [X-WC-Webhook-Source] => https://vovinamfusion.top/
                            [X-WC-Webhook-Topic] => order.updated
                            [X-WC-Webhook-Resource] => order
                            [X-WC-Webhook-Event] => updated
                            [X-WC-Webhook-Signature] => H4cuZXZCvNpdRei6lzGkT89RLTQyIUkm13eTX46Qq7g=
                            [X-WC-Webhook-ID] => 2
                            [X-WC-Webhook-Delivery-ID] => ea36f01fab3819f2e49e261ac1d5166c
                        )

                )

            [Body] => Webhook body is not logged unless WP_DEBUG mode is turned on. This is to avoid the storing of personal data in the logs.
            [Response] => Array
                (
                    [Code] => 200
                    [Message] => OK
                    [Headers] => WpOrg\Requests\Utility\CaseInsensitiveDictionary Object
                        (
                            [data:protected] => Array
                                (
                                    [content-length] => 34
                                    [content-type] => application/json; charset=utf-8
                                    [date] => Sat, 27 Jan 2024 12:11:46 GMT
                                    [etag] => W/"22-6OS7cK0FzqnV2NeDHdOSGS1bVUs"
                                    [strict-transport-security] => max-age=315360000; includeSubDomains; preload
                                    [vary] => Accept-Encoding
                                    [x-content-type-options] => nosniff
                                    [x-xss-protection] => 1; mode=block
                                )

                        )

                    [Body] => Webhook body is not logged unless WP_DEBUG mode is turned on. This is to avoid the storing of personal data in the logs.
                )

        )

)

2024-01-27T12:11:52+00:00 INFO Array
(
    [Webhook Delivery] => Array
        (
            [Delivery ID] => 95309f34e6bebb9939e1da6e77bc01a4
            [Date] => Jan 27, 2024 @ 12:11
            [URL] => https://vn1.n8n.vn/webhook/test/order/updated
            [Duration] => 0.35734
            [Request] => Array
                (
                    [Method] => POST
                    [Headers] => Array
                        (
                            [User-Agent] => WooCommerce/8.4.0 Hookshot (WordPress/6.4.2)
                            [Content-Type] => application/json
                            [X-WC-Webhook-Source] => https://vovinamfusion.top/
                            [X-WC-Webhook-Topic] => order.updated
                            [X-WC-Webhook-Resource] => order
                            [X-WC-Webhook-Event] => updated
                            [X-WC-Webhook-Signature] => nnMnE3ilk78Zin/kBKmZu5zxoXgXVwpzcwB8e8faV7k=
                            [X-WC-Webhook-ID] => 2
                            [X-WC-Webhook-Delivery-ID] => 95309f34e6bebb9939e1da6e77bc01a4
                        )

                )

            [Body] => Webhook body is not logged unless WP_DEBUG mode is turned on. This is to avoid the storing of personal data in the logs.
            [Response] => Array
                (
                    [Code] => 200
                    [Message] => OK
                    [Headers] => WpOrg\Requests\Utility\CaseInsensitiveDictionary Object
                        (
                            [data:protected] => Array
                                (
                                    [content-length] => 34
                                    [content-type] => application/json; charset=utf-8
                                    [date] => Sat, 27 Jan 2024 12:11:51 GMT
                                    [etag] => W/"22-6OS7cK0FzqnV2NeDHdOSGS1bVUs"
                                    [strict-transport-security] => max-age=315360000; includeSubDomains; preload
                                    [vary] => Accept-Encoding
                                    [x-content-type-options] => nosniff
                                    [x-xss-protection] => 1; mode=block
                                )

                        )

                    [Body] => Webhook body is not logged unless WP_DEBUG mode is turned on. This is to avoid the storing of personal data in the logs.
                )

        )

)

2024-01-27T12:12:03+00:00 INFO Array
(
    [Webhook Delivery] => Array
        (
            [Delivery ID] => db40ace1a6d3b25d4859e10f4af1119f
            [Date] => Jan 27, 2024 @ 12:12
            [URL] => https://vn1.n8n.vn/webhook/test/order/updated
            [Duration] => 0.3743
            [Request] => Array
                (
                    [Method] => POST
                    [Headers] => Array
                        (
                            [User-Agent] => WooCommerce/8.4.0 Hookshot (WordPress/6.4.2)
                            [Content-Type] => application/json
                            [X-WC-Webhook-Source] => https://vovinamfusion.top/
                            [X-WC-Webhook-Topic] => order.updated
                            [X-WC-Webhook-Resource] => order
                            [X-WC-Webhook-Event] => updated
                            [X-WC-Webhook-Signature] => 6H4MaQ8AiwX1zffwB6G2dtrCijjDqtnYyE0QwOaKcxs=
                            [X-WC-Webhook-ID] => 2
                            [X-WC-Webhook-Delivery-ID] => db40ace1a6d3b25d4859e10f4af1119f
                        )

                )

            [Body] => Webhook body is not logged unless WP_DEBUG mode is turned on. This is to avoid the storing of personal data in the logs.
            [Response] => Array
                (
                    [Code] => 200
                    [Message] => OK
                    [Headers] => WpOrg\Requests\Utility\CaseInsensitiveDictionary Object
                        (
                            [data:protected] => Array
                                (
                                    [content-length] => 34
                                    [content-type] => application/json; charset=utf-8
                                    [date] => Sat, 27 Jan 2024 12:12:03 GMT
                                    [etag] => W/"22-6OS7cK0FzqnV2NeDHdOSGS1bVUs"
                                    [strict-transport-security] => max-age=315360000; includeSubDomains; preload
                                    [vary] => Accept-Encoding
                                    [x-content-type-options] => nosniff
                                    [x-xss-protection] => 1; mode=block
                                )

                        )

                    [Body] => Webhook body is not logged unless WP_DEBUG mode is turned on. This is to avoid the storing of personal data in the logs.
                )

        )

)

2024-01-27T12:12:58+00:00 INFO Array
(
    [Webhook Delivery] => Array
        (
            [Delivery ID] => 468bfc11c780895b84256583f49add3f
            [Date] => Jan 27, 2024 @ 12:12
            [URL] => https://vn1.n8n.vn/webhook/test/order/updated
            [Duration] => 0.36017
            [Request] => Array
                (
                    [Method] => POST
                    [Headers] => Array
                        (
                            [User-Agent] => WooCommerce/8.4.0 Hookshot (WordPress/6.4.2)
                            [Content-Type] => application/json
                            [X-WC-Webhook-Source] => https://vovinamfusion.top/
                            [X-WC-Webhook-Topic] => order.updated
                            [X-WC-Webhook-Resource] => order
                            [X-WC-Webhook-Event] => updated
                            [X-WC-Webhook-Signature] => W2mAj08+0uIazUOemTBhttN15GcpacY3yDeCj26E8Jg=
                            [X-WC-Webhook-ID] => 2
                            [X-WC-Webhook-Delivery-ID] => 468bfc11c780895b84256583f49add3f
                        )

                )

            [Body] => Webhook body is not logged unless WP_DEBUG mode is turned on. This is to avoid the storing of personal data in the logs.
            [Response] => Array
                (
                    [Code] => 200
                    [Message] => OK
                    [Headers] => WpOrg\Requests\Utility\CaseInsensitiveDictionary Object
                        (
                            [data:protected] => Array
                                (
                                    [content-length] => 34
                                    [content-type] => application/json; charset=utf-8
                                    [date] => Sat, 27 Jan 2024 12:12:58 GMT
                                    [etag] => W/"22-6OS7cK0FzqnV2NeDHdOSGS1bVUs"
                                    [strict-transport-security] => max-age=315360000; includeSubDomains; preload
                                    [vary] => Accept-Encoding
                                    [x-content-type-options] => nosniff
                                    [x-xss-protection] => 1; mode=block
                                )

                        )

                    [Body] => Webhook body is not logged unless WP_DEBUG mode is turned on. This is to avoid the storing of personal data in the logs.
                )

        )

)

2024-01-27T12:12:58+00:00 INFO Array
(
    [Webhook Delivery] => Array
        (
            [Delivery ID] => 8104e0189c8d97cbcf067465dcce2cd4
            [Date] => Jan 27, 2024 @ 12:12
            [URL] => https://vn1.n8n.vn/webhook/test/order/updated
            [Duration] => 0.21076
            [Request] => Array
                (
                    [Method] => POST
                    [Headers] => Array
                        (
                            [User-Agent] => WooCommerce/8.4.0 Hookshot (WordPress/6.4.2)
                            [Content-Type] => application/json
                            [X-WC-Webhook-Source] => https://vovinamfusion.top/
                            [X-WC-Webhook-Topic] => order.updated
                            [X-WC-Webhook-Resource] => order
                            [X-WC-Webhook-Event] => updated
                            [X-WC-Webhook-Signature] => MkTA42xBMcLmym9XGw7jdp0zQaQZwrFUp5kjT9VYyoE=
                            [X-WC-Webhook-ID] => 2
                            [X-WC-Webhook-Delivery-ID] => 8104e0189c8d97cbcf067465dcce2cd4
                        )

                )

            [Body] => Webhook body is not logged unless WP_DEBUG mode is turned on. This is to avoid the storing of personal data in the logs.
            [Response] => Array
                (
                    [Code] => 200
                    [Message] => OK
                    [Headers] => WpOrg\Requests\Utility\CaseInsensitiveDictionary Object
                        (
                            [data:protected] => Array
                                (
                                    [content-length] => 34
                                    [content-type] => application/json; charset=utf-8
                                    [date] => Sat, 27 Jan 2024 12:12:58 GMT
                                    [etag] => W/"22-6OS7cK0FzqnV2NeDHdOSGS1bVUs"
                                    [strict-transport-security] => max-age=315360000; includeSubDomains; preload
                                    [vary] => Accept-Encoding
                                    [x-content-type-options] => nosniff
                                    [x-xss-protection] => 1; mode=block
                                )

                        )

                    [Body] => Webhook body is not logged unless WP_DEBUG mode is turned on. This is to avoid the storing of personal data in the logs.
                )

        )

)

2024-01-27T12:13:57+00:00 INFO Array
(
    [Webhook Delivery] => Array
        (
            [Delivery ID] => 17d493a40b54cea6a6c4ef8836a58b3a
            [Date] => Jan 27, 2024 @ 12:13
            [URL] => https://vn1.n8n.vn/webhook/test/order/updated
            [Duration] => 0.33438
            [Request] => Array
                (
                    [Method] => POST
                    [Headers] => Array
                        (
                            [User-Agent] => WooCommerce/8.4.0 Hookshot (WordPress/6.4.2)
                            [Content-Type] => application/json
                            [X-WC-Webhook-Source] => https://vovinamfusion.top/
                            [X-WC-Webhook-Topic] => order.updated
                            [X-WC-Webhook-Resource] => order
                            [X-WC-Webhook-Event] => updated
                            [X-WC-Webhook-Signature] => MXTzBAEvWWVOnwLo0EIWfBxG7LSkoEPRXL2f5sCCPY4=
                            [X-WC-Webhook-ID] => 2
                            [X-WC-Webhook-Delivery-ID] => 17d493a40b54cea6a6c4ef8836a58b3a
                        )

                )

            [Body] => Webhook body is not logged unless WP_DEBUG mode is turned on. This is to avoid the storing of personal data in the logs.
            [Response] => Array
                (
                    [Code] => 200
                    [Message] => OK
                    [Headers] => WpOrg\Requests\Utility\CaseInsensitiveDictionary Object
                        (
                            [data:protected] => Array
                                (
                                    [content-length] => 34
                                    [content-type] => application/json; charset=utf-8
                                    [date] => Sat, 27 Jan 2024 12:13:57 GMT
                                    [etag] => W/"22-6OS7cK0FzqnV2NeDHdOSGS1bVUs"
                                    [strict-transport-security] => max-age=315360000; includeSubDomains; preload
                                    [vary] => Accept-Encoding
                                    [x-content-type-options] => nosniff
                                    [x-xss-protection] => 1; mode=block
                                )

                        )

                    [Body] => Webhook body is not logged unless WP_DEBUG mode is turned on. This is to avoid the storing of personal data in the logs.
                )

        )

)

2024-01-27T12:14:59+00:00 INFO Array
(
    [Webhook Delivery] => Array
        (
            [Delivery ID] => 234be51ae212cba3ce6b5f70a1194ac2
            [Date] => Jan 27, 2024 @ 12:14
            [URL] => https://vn1.n8n.vn/webhook/test/order/updated
            [Duration] => 0.42766
            [Request] => Array
                (
                    [Method] => POST
                    [Headers] => Array
                        (
                            [User-Agent] => WooCommerce/8.4.0 Hookshot (WordPress/6.4.2)
                            [Content-Type] => application/json
                            [X-WC-Webhook-Source] => https://vovinamfusion.top/
                            [X-WC-Webhook-Topic] => order.updated
                            [X-WC-Webhook-Resource] => order
                            [X-WC-Webhook-Event] => updated
                            [X-WC-Webhook-Signature] => +b0QFuCibX0HiknuTGbtDmbLNWRC1GdImI/a8/k/fV8=
                            [X-WC-Webhook-ID] => 2
                            [X-WC-Webhook-Delivery-ID] => 234be51ae212cba3ce6b5f70a1194ac2
                        )

                )

            [Body] => Webhook body is not logged unless WP_DEBUG mode is turned on. This is to avoid the storing of personal data in the logs.
            [Response] => Array
                (
                    [Code] => 200
                    [Message] => OK
                    [Headers] => WpOrg\Requests\Utility\CaseInsensitiveDictionary Object
                        (
                            [data:protected] => Array
                                (
                                    [content-length] => 34
                                    [content-type] => application/json; charset=utf-8
                                    [date] => Sat, 27 Jan 2024 12:14:59 GMT
                                    [etag] => W/"22-6OS7cK0FzqnV2NeDHdOSGS1bVUs"
                                    [strict-transport-security] => max-age=315360000; includeSubDomains; preload
                                    [vary] => Accept-Encoding
                                    [x-content-type-options] => nosniff
                                    [x-xss-protection] => 1; mode=block
                                )

                        )

                    [Body] => Webhook body is not logged unless WP_DEBUG mode is turned on. This is to avoid the storing of personal data in the logs.
                )

        )

)

2024-01-27T12:15:58+00:00 INFO Array
(
    [Webhook Delivery] => Array
        (
            [Delivery ID] => eeee436a5c148801591e859a1db68abe
            [Date] => Jan 27, 2024 @ 12:15
            [URL] => https://vn1.n8n.vn/webhook/test/order/updated
            [Duration] => 0.33321
            [Request] => Array
                (
                    [Method] => POST
                    [Headers] => Array
                        (
                            [User-Agent] => WooCommerce/8.4.0 Hookshot (WordPress/6.4.2)
                            [Content-Type] => application/json
                            [X-WC-Webhook-Source] => https://vovinamfusion.top/
                            [X-WC-Webhook-Topic] => order.updated
                            [X-WC-Webhook-Resource] => order
                            [X-WC-Webhook-Event] => updated
                            [X-WC-Webhook-Signature] => Rv8O0DMpXHXTLmGYriTqGod7cGmXhZuEdnblYhH8uAc=
                            [X-WC-Webhook-ID] => 2
                            [X-WC-Webhook-Delivery-ID] => eeee436a5c148801591e859a1db68abe
                        )

                )

            [Body] => Webhook body is not logged unless WP_DEBUG mode is turned on. This is to avoid the storing of personal data in the logs.
            [Response] => Array
                (
                    [Code] => 200
                    [Message] => OK
                    [Headers] => WpOrg\Requests\Utility\CaseInsensitiveDictionary Object
                        (
                            [data:protected] => Array
                                (
                                    [content-length] => 34
                                    [content-type] => application/json; charset=utf-8
                                    [date] => Sat, 27 Jan 2024 12:15:58 GMT
                                    [etag] => W/"22-6OS7cK0FzqnV2NeDHdOSGS1bVUs"
                                    [strict-transport-security] => max-age=315360000; includeSubDomains; preload
                                    [vary] => Accept-Encoding
                                    [x-content-type-options] => nosniff
                                    [x-xss-protection] => 1; mode=block
                                )

                        )

                    [Body] => Webhook body is not logged unless WP_DEBUG mode is turned on. This is to avoid the storing of personal data in the logs.
                )

        )

)

2024-01-27T12:16:09+00:00 INFO Array
(
    [Webhook Delivery] => Array
        (
            [Delivery ID] => 1885e137050b35ed14df678e09afb0fa
            [Date] => Jan 27, 2024 @ 12:16
            [URL] => https://vn1.n8n.vn/webhook/test/order/updated
            [Duration] => 0.3135
            [Request] => Array
                (
                    [Method] => POST
                    [Headers] => Array
                        (
                            [User-Agent] => WooCommerce/8.4.0 Hookshot (WordPress/6.4.2)
                            [Content-Type] => application/json
                            [X-WC-Webhook-Source] => https://vovinamfusion.top/
                            [X-WC-Webhook-Topic] => order.updated
                            [X-WC-Webhook-Resource] => order
                            [X-WC-Webhook-Event] => updated
                            [X-WC-Webhook-Signature] => Jpz/NhjfZvRiHEy+V/I5xGS0dTOrJ9bYqXCdF++Ppig=
                            [X-WC-Webhook-ID] => 2
                            [X-WC-Webhook-Delivery-ID] => 1885e137050b35ed14df678e09afb0fa
                        )

                )

            [Body] => Webhook body is not logged unless WP_DEBUG mode is turned on. This is to avoid the storing of personal data in the logs.
            [Response] => Array
                (
                    [Code] => 200
                    [Message] => OK
                    [Headers] => WpOrg\Requests\Utility\CaseInsensitiveDictionary Object
                        (
                            [data:protected] => Array
                                (
                                    [content-length] => 34
                                    [content-type] => application/json; charset=utf-8
                                    [date] => Sat, 27 Jan 2024 12:16:09 GMT
                                    [etag] => W/"22-6OS7cK0FzqnV2NeDHdOSGS1bVUs"
                                    [strict-transport-security] => max-age=315360000; includeSubDomains; preload
                                    [vary] => Accept-Encoding
                                    [x-content-type-options] => nosniff
                                    [x-xss-protection] => 1; mode=block
                                )

                        )

                    [Body] => Webhook body is not logged unless WP_DEBUG mode is turned on. This is to avoid the storing of personal data in the logs.
                )

        )

)

2024-01-27T12:16:57+00:00 INFO Array
(
    [Webhook Delivery] => Array
        (
            [Delivery ID] => 805d21b4017173b2add9fe24ff20b08d
            [Date] => Jan 27, 2024 @ 12:16
            [URL] => https://vn1.n8n.vn/webhook/test/order/updated
            [Duration] => 0.38532
            [Request] => Array
                (
                    [Method] => POST
                    [Headers] => Array
                        (
                            [User-Agent] => WooCommerce/8.4.0 Hookshot (WordPress/6.4.2)
                            [Content-Type] => application/json
                            [X-WC-Webhook-Source] => https://vovinamfusion.top/
                            [X-WC-Webhook-Topic] => order.updated
                            [X-WC-Webhook-Resource] => order
                            [X-WC-Webhook-Event] => updated
                            [X-WC-Webhook-Signature] => 9xKnphPUz9q4V1WTRA2q2QM3qLewc4iJVR60oVf3/Vk=
                            [X-WC-Webhook-ID] => 2
                            [X-WC-Webhook-Delivery-ID] => 805d21b4017173b2add9fe24ff20b08d
                        )

                )

            [Body] => Webhook body is not logged unless WP_DEBUG mode is turned on. This is to avoid the storing of personal data in the logs.
            [Response] => Array
                (
                    [Code] => 200
                    [Message] => OK
                    [Headers] => WpOrg\Requests\Utility\CaseInsensitiveDictionary Object
                        (
                            [data:protected] => Array
                                (
                                    [content-length] => 34
                                    [content-type] => application/json; charset=utf-8
                                    [date] => Sat, 27 Jan 2024 12:16:57 GMT
                                    [etag] => W/"22-6OS7cK0FzqnV2NeDHdOSGS1bVUs"
                                    [strict-transport-security] => max-age=315360000; includeSubDomains; preload
                                    [vary] => Accept-Encoding
                                    [x-content-type-options] => nosniff
                                    [x-xss-protection] => 1; mode=block
                                )

                        )

                    [Body] => Webhook body is not logged unless WP_DEBUG mode is turned on. This is to avoid the storing of personal data in the logs.
                )

        )

)

2024-01-27T12:16:58+00:00 INFO Array
(
    [Webhook Delivery] => Array
        (
            [Delivery ID] => ec8d73037100b4c69f38e72001ca3587
            [Date] => Jan 27, 2024 @ 12:16
            [URL] => https://vn1.n8n.vn/webhook/test/order/updated
            [Duration] => 0.23669
            [Request] => Array
                (
                    [Method] => POST
                    [Headers] => Array
                        (
                            [User-Agent] => WooCommerce/8.4.0 Hookshot (WordPress/6.4.2)
                            [Content-Type] => application/json
                            [X-WC-Webhook-Source] => https://vovinamfusion.top/
                            [X-WC-Webhook-Topic] => order.updated
                            [X-WC-Webhook-Resource] => order
                            [X-WC-Webhook-Event] => updated
                            [X-WC-Webhook-Signature] => 9xKnphPUz9q4V1WTRA2q2QM3qLewc4iJVR60oVf3/Vk=
                            [X-WC-Webhook-ID] => 2
                            [X-WC-Webhook-Delivery-ID] => ec8d73037100b4c69f38e72001ca3587
                        )

                )

            [Body] => Webhook body is not logged unless WP_DEBUG mode is turned on. This is to avoid the storing of personal data in the logs.
            [Response] => Array
                (
                    [Code] => 200
                    [Message] => OK
                    [Headers] => WpOrg\Requests\Utility\CaseInsensitiveDictionary Object
                        (
                            [data:protected] => Array
                                (
                                    [content-length] => 34
                                    [content-type] => application/json; charset=utf-8
                                    [date] => Sat, 27 Jan 2024 12:16:58 GMT
                                    [etag] => W/"22-6OS7cK0FzqnV2NeDHdOSGS1bVUs"
                                    [strict-transport-security] => max-age=315360000; includeSubDomains; preload
                                    [vary] => Accept-Encoding
                                    [x-content-type-options] => nosniff
                                    [x-xss-protection] => 1; mode=block
                                )

                        )

                    [Body] => Webhook body is not logged unless WP_DEBUG mode is turned on. This is to avoid the storing of personal data in the logs.
                )

        )

)

2024-01-27T12:17:14+00:00 INFO Array
(
    [Webhook Delivery] => Array
        (
            [Delivery ID] => ae02365c14572669f8351fef6c9bdbac
            [Date] => Jan 27, 2024 @ 12:17
            [URL] => https://vn1.n8n.vn/webhook/test/order/updated
            [Duration] => 0.33045
            [Request] => Array
                (
                    [Method] => POST
                    [Headers] => Array
                        (
                            [User-Agent] => WooCommerce/8.4.0 Hookshot (WordPress/6.4.2)
                            [Content-Type] => application/json
                            [X-WC-Webhook-Source] => https://vovinamfusion.top/
                            [X-WC-Webhook-Topic] => order.updated
                            [X-WC-Webhook-Resource] => order
                            [X-WC-Webhook-Event] => updated
                            [X-WC-Webhook-Signature] => q1iGt7kFzuXD+qolkif42T7YlLShVaJrb9JuvZPCTpc=
                            [X-WC-Webhook-ID] => 2
                            [X-WC-Webhook-Delivery-ID] => ae02365c14572669f8351fef6c9bdbac
                        )

                )

            [Body] => Webhook body is not logged unless WP_DEBUG mode is turned on. This is to avoid the storing of personal data in the logs.
            [Response] => Array
                (
                    [Code] => 200
                    [Message] => OK
                    [Headers] => WpOrg\Requests\Utility\CaseInsensitiveDictionary Object
                        (
                            [data:protected] => Array
                                (
                                    [content-length] => 34
                                    [content-type] => application/json; charset=utf-8
                                    [date] => Sat, 27 Jan 2024 12:17:14 GMT
                                    [etag] => W/"22-6OS7cK0FzqnV2NeDHdOSGS1bVUs"
                                    [strict-transport-security] => max-age=315360000; includeSubDomains; preload
                                    [vary] => Accept-Encoding
                                    [x-content-type-options] => nosniff
                                    [x-xss-protection] => 1; mode=block
                                )

                        )

                    [Body] => Webhook body is not logged unless WP_DEBUG mode is turned on. This is to avoid the storing of personal data in the logs.
                )

        )

)

2024-01-27T12:17:58+00:00 INFO Array
(
    [Webhook Delivery] => Array
        (
            [Delivery ID] => 5b9a35e3b8b37b74057af5e8282583fa
            [Date] => Jan 27, 2024 @ 12:17
            [URL] => https://vn1.n8n.vn/webhook/test/order/updated
            [Duration] => 0.3912
            [Request] => Array
                (
                    [Method] => POST
                    [Headers] => Array
                        (
                            [User-Agent] => WooCommerce/8.4.0 Hookshot (WordPress/6.4.2)
                            [Content-Type] => application/json
                            [X-WC-Webhook-Source] => https://vovinamfusion.top/
                            [X-WC-Webhook-Topic] => order.updated
                            [X-WC-Webhook-Resource] => order
                            [X-WC-Webhook-Event] => updated
                            [X-WC-Webhook-Signature] => IT4IHeeAHV2JRysLGAXGS2Hcb/8WE2FJFTtrtcx2Er8=
                            [X-WC-Webhook-ID] => 2
                            [X-WC-Webhook-Delivery-ID] => 5b9a35e3b8b37b74057af5e8282583fa
                        )

                )

            [Body] => Webhook body is not logged unless WP_DEBUG mode is turned on. This is to avoid the storing of personal data in the logs.
            [Response] => Array
                (
                    [Code] => 200
                    [Message] => OK
                    [Headers] => WpOrg\Requests\Utility\CaseInsensitiveDictionary Object
                        (
                            [data:protected] => Array
                                (
                                    [content-length] => 34
                                    [content-type] => application/json; charset=utf-8
                                    [date] => Sat, 27 Jan 2024 12:17:58 GMT
                                    [etag] => W/"22-6OS7cK0FzqnV2NeDHdOSGS1bVUs"
                                    [strict-transport-security] => max-age=315360000; includeSubDomains; preload
                                    [vary] => Accept-Encoding
                                    [x-content-type-options] => nosniff
                                    [x-xss-protection] => 1; mode=block
                                )

                        )

                    [Body] => Webhook body is not logged unless WP_DEBUG mode is turned on. This is to avoid the storing of personal data in the logs.
                )

        )

)

2024-01-27T12:18:19+00:00 INFO Array
(
    [Webhook Delivery] => Array
        (
            [Delivery ID] => 01b5746a46d8cfd6d139da7d386eeb25
            [Date] => Jan 27, 2024 @ 12:18
            [URL] => https://vn1.n8n.vn/webhook/test/order/updated
            [Duration] => 0.31182
            [Request] => Array
                (
                    [Method] => POST
                    [Headers] => Array
                        (
                            [User-Agent] => WooCommerce/8.4.0 Hookshot (WordPress/6.4.2)
                            [Content-Type] => application/json
                            [X-WC-Webhook-Source] => https://vovinamfusion.top/
                            [X-WC-Webhook-Topic] => order.updated
                            [X-WC-Webhook-Resource] => order
                            [X-WC-Webhook-Event] => updated
                            [X-WC-Webhook-Signature] => P9mo+JJtUVqN/tn99K2ZJwaJDEwS1bZwFqbNolB+yDc=
                            [X-WC-Webhook-ID] => 2
                            [X-WC-Webhook-Delivery-ID] => 01b5746a46d8cfd6d139da7d386eeb25
                        )

                )

            [Body] => Webhook body is not logged unless WP_DEBUG mode is turned on. This is to avoid the storing of personal data in the logs.
            [Response] => Array
                (
                    [Code] => 200
                    [Message] => OK
                    [Headers] => WpOrg\Requests\Utility\CaseInsensitiveDictionary Object
                        (
                            [data:protected] => Array
                                (
                                    [content-length] => 34
                                    [content-type] => application/json; charset=utf-8
                                    [date] => Sat, 27 Jan 2024 12:18:19 GMT
                                    [etag] => W/"22-6OS7cK0FzqnV2NeDHdOSGS1bVUs"
                                    [strict-transport-security] => max-age=315360000; includeSubDomains; preload
                                    [vary] => Accept-Encoding
                                    [x-content-type-options] => nosniff
                                    [x-xss-protection] => 1; mode=block
                                )

                        )

                    [Body] => Webhook body is not logged unless WP_DEBUG mode is turned on. This is to avoid the storing of personal data in the logs.
                )

        )

)

2024-01-27T12:18:58+00:00 INFO Array
(
    [Webhook Delivery] => Array
        (
            [Delivery ID] => e93f3d3602246e06cbcb117fc536ac1d
            [Date] => Jan 27, 2024 @ 12:18
            [URL] => https://vn1.n8n.vn/webhook/test/order/updated
            [Duration] => 0.34096
            [Request] => Array
                (
                    [Method] => POST
                    [Headers] => Array
                        (
                            [User-Agent] => WooCommerce/8.4.0 Hookshot (WordPress/6.4.2)
                            [Content-Type] => application/json
                            [X-WC-Webhook-Source] => https://vovinamfusion.top/
                            [X-WC-Webhook-Topic] => order.updated
                            [X-WC-Webhook-Resource] => order
                            [X-WC-Webhook-Event] => updated
                            [X-WC-Webhook-Signature] => u2K4Pi88utNuxeSRiMvQsiC5oO44yLPRlf4ayNsdLM4=
                            [X-WC-Webhook-ID] => 2
                            [X-WC-Webhook-Delivery-ID] => e93f3d3602246e06cbcb117fc536ac1d
                        )

                )

            [Body] => Webhook body is not logged unless WP_DEBUG mode is turned on. This is to avoid the storing of personal data in the logs.
            [Response] => Array
                (
                    [Code] => 200
                    [Message] => OK
                    [Headers] => WpOrg\Requests\Utility\CaseInsensitiveDictionary Object
                        (
                            [data:protected] => Array
                                (
                                    [content-length] => 34
                                    [content-type] => application/json; charset=utf-8
                                    [date] => Sat, 27 Jan 2024 12:18:58 GMT
                                    [etag] => W/"22-6OS7cK0FzqnV2NeDHdOSGS1bVUs"
                                    [strict-transport-security] => max-age=315360000; includeSubDomains; preload
                                    [vary] => Accept-Encoding
                                    [x-content-type-options] => nosniff
                                    [x-xss-protection] => 1; mode=block
                                )

                        )

                    [Body] => Webhook body is not logged unless WP_DEBUG mode is turned on. This is to avoid the storing of personal data in the logs.
                )

        )

)

2024-01-27T12:19:26+00:00 INFO Array
(
    [Webhook Delivery] => Array
        (
            [Delivery ID] => 8fe40842959d280b27d0d90a0aa84928
            [Date] => Jan 27, 2024 @ 12:19
            [URL] => https://vn1.n8n.vn/webhook/test/order/updated
            [Duration] => 0.32456
            [Request] => Array
                (
                    [Method] => POST
                    [Headers] => Array
                        (
                            [User-Agent] => WooCommerce/8.4.0 Hookshot (WordPress/6.4.2)
                            [Content-Type] => application/json
                            [X-WC-Webhook-Source] => https://vovinamfusion.top/
                            [X-WC-Webhook-Topic] => order.updated
                            [X-WC-Webhook-Resource] => order
                            [X-WC-Webhook-Event] => updated
                            [X-WC-Webhook-Signature] => 5lxSaU+2+suNBCVbJtavRsCwU6N7tF/01cXni2aKRHI=
                            [X-WC-Webhook-ID] => 2
                            [X-WC-Webhook-Delivery-ID] => 8fe40842959d280b27d0d90a0aa84928
                        )

                )

            [Body] => Webhook body is not logged unless WP_DEBUG mode is turned on. This is to avoid the storing of personal data in the logs.
            [Response] => Array
                (
                    [Code] => 200
                    [Message] => OK
                    [Headers] => WpOrg\Requests\Utility\CaseInsensitiveDictionary Object
                        (
                            [data:protected] => Array
                                (
                                    [content-length] => 34
                                    [content-type] => application/json; charset=utf-8
                                    [date] => Sat, 27 Jan 2024 12:19:26 GMT
                                    [etag] => W/"22-6OS7cK0FzqnV2NeDHdOSGS1bVUs"
                                    [strict-transport-security] => max-age=315360000; includeSubDomains; preload
                                    [vary] => Accept-Encoding
                                    [x-content-type-options] => nosniff
                                    [x-xss-protection] => 1; mode=block
                                )

                        )

                    [Body] => Webhook body is not logged unless WP_DEBUG mode is turned on. This is to avoid the storing of personal data in the logs.
                )

        )

)

2024-01-27T12:19:57+00:00 INFO Array
(
    [Webhook Delivery] => Array
        (
            [Delivery ID] => 7268d8a53f506ac68716d6356e590ff6
            [Date] => Jan 27, 2024 @ 12:19
            [URL] => https://vn1.n8n.vn/webhook/test/order/updated
            [Duration] => 0.42417
            [Request] => Array
                (
                    [Method] => POST
                    [Headers] => Array
                        (
                            [User-Agent] => WooCommerce/8.4.0 Hookshot (WordPress/6.4.2)
                            [Content-Type] => application/json
                            [X-WC-Webhook-Source] => https://vovinamfusion.top/
                            [X-WC-Webhook-Topic] => order.updated
                            [X-WC-Webhook-Resource] => order
                            [X-WC-Webhook-Event] => updated
                            [X-WC-Webhook-Signature] => XxMOjpgs6Wd9fi9bpUUX2sLgf8G41D68p2W/zcl9oF4=
                            [X-WC-Webhook-ID] => 2
                            [X-WC-Webhook-Delivery-ID] => 7268d8a53f506ac68716d6356e590ff6
                        )

                )

            [Body] => Webhook body is not logged unless WP_DEBUG mode is turned on. This is to avoid the storing of personal data in the logs.
            [Response] => Array
                (
                    [Code] => 200
                    [Message] => OK
                    [Headers] => WpOrg\Requests\Utility\CaseInsensitiveDictionary Object
                        (
                            [data:protected] => Array
                                (
                                    [content-length] => 34
                                    [content-type] => application/json; charset=utf-8
                                    [date] => Sat, 27 Jan 2024 12:19:57 GMT
                                    [etag] => W/"22-6OS7cK0FzqnV2NeDHdOSGS1bVUs"
                                    [strict-transport-security] => max-age=315360000; includeSubDomains; preload
                                    [vary] => Accept-Encoding
                                    [x-content-type-options] => nosniff
                                    [x-xss-protection] => 1; mode=block
                                )

                        )

                    [Body] => Webhook body is not logged unless WP_DEBUG mode is turned on. This is to avoid the storing of personal data in the logs.
                )

        )

)

2024-01-27T12:20:29+00:00 INFO Array
(
    [Webhook Delivery] => Array
        (
            [Delivery ID] => ae29a3ecb296cfd986dbab2ea37b3531
            [Date] => Jan 27, 2024 @ 12:20
            [URL] => https://vn1.n8n.vn/webhook/test/order/updated
            [Duration] => 0.30079
            [Request] => Array
                (
                    [Method] => POST
                    [Headers] => Array
                        (
                            [User-Agent] => WooCommerce/8.4.0 Hookshot (WordPress/6.4.2)
                            [Content-Type] => application/json
                            [X-WC-Webhook-Source] => https://vovinamfusion.top/
                            [X-WC-Webhook-Topic] => order.updated
                            [X-WC-Webhook-Resource] => order
                            [X-WC-Webhook-Event] => updated
                            [X-WC-Webhook-Signature] => GpzIwDHAcYc5IEXDZPVwL1SsQxTYuV+2/vhnfrVmHL4=
                            [X-WC-Webhook-ID] => 2
                            [X-WC-Webhook-Delivery-ID] => ae29a3ecb296cfd986dbab2ea37b3531
                        )

                )

            [Body] => Webhook body is not logged unless WP_DEBUG mode is turned on. This is to avoid the storing of personal data in the logs.
            [Response] => Array
                (
                    [Code] => 200
                    [Message] => OK
                    [Headers] => WpOrg\Requests\Utility\CaseInsensitiveDictionary Object
                        (
                            [data:protected] => Array
                                (
                                    [content-length] => 34
                                    [content-type] => application/json; charset=utf-8
                                    [date] => Sat, 27 Jan 2024 12:20:29 GMT
                                    [etag] => W/"22-6OS7cK0FzqnV2NeDHdOSGS1bVUs"
                                    [strict-transport-security] => max-age=315360000; includeSubDomains; preload
                                    [vary] => Accept-Encoding
                                    [x-content-type-options] => nosniff
                                    [x-xss-protection] => 1; mode=block
                                )

                        )

                    [Body] => Webhook body is not logged unless WP_DEBUG mode is turned on. This is to avoid the storing of personal data in the logs.
                )

        )

)

2024-01-27T12:21:31+00:00 INFO Array
(
    [Webhook Delivery] => Array
        (
            [Delivery ID] => 71ddebefd4eeb1f4d068535243ad9c37
            [Date] => Jan 27, 2024 @ 12:21
            [URL] => https://vn1.n8n.vn/webhook/test/order/updated
            [Duration] => 0.38351
            [Request] => Array
                (
                    [Method] => POST
                    [Headers] => Array
                        (
                            [User-Agent] => WooCommerce/8.4.0 Hookshot (WordPress/6.4.2)
                            [Content-Type] => application/json
                            [X-WC-Webhook-Source] => https://vovinamfusion.top/
                            [X-WC-Webhook-Topic] => order.updated
                            [X-WC-Webhook-Resource] => order
                            [X-WC-Webhook-Event] => updated
                            [X-WC-Webhook-Signature] => U9f0uQmu6R+cvaR5SwIWTbyc+DLtm90DPCrwvPSUhUE=
                            [X-WC-Webhook-ID] => 2
                            [X-WC-Webhook-Delivery-ID] => 71ddebefd4eeb1f4d068535243ad9c37
                        )

                )

            [Body] => Webhook body is not logged unless WP_DEBUG mode is turned on. This is to avoid the storing of personal data in the logs.
            [Response] => Array
                (
                    [Code] => 200
                    [Message] => OK
                    [Headers] => WpOrg\Requests\Utility\CaseInsensitiveDictionary Object
                        (
                            [data:protected] => Array
                                (
                                    [content-length] => 34
                                    [content-type] => application/json; charset=utf-8
                                    [date] => Sat, 27 Jan 2024 12:21:31 GMT
                                    [etag] => W/"22-6OS7cK0FzqnV2NeDHdOSGS1bVUs"
                                    [strict-transport-security] => max-age=315360000; includeSubDomains; preload
                                    [vary] => Accept-Encoding
                                    [x-content-type-options] => nosniff
                                    [x-xss-protection] => 1; mode=block
                                )

                        )

                    [Body] => Webhook body is not logged unless WP_DEBUG mode is turned on. This is to avoid the storing of personal data in the logs.
                )

        )

)

2024-01-27T12:21:37+00:00 INFO Array
(
    [Webhook Delivery] => Array
        (
            [Delivery ID] => e06bea24d575f2a74384999940d12ab4
            [Date] => Jan 27, 2024 @ 12:21
            [URL] => https://vn1.n8n.vn/webhook/test/order/updated
            [Duration] => 0.34484
            [Request] => Array
                (
                    [Method] => POST
                    [Headers] => Array
                        (
                            [User-Agent] => WooCommerce/8.4.0 Hookshot (WordPress/6.4.2)
                            [Content-Type] => application/json
                            [X-WC-Webhook-Source] => https://vovinamfusion.top/
                            [X-WC-Webhook-Topic] => order.updated
                            [X-WC-Webhook-Resource] => order
                            [X-WC-Webhook-Event] => updated
                            [X-WC-Webhook-Signature] => L2oU++5heVr5sTPTOGGmD7kijpJ6q5G4wxTRbwGdMiY=
                            [X-WC-Webhook-ID] => 2
                            [X-WC-Webhook-Delivery-ID] => e06bea24d575f2a74384999940d12ab4
                        )

                )

            [Body] => Webhook body is not logged unless WP_DEBUG mode is turned on. This is to avoid the storing of personal data in the logs.
            [Response] => Array
                (
                    [Code] => 200
                    [Message] => OK
                    [Headers] => WpOrg\Requests\Utility\CaseInsensitiveDictionary Object
                        (
                            [data:protected] => Array
                                (
                                    [content-length] => 34
                                    [content-type] => application/json; charset=utf-8
                                    [date] => Sat, 27 Jan 2024 12:21:37 GMT
                                    [etag] => W/"22-6OS7cK0FzqnV2NeDHdOSGS1bVUs"
                                    [strict-transport-security] => max-age=315360000; includeSubDomains; preload
                                    [vary] => Accept-Encoding
                                    [x-content-type-options] => nosniff
                                    [x-xss-protection] => 1; mode=block
                                )

                        )

                    [Body] => Webhook body is not logged unless WP_DEBUG mode is turned on. This is to avoid the storing of personal data in the logs.
                )

        )

)

2024-01-27T12:22:40+00:00 INFO Array
(
    [Webhook Delivery] => Array
        (
            [Delivery ID] => ae4914f0ad3d1df220018223db460b41
            [Date] => Jan 27, 2024 @ 12:22
            [URL] => https://vn1.n8n.vn/webhook/test/order/updated
            [Duration] => 0.35338
            [Request] => Array
                (
                    [Method] => POST
                    [Headers] => Array
                        (
                            [User-Agent] => WooCommerce/8.4.0 Hookshot (WordPress/6.4.2)
                            [Content-Type] => application/json
                            [X-WC-Webhook-Source] => https://vovinamfusion.top/
                            [X-WC-Webhook-Topic] => order.updated
                            [X-WC-Webhook-Resource] => order
                            [X-WC-Webhook-Event] => updated
                            [X-WC-Webhook-Signature] => v8jU1c8EFp4xxznLOgC33Q2BEk7TN2zAZGpLB51qSdA=
                            [X-WC-Webhook-ID] => 2
                            [X-WC-Webhook-Delivery-ID] => ae4914f0ad3d1df220018223db460b41
                        )

                )

            [Body] => Webhook body is not logged unless WP_DEBUG mode is turned on. This is to avoid the storing of personal data in the logs.
            [Response] => Array
                (
                    [Code] => 200
                    [Message] => OK
                    [Headers] => WpOrg\Requests\Utility\CaseInsensitiveDictionary Object
                        (
                            [data:protected] => Array
                                (
                                    [content-length] => 34
                                    [content-type] => application/json; charset=utf-8
                                    [date] => Sat, 27 Jan 2024 12:22:40 GMT
                                    [etag] => W/"22-6OS7cK0FzqnV2NeDHdOSGS1bVUs"
                                    [strict-transport-security] => max-age=315360000; includeSubDomains; preload
                                    [vary] => Accept-Encoding
                                    [x-content-type-options] => nosniff
                                    [x-xss-protection] => 1; mode=block
                                )

                        )

                    [Body] => Webhook body is not logged unless WP_DEBUG mode is turned on. This is to avoid the storing of personal data in the logs.
                )

        )

)

2024-01-27T12:22:46+00:00 INFO Array
(
    [Webhook Delivery] => Array
        (
            [Delivery ID] => 250a9e99f6d2bf920c9f764b221ce8a5
            [Date] => Jan 27, 2024 @ 12:22
            [URL] => https://vn1.n8n.vn/webhook/test/order/updated
            [Duration] => 0.32666
            [Request] => Array
                (
                    [Method] => POST
                    [Headers] => Array
                        (
                            [User-Agent] => WooCommerce/8.4.0 Hookshot (WordPress/6.4.2)
                            [Content-Type] => application/json
                            [X-WC-Webhook-Source] => https://vovinamfusion.top/
                            [X-WC-Webhook-Topic] => order.updated
                            [X-WC-Webhook-Resource] => order
                            [X-WC-Webhook-Event] => updated
                            [X-WC-Webhook-Signature] => XBWxPl65goaFSqV/C5CgwsEaFHmwJnOw4V1WW5EdR8M=
                            [X-WC-Webhook-ID] => 2
                            [X-WC-Webhook-Delivery-ID] => 250a9e99f6d2bf920c9f764b221ce8a5
                        )

                )

            [Body] => Webhook body is not logged unless WP_DEBUG mode is turned on. This is to avoid the storing of personal data in the logs.
            [Response] => Array
                (
                    [Code] => 200
                    [Message] => OK
                    [Headers] => WpOrg\Requests\Utility\CaseInsensitiveDictionary Object
                        (
                            [data:protected] => Array
                                (
                                    [content-length] => 34
                                    [content-type] => application/json; charset=utf-8
                                    [date] => Sat, 27 Jan 2024 12:22:46 GMT
                                    [etag] => W/"22-6OS7cK0FzqnV2NeDHdOSGS1bVUs"
                                    [strict-transport-security] => max-age=315360000; includeSubDomains; preload
                                    [vary] => Accept-Encoding
                                    [x-content-type-options] => nosniff
                                    [x-xss-protection] => 1; mode=block
                                )

                        )

                    [Body] => Webhook body is not logged unless WP_DEBUG mode is turned on. This is to avoid the storing of personal data in the logs.
                )

        )

)

2024-01-27T12:22:57+00:00 INFO Array
(
    [Webhook Delivery] => Array
        (
            [Delivery ID] => 5b76347155899b5006796f9dbcaff0bd
            [Date] => Jan 27, 2024 @ 12:22
            [URL] => https://vn1.n8n.vn/webhook/test/order/updated
            [Duration] => 0.36556
            [Request] => Array
                (
                    [Method] => POST
                    [Headers] => Array
                        (
                            [User-Agent] => WooCommerce/8.4.0 Hookshot (WordPress/6.4.2)
                            [Content-Type] => application/json
                            [X-WC-Webhook-Source] => https://vovinamfusion.top/
                            [X-WC-Webhook-Topic] => order.updated
                            [X-WC-Webhook-Resource] => order
                            [X-WC-Webhook-Event] => updated
                            [X-WC-Webhook-Signature] => 2QJz3RVDgkotE1nBt5/QzXvdajmjFjwQnBHwr8bcz0E=
                            [X-WC-Webhook-ID] => 2
                            [X-WC-Webhook-Delivery-ID] => 5b76347155899b5006796f9dbcaff0bd
                        )

                )

            [Body] => Webhook body is not logged unless WP_DEBUG mode is turned on. This is to avoid the storing of personal data in the logs.
            [Response] => Array
                (
                    [Code] => 200
                    [Message] => OK
                    [Headers] => WpOrg\Requests\Utility\CaseInsensitiveDictionary Object
                        (
                            [data:protected] => Array
                                (
                                    [content-length] => 34
                                    [content-type] => application/json; charset=utf-8
                                    [date] => Sat, 27 Jan 2024 12:22:57 GMT
                                    [etag] => W/"22-6OS7cK0FzqnV2NeDHdOSGS1bVUs"
                                    [strict-transport-security] => max-age=315360000; includeSubDomains; preload
                                    [vary] => Accept-Encoding
                                    [x-content-type-options] => nosniff
                                    [x-xss-protection] => 1; mode=block
                                )

                        )

                    [Body] => Webhook body is not logged unless WP_DEBUG mode is turned on. This is to avoid the storing of personal data in the logs.
                )

        )

)

2024-01-27T12:23:43+00:00 INFO Array
(
    [Webhook Delivery] => Array
        (
            [Delivery ID] => 36607939f84032d6453dd87c053df988
            [Date] => Jan 27, 2024 @ 12:23
            [URL] => https://vn1.n8n.vn/webhook/test/order/updated
            [Duration] => 0.33422
            [Request] => Array
                (
                    [Method] => POST
                    [Headers] => Array
                        (
                            [User-Agent] => WooCommerce/8.4.0 Hookshot (WordPress/6.4.2)
                            [Content-Type] => application/json
                            [X-WC-Webhook-Source] => https://vovinamfusion.top/
                            [X-WC-Webhook-Topic] => order.updated
                            [X-WC-Webhook-Resource] => order
                            [X-WC-Webhook-Event] => updated
                            [X-WC-Webhook-Signature] => kzaUhoNJSvVjDbo5b4UynaU4/rbAYOdfuXnUa7IKPjA=
                            [X-WC-Webhook-ID] => 2
                            [X-WC-Webhook-Delivery-ID] => 36607939f84032d6453dd87c053df988
                        )

                )

            [Body] => Webhook body is not logged unless WP_DEBUG mode is turned on. This is to avoid the storing of personal data in the logs.
            [Response] => Array
                (
                    [Code] => 200
                    [Message] => OK
                    [Headers] => WpOrg\Requests\Utility\CaseInsensitiveDictionary Object
                        (
                            [data:protected] => Array
                                (
                                    [content-length] => 34
                                    [content-type] => application/json; charset=utf-8
                                    [date] => Sat, 27 Jan 2024 12:23:43 GMT
                                    [etag] => W/"22-6OS7cK0FzqnV2NeDHdOSGS1bVUs"
                                    [strict-transport-security] => max-age=315360000; includeSubDomains; preload
                                    [vary] => Accept-Encoding
                                    [x-content-type-options] => nosniff
                                    [x-xss-protection] => 1; mode=block
                                )

                        )

                    [Body] => Webhook body is not logged unless WP_DEBUG mode is turned on. This is to avoid the storing of personal data in the logs.
                )

        )

)

2024-01-27T12:24:46+00:00 INFO Array
(
    [Webhook Delivery] => Array
        (
            [Delivery ID] => 0e7040a23c63195686ad988a7e187dff
            [Date] => Jan 27, 2024 @ 12:24
            [URL] => https://vn1.n8n.vn/webhook/test/order/updated
            [Duration] => 0.3097
            [Request] => Array
                (
                    [Method] => POST
                    [Headers] => Array
                        (
                            [User-Agent] => WooCommerce/8.4.0 Hookshot (WordPress/6.4.2)
                            [Content-Type] => application/json
                            [X-WC-Webhook-Source] => https://vovinamfusion.top/
                            [X-WC-Webhook-Topic] => order.updated
                            [X-WC-Webhook-Resource] => order
                            [X-WC-Webhook-Event] => updated
                            [X-WC-Webhook-Signature] => xhaIR+wZ8DXARZz7fSvE5pBLh5l1o/4xki7lwa+nucw=
                            [X-WC-Webhook-ID] => 2
                            [X-WC-Webhook-Delivery-ID] => 0e7040a23c63195686ad988a7e187dff
                        )

                )

            [Body] => Webhook body is not logged unless WP_DEBUG mode is turned on. This is to avoid the storing of personal data in the logs.
            [Response] => Array
                (
                    [Code] => 200
                    [Message] => OK
                    [Headers] => WpOrg\Requests\Utility\CaseInsensitiveDictionary Object
                        (
                            [data:protected] => Array
                                (
                                    [content-length] => 34
                                    [content-type] => application/json; charset=utf-8
                                    [date] => Sat, 27 Jan 2024 12:24:46 GMT
                                    [etag] => W/"22-6OS7cK0FzqnV2NeDHdOSGS1bVUs"
                                    [strict-transport-security] => max-age=315360000; includeSubDomains; preload
                                    [vary] => Accept-Encoding
                                    [x-content-type-options] => nosniff
                                    [x-xss-protection] => 1; mode=block
                                )

                        )

                    [Body] => Webhook body is not logged unless WP_DEBUG mode is turned on. This is to avoid the storing of personal data in the logs.
                )

        )

)

2024-01-27T12:24:52+00:00 INFO Array
(
    [Webhook Delivery] => Array
        (
            [Delivery ID] => 351185e9b22700e0846e618ad682baa2
            [Date] => Jan 27, 2024 @ 12:24
            [URL] => https://vn1.n8n.vn/webhook/test/order/updated
            [Duration] => 0.31691
            [Request] => Array
                (
                    [Method] => POST
                    [Headers] => Array
                        (
                            [User-Agent] => WooCommerce/8.4.0 Hookshot (WordPress/6.4.2)
                            [Content-Type] => application/json
                            [X-WC-Webhook-Source] => https://vovinamfusion.top/
                            [X-WC-Webhook-Topic] => order.updated
                            [X-WC-Webhook-Resource] => order
                            [X-WC-Webhook-Event] => updated
                            [X-WC-Webhook-Signature] => LquJMFYrq4CmLvNLJX0AttMOaOAh8e60lJ2+RH2zf9M=
                            [X-WC-Webhook-ID] => 2
                            [X-WC-Webhook-Delivery-ID] => 351185e9b22700e0846e618ad682baa2
                        )

                )

            [Body] => Webhook body is not logged unless WP_DEBUG mode is turned on. This is to avoid the storing of personal data in the logs.
            [Response] => Array
                (
                    [Code] => 200
                    [Message] => OK
                    [Headers] => WpOrg\Requests\Utility\CaseInsensitiveDictionary Object
                        (
                            [data:protected] => Array
                                (
                                    [content-length] => 34
                                    [content-type] => application/json; charset=utf-8
                                    [date] => Sat, 27 Jan 2024 12:24:52 GMT
                                    [etag] => W/"22-6OS7cK0FzqnV2NeDHdOSGS1bVUs"
                                    [strict-transport-security] => max-age=315360000; includeSubDomains; preload
                                    [vary] => Accept-Encoding
                                    [x-content-type-options] => nosniff
                                    [x-xss-protection] => 1; mode=block
                                )

                        )

                    [Body] => Webhook body is not logged unless WP_DEBUG mode is turned on. This is to avoid the storing of personal data in the logs.
                )

        )

)

2024-01-27T12:25:48+00:00 INFO Array
(
    [Webhook Delivery] => Array
        (
            [Delivery ID] => 86e2ad49b963b44933ffc0f11a97a1d3
            [Date] => Jan 27, 2024 @ 12:25
            [URL] => https://vn1.n8n.vn/webhook/test/order/updated
            [Duration] => 0.36326
            [Request] => Array
                (
                    [Method] => POST
                    [Headers] => Array
                        (
                            [User-Agent] => WooCommerce/8.4.0 Hookshot (WordPress/6.4.2)
                            [Content-Type] => application/json
                            [X-WC-Webhook-Source] => https://vovinamfusion.top/
                            [X-WC-Webhook-Topic] => order.updated
                            [X-WC-Webhook-Resource] => order
                            [X-WC-Webhook-Event] => updated
                            [X-WC-Webhook-Signature] => +ovjvv3x1Pk59e7d5kv/JpEIMXxPG+BAzwmheRMkoyw=
                            [X-WC-Webhook-ID] => 2
                            [X-WC-Webhook-Delivery-ID] => 86e2ad49b963b44933ffc0f11a97a1d3
                        )

                )

            [Body] => Webhook body is not logged unless WP_DEBUG mode is turned on. This is to avoid the storing of personal data in the logs.
            [Response] => Array
                (
                    [Code] => 200
                    [Message] => OK
                    [Headers] => WpOrg\Requests\Utility\CaseInsensitiveDictionary Object
                        (
                            [data:protected] => Array
                                (
                                    [content-length] => 34
                                    [content-type] => application/json; charset=utf-8
                                    [date] => Sat, 27 Jan 2024 12:25:48 GMT
                                    [etag] => W/"22-6OS7cK0FzqnV2NeDHdOSGS1bVUs"
                                    [strict-transport-security] => max-age=315360000; includeSubDomains; preload
                                    [vary] => Accept-Encoding
                                    [x-content-type-options] => nosniff
                                    [x-xss-protection] => 1; mode=block
                                )

                        )

                    [Body] => Webhook body is not logged unless WP_DEBUG mode is turned on. This is to avoid the storing of personal data in the logs.
                )

        )

)

2024-01-27T12:26:51+00:00 INFO Array
(
    [Webhook Delivery] => Array
        (
            [Delivery ID] => 34abccdd8793fce935dca54a17b84199
            [Date] => Jan 27, 2024 @ 12:26
            [URL] => https://vn1.n8n.vn/webhook/test/order/updated
            [Duration] => 0.31074
            [Request] => Array
                (
                    [Method] => POST
                    [Headers] => Array
                        (
                            [User-Agent] => WooCommerce/8.4.0 Hookshot (WordPress/6.4.2)
                            [Content-Type] => application/json
                            [X-WC-Webhook-Source] => https://vovinamfusion.top/
                            [X-WC-Webhook-Topic] => order.updated
                            [X-WC-Webhook-Resource] => order
                            [X-WC-Webhook-Event] => updated
                            [X-WC-Webhook-Signature] => DfiX+N9jP/t2pgwCdvJDSMPbrIXifoSGdSMVsetkGtY=
                            [X-WC-Webhook-ID] => 2
                            [X-WC-Webhook-Delivery-ID] => 34abccdd8793fce935dca54a17b84199
                        )

                )

            [Body] => Webhook body is not logged unless WP_DEBUG mode is turned on. This is to avoid the storing of personal data in the logs.
            [Response] => Array
                (
                    [Code] => 200
                    [Message] => OK
                    [Headers] => WpOrg\Requests\Utility\CaseInsensitiveDictionary Object
                        (
                            [data:protected] => Array
                                (
                                    [content-length] => 34
                                    [content-type] => application/json; charset=utf-8
                                    [date] => Sat, 27 Jan 2024 12:26:51 GMT
                                    [etag] => W/"22-6OS7cK0FzqnV2NeDHdOSGS1bVUs"
                                    [strict-transport-security] => max-age=315360000; includeSubDomains; preload
                                    [vary] => Accept-Encoding
                                    [x-content-type-options] => nosniff
                                    [x-xss-protection] => 1; mode=block
                                )

                        )

                    [Body] => Webhook body is not logged unless WP_DEBUG mode is turned on. This is to avoid the storing of personal data in the logs.
                )

        )

)

2024-01-27T12:27:57+00:00 INFO Array
(
    [Webhook Delivery] => Array
        (
            [Delivery ID] => 6d8cb2c75c9fadd8358593d6c04d6ce6
            [Date] => Jan 27, 2024 @ 12:27
            [URL] => https://vn1.n8n.vn/webhook/test/order/updated
            [Duration] => 0.3037
            [Request] => Array
                (
                    [Method] => POST
                    [Headers] => Array
                        (
                            [User-Agent] => WooCommerce/8.4.0 Hookshot (WordPress/6.4.2)
                            [Content-Type] => application/json
                            [X-WC-Webhook-Source] => https://vovinamfusion.top/
                            [X-WC-Webhook-Topic] => order.updated
                            [X-WC-Webhook-Resource] => order
                            [X-WC-Webhook-Event] => updated
                            [X-WC-Webhook-Signature] => lTKf8QpTfubd1soniDHz56VYqK9phtZf5DldgF6N7c0=
                            [X-WC-Webhook-ID] => 2
                            [X-WC-Webhook-Delivery-ID] => 6d8cb2c75c9fadd8358593d6c04d6ce6
                        )

                )

            [Body] => Webhook body is not logged unless WP_DEBUG mode is turned on. This is to avoid the storing of personal data in the logs.
            [Response] => Array
                (
                    [Code] => 200
                    [Message] => OK
                    [Headers] => WpOrg\Requests\Utility\CaseInsensitiveDictionary Object
                        (
                            [data:protected] => Array
                                (
                                    [content-length] => 34
                                    [content-type] => application/json; charset=utf-8
                                    [date] => Sat, 27 Jan 2024 12:27:57 GMT
                                    [etag] => W/"22-6OS7cK0FzqnV2NeDHdOSGS1bVUs"
                                    [strict-transport-security] => max-age=315360000; includeSubDomains; preload
                                    [vary] => Accept-Encoding
                                    [x-content-type-options] => nosniff
                                    [x-xss-protection] => 1; mode=block
                                )

                        )

                    [Body] => Webhook body is not logged unless WP_DEBUG mode is turned on. This is to avoid the storing of personal data in the logs.
                )

        )

)

2024-01-27T12:28:58+00:00 INFO Array
(
    [Webhook Delivery] => Array
        (
            [Delivery ID] => 9bf8cfffdace2102cc5c0663783c1e28
            [Date] => Jan 27, 2024 @ 12:28
            [URL] => https://vn1.n8n.vn/webhook/test/order/updated
            [Duration] => 0.38702
            [Request] => Array
                (
                    [Method] => POST
                    [Headers] => Array
                        (
                            [User-Agent] => WooCommerce/8.4.0 Hookshot (WordPress/6.4.2)
                            [Content-Type] => application/json
                            [X-WC-Webhook-Source] => https://vovinamfusion.top/
                            [X-WC-Webhook-Topic] => order.updated
                            [X-WC-Webhook-Resource] => order
                            [X-WC-Webhook-Event] => updated
                            [X-WC-Webhook-Signature] => cZf/3xa/nT1FwrQwZK7USI6ThU3eB9rD3CB7pAN76LM=
                            [X-WC-Webhook-ID] => 2
                            [X-WC-Webhook-Delivery-ID] => 9bf8cfffdace2102cc5c0663783c1e28
                        )

                )

            [Body] => Webhook body is not logged unless WP_DEBUG mode is turned on. This is to avoid the storing of personal data in the logs.
            [Response] => Array
                (
                    [Code] => 200
                    [Message] => OK
                    [Headers] => WpOrg\Requests\Utility\CaseInsensitiveDictionary Object
                        (
                            [data:protected] => Array
                                (
                                    [content-length] => 34
                                    [content-type] => application/json; charset=utf-8
                                    [date] => Sat, 27 Jan 2024 12:28:58 GMT
                                    [etag] => W/"22-6OS7cK0FzqnV2NeDHdOSGS1bVUs"
                                    [strict-transport-security] => max-age=315360000; includeSubDomains; preload
                                    [vary] => Accept-Encoding
                                    [x-content-type-options] => nosniff
                                    [x-xss-protection] => 1; mode=block
                                )

                        )

                    [Body] => Webhook body is not logged unless WP_DEBUG mode is turned on. This is to avoid the storing of personal data in the logs.
                )

        )

)

2024-01-27T12:29:59+00:00 INFO Array
(
    [Webhook Delivery] => Array
        (
            [Delivery ID] => 538fabada788d64b6caa44a60bde6cb5
            [Date] => Jan 27, 2024 @ 12:29
            [URL] => https://vn1.n8n.vn/webhook/test/order/updated
            [Duration] => 0.33889
            [Request] => Array
                (
                    [Method] => POST
                    [Headers] => Array
                        (
                            [User-Agent] => WooCommerce/8.4.0 Hookshot (WordPress/6.4.2)
                            [Content-Type] => application/json
                            [X-WC-Webhook-Source] => https://vovinamfusion.top/
                            [X-WC-Webhook-Topic] => order.updated
                            [X-WC-Webhook-Resource] => order
                            [X-WC-Webhook-Event] => updated
                            [X-WC-Webhook-Signature] => bZhlYtuZ68B19tfav8oqcKbua9ScSVIaxNWeBS5HmW8=
                            [X-WC-Webhook-ID] => 2
                            [X-WC-Webhook-Delivery-ID] => 538fabada788d64b6caa44a60bde6cb5
                        )

                )

            [Body] => Webhook body is not logged unless WP_DEBUG mode is turned on. This is to avoid the storing of personal data in the logs.
            [Response] => Array
                (
                    [Code] => 200
                    [Message] => OK
                    [Headers] => WpOrg\Requests\Utility\CaseInsensitiveDictionary Object
                        (
                            [data:protected] => Array
                                (
                                    [content-length] => 34
                                    [content-type] => application/json; charset=utf-8
                                    [date] => Sat, 27 Jan 2024 12:29:58 GMT
                                    [etag] => W/"22-6OS7cK0FzqnV2NeDHdOSGS1bVUs"
                                    [strict-transport-security] => max-age=315360000; includeSubDomains; preload
                                    [vary] => Accept-Encoding
                                    [x-content-type-options] => nosniff
                                    [x-xss-protection] => 1; mode=block
                                )

                        )

                    [Body] => Webhook body is not logged unless WP_DEBUG mode is turned on. This is to avoid the storing of personal data in the logs.
                )

        )

)

2024-01-27T12:30:58+00:00 INFO Array
(
    [Webhook Delivery] => Array
        (
            [Delivery ID] => 2201c9e6310be5edd66d5c4c10049151
            [Date] => Jan 27, 2024 @ 12:30
            [URL] => https://vn1.n8n.vn/webhook/test/order/updated
            [Duration] => 0.33209
            [Request] => Array
                (
                    [Method] => POST
                    [Headers] => Array
                        (
                            [User-Agent] => WooCommerce/8.4.0 Hookshot (WordPress/6.4.2)
                            [Content-Type] => application/json
                            [X-WC-Webhook-Source] => https://vovinamfusion.top/
                            [X-WC-Webhook-Topic] => order.updated
                            [X-WC-Webhook-Resource] => order
                            [X-WC-Webhook-Event] => updated
                            [X-WC-Webhook-Signature] => YRB8EHm2DjkPcKS63vAISBj5zbgBAjNuu2rF03QHi7I=
                            [X-WC-Webhook-ID] => 2
                            [X-WC-Webhook-Delivery-ID] => 2201c9e6310be5edd66d5c4c10049151
                        )

                )

            [Body] => Webhook body is not logged unless WP_DEBUG mode is turned on. This is to avoid the storing of personal data in the logs.
            [Response] => Array
                (
                    [Code] => 200
                    [Message] => OK
                    [Headers] => WpOrg\Requests\Utility\CaseInsensitiveDictionary Object
                        (
                            [data:protected] => Array
                                (
                                    [content-length] => 34
                                    [content-type] => application/json; charset=utf-8
                                    [date] => Sat, 27 Jan 2024 12:30:58 GMT
                                    [etag] => W/"22-6OS7cK0FzqnV2NeDHdOSGS1bVUs"
                                    [strict-transport-security] => max-age=315360000; includeSubDomains; preload
                                    [vary] => Accept-Encoding
                                    [x-content-type-options] => nosniff
                                    [x-xss-protection] => 1; mode=block
                                )

                        )

                    [Body] => Webhook body is not logged unless WP_DEBUG mode is turned on. This is to avoid the storing of personal data in the logs.
                )

        )

)

2024-01-27T12:31:57+00:00 INFO Array
(
    [Webhook Delivery] => Array
        (
            [Delivery ID] => 40e7858353c7d389464d44a560714430
            [Date] => Jan 27, 2024 @ 12:31
            [URL] => https://vn1.n8n.vn/webhook/test/order/updated
            [Duration] => 0.3381
            [Request] => Array
                (
                    [Method] => POST
                    [Headers] => Array
                        (
                            [User-Agent] => WooCommerce/8.4.0 Hookshot (WordPress/6.4.2)
                            [Content-Type] => application/json
                            [X-WC-Webhook-Source] => https://vovinamfusion.top/
                            [X-WC-Webhook-Topic] => order.updated
                            [X-WC-Webhook-Resource] => order
                            [X-WC-Webhook-Event] => updated
                            [X-WC-Webhook-Signature] => 3JmOHI07pp9vW+jzbmU9VktzSaRx1I6EKHjOv7WQf0w=
                            [X-WC-Webhook-ID] => 2
                            [X-WC-Webhook-Delivery-ID] => 40e7858353c7d389464d44a560714430
                        )

                )

            [Body] => Webhook body is not logged unless WP_DEBUG mode is turned on. This is to avoid the storing of personal data in the logs.
            [Response] => Array
                (
                    [Code] => 200
                    [Message] => OK
                    [Headers] => WpOrg\Requests\Utility\CaseInsensitiveDictionary Object
                        (
                            [data:protected] => Array
                                (
                                    [content-length] => 34
                                    [content-type] => application/json; charset=utf-8
                                    [date] => Sat, 27 Jan 2024 12:31:57 GMT
                                    [etag] => W/"22-6OS7cK0FzqnV2NeDHdOSGS1bVUs"
                                    [strict-transport-security] => max-age=315360000; includeSubDomains; preload
                                    [vary] => Accept-Encoding
                                    [x-content-type-options] => nosniff
                                    [x-xss-protection] => 1; mode=block
                                )

                        )

                    [Body] => Webhook body is not logged unless WP_DEBUG mode is turned on. This is to avoid the storing of personal data in the logs.
                )

        )

)

2024-01-27T12:32:09+00:00 INFO Array
(
    [Webhook Delivery] => Array
        (
            [Delivery ID] => b86cfae4bd8af9eb3ff2ab6b25b7ee30
            [Date] => Jan 27, 2024 @ 12:32
            [URL] => https://vn1.n8n.vn/webhook/test/order/updated
            [Duration] => 0.36087
            [Request] => Array
                (
                    [Method] => POST
                    [Headers] => Array
                        (
                            [User-Agent] => WooCommerce/8.4.0 Hookshot (WordPress/6.4.2)
                            [Content-Type] => application/json
                            [X-WC-Webhook-Source] => https://vovinamfusion.top/
                            [X-WC-Webhook-Topic] => order.updated
                            [X-WC-Webhook-Resource] => order
                            [X-WC-Webhook-Event] => updated
                            [X-WC-Webhook-Signature] => NTqZl2gGfLzG7LZ7RvwY19TdBxC4Jk+IWyjMBrt7rDE=
                            [X-WC-Webhook-ID] => 2
                            [X-WC-Webhook-Delivery-ID] => b86cfae4bd8af9eb3ff2ab6b25b7ee30
                        )

                )

            [Body] => Webhook body is not logged unless WP_DEBUG mode is turned on. This is to avoid the storing of personal data in the logs.
            [Response] => Array
                (
                    [Code] => 200
                    [Message] => OK
                    [Headers] => WpOrg\Requests\Utility\CaseInsensitiveDictionary Object
                        (
                            [data:protected] => Array
                                (
                                    [content-length] => 34
                                    [content-type] => application/json; charset=utf-8
                                    [date] => Sat, 27 Jan 2024 12:32:09 GMT
                                    [etag] => W/"22-6OS7cK0FzqnV2NeDHdOSGS1bVUs"
                                    [strict-transport-security] => max-age=315360000; includeSubDomains; preload
                                    [vary] => Accept-Encoding
                                    [x-content-type-options] => nosniff
                                    [x-xss-protection] => 1; mode=block
                                )

                        )

                    [Body] => Webhook body is not logged unless WP_DEBUG mode is turned on. This is to avoid the storing of personal data in the logs.
                )

        )

)

2024-01-27T12:32:15+00:00 INFO Array
(
    [Webhook Delivery] => Array
        (
            [Delivery ID] => d7734c3687980cd42a0455c30c2da7c2
            [Date] => Jan 27, 2024 @ 12:32
            [URL] => https://vn1.n8n.vn/webhook/test/order/updated
            [Duration] => 0.32774
            [Request] => Array
                (
                    [Method] => POST
                    [Headers] => Array
                        (
                            [User-Agent] => WooCommerce/8.4.0 Hookshot (WordPress/6.4.2)
                            [Content-Type] => application/json
                            [X-WC-Webhook-Source] => https://vovinamfusion.top/
                            [X-WC-Webhook-Topic] => order.updated
                            [X-WC-Webhook-Resource] => order
                            [X-WC-Webhook-Event] => updated
                            [X-WC-Webhook-Signature] => bdif0NTux+hk+yIRd6WLih0YoQ2R7CjkfHMbURT3FkM=
                            [X-WC-Webhook-ID] => 2
                            [X-WC-Webhook-Delivery-ID] => d7734c3687980cd42a0455c30c2da7c2
                        )

                )

            [Body] => Webhook body is not logged unless WP_DEBUG mode is turned on. This is to avoid the storing of personal data in the logs.
            [Response] => Array
                (
                    [Code] => 200
                    [Message] => OK
                    [Headers] => WpOrg\Requests\Utility\CaseInsensitiveDictionary Object
                        (
                            [data:protected] => Array
                                (
                                    [content-length] => 34
                                    [content-type] => application/json; charset=utf-8
                                    [date] => Sat, 27 Jan 2024 12:32:15 GMT
                                    [etag] => W/"22-6OS7cK0FzqnV2NeDHdOSGS1bVUs"
                                    [strict-transport-security] => max-age=315360000; includeSubDomains; preload
                                    [vary] => Accept-Encoding
                                    [x-content-type-options] => nosniff
                                    [x-xss-protection] => 1; mode=block
                                )

                        )

                    [Body] => Webhook body is not logged unless WP_DEBUG mode is turned on. This is to avoid the storing of personal data in the logs.
                )

        )

)

2024-01-27T12:35:31+00:00 INFO Array
(
    [Webhook Delivery] => Array
        (
            [Delivery ID] => 3f9663ada1bcac4e78ae551bb8669f15
            [Date] => Jan 27, 2024 @ 12:35
            [URL] => https://vn1.n8n.vn/webhook/test/order/updated
            [Duration] => 0.33415
            [Request] => Array
                (
                    [Method] => POST
                    [Headers] => Array
                        (
                            [User-Agent] => WooCommerce/8.4.0 Hookshot (WordPress/6.4.2)
                            [Content-Type] => application/json
                            [X-WC-Webhook-Source] => https://vovinamfusion.top/
                            [X-WC-Webhook-Topic] => order.updated
                            [X-WC-Webhook-Resource] => order
                            [X-WC-Webhook-Event] => updated
                            [X-WC-Webhook-Signature] => 2zYaTe5UfJYixKk7QZZ65B30di7oOQA0zKuc6bi5f4I=
                            [X-WC-Webhook-ID] => 2
                            [X-WC-Webhook-Delivery-ID] => 3f9663ada1bcac4e78ae551bb8669f15
                        )

                )

            [Body] => Webhook body is not logged unless WP_DEBUG mode is turned on. This is to avoid the storing of personal data in the logs.
            [Response] => Array
                (
                    [Code] => 200
                    [Message] => OK
                    [Headers] => WpOrg\Requests\Utility\CaseInsensitiveDictionary Object
                        (
                            [data:protected] => Array
                                (
                                    [content-length] => 34
                                    [content-type] => application/json; charset=utf-8
                                    [date] => Sat, 27 Jan 2024 12:35:31 GMT
                                    [etag] => W/"22-6OS7cK0FzqnV2NeDHdOSGS1bVUs"
                                    [strict-transport-security] => max-age=315360000; includeSubDomains; preload
                                    [vary] => Accept-Encoding
                                    [x-content-type-options] => nosniff
                                    [x-xss-protection] => 1; mode=block
                                )

                        )

                    [Body] => Webhook body is not logged unless WP_DEBUG mode is turned on. This is to avoid the storing of personal data in the logs.
                )

        )

)

2024-01-27T12:36:42+00:00 INFO Array
(
    [Webhook Delivery] => Array
        (
            [Delivery ID] => 61808299384cc20f608e935f2384bc8d
            [Date] => Jan 27, 2024 @ 12:36
            [URL] => https://vn1.n8n.vn/webhook/test/order/updated
            [Duration] => 0.36392
            [Request] => Array
                (
                    [Method] => POST
                    [Headers] => Array
                        (
                            [User-Agent] => WooCommerce/8.4.0 Hookshot (WordPress/6.4.2)
                            [Content-Type] => application/json
                            [X-WC-Webhook-Source] => https://vovinamfusion.top/
                            [X-WC-Webhook-Topic] => order.updated
                            [X-WC-Webhook-Resource] => order
                            [X-WC-Webhook-Event] => updated
                            [X-WC-Webhook-Signature] => NaJypJRhZYygc7V9sKQ+FSr6Xwe6yRBEU5keOuniTD4=
                            [X-WC-Webhook-ID] => 2
                            [X-WC-Webhook-Delivery-ID] => 61808299384cc20f608e935f2384bc8d
                        )

                )

            [Body] => Webhook body is not logged unless WP_DEBUG mode is turned on. This is to avoid the storing of personal data in the logs.
            [Response] => Array
                (
                    [Code] => 200
                    [Message] => OK
                    [Headers] => WpOrg\Requests\Utility\CaseInsensitiveDictionary Object
                        (
                            [data:protected] => Array
                                (
                                    [content-length] => 34
                                    [content-type] => application/json; charset=utf-8
                                    [date] => Sat, 27 Jan 2024 12:36:42 GMT
                                    [etag] => W/"22-6OS7cK0FzqnV2NeDHdOSGS1bVUs"
                                    [strict-transport-security] => max-age=315360000; includeSubDomains; preload
                                    [vary] => Accept-Encoding
                                    [x-content-type-options] => nosniff
                                    [x-xss-protection] => 1; mode=block
                                )

                        )

                    [Body] => Webhook body is not logged unless WP_DEBUG mode is turned on. This is to avoid the storing of personal data in the logs.
                )

        )

)

2024-01-27T12:44:58+00:00 INFO Array
(
    [Webhook Delivery] => Array
        (
            [Delivery ID] => b2fd6d9fcfb41f9ab735cf30916991fd
            [Date] => Jan 27, 2024 @ 12:44
            [URL] => https://vn1.n8n.vn/webhook/test/order/updated
            [Duration] => 0.38515
            [Request] => Array
                (
                    [Method] => POST
                    [Headers] => Array
                        (
                            [User-Agent] => WooCommerce/8.4.0 Hookshot (WordPress/6.4.2)
                            [Content-Type] => application/json
                            [X-WC-Webhook-Source] => https://vovinamfusion.top/
                            [X-WC-Webhook-Topic] => order.updated
                            [X-WC-Webhook-Resource] => order
                            [X-WC-Webhook-Event] => updated
                            [X-WC-Webhook-Signature] => pitsADFLNihnaDYX5GmBSMMBF/hpfxnQQ16zE+CgULs=
                            [X-WC-Webhook-ID] => 2
                            [X-WC-Webhook-Delivery-ID] => b2fd6d9fcfb41f9ab735cf30916991fd
                        )

                )

            [Body] => Webhook body is not logged unless WP_DEBUG mode is turned on. This is to avoid the storing of personal data in the logs.
            [Response] => Array
                (
                    [Code] => 200
                    [Message] => OK
                    [Headers] => WpOrg\Requests\Utility\CaseInsensitiveDictionary Object
                        (
                            [data:protected] => Array
                                (
                                    [content-length] => 34
                                    [content-type] => application/json; charset=utf-8
                                    [date] => Sat, 27 Jan 2024 12:44:58 GMT
                                    [etag] => W/"22-6OS7cK0FzqnV2NeDHdOSGS1bVUs"
                                    [strict-transport-security] => max-age=315360000; includeSubDomains; preload
                                    [vary] => Accept-Encoding
                                    [x-content-type-options] => nosniff
                                    [x-xss-protection] => 1; mode=block
                                )

                        )

                    [Body] => Webhook body is not logged unless WP_DEBUG mode is turned on. This is to avoid the storing of personal data in the logs.
                )

        )

)

2024-01-27T12:46:04+00:00 INFO Array
(
    [Webhook Delivery] => Array
        (
            [Delivery ID] => 6577a1280c7f102c7ff99f18eac4b3ab
            [Date] => Jan 27, 2024 @ 12:46
            [URL] => https://vn1.n8n.vn/webhook/test/order/updated
            [Duration] => 0.35188
            [Request] => Array
                (
                    [Method] => POST
                    [Headers] => Array
                        (
                            [User-Agent] => WooCommerce/8.4.0 Hookshot (WordPress/6.4.2)
                            [Content-Type] => application/json
                            [X-WC-Webhook-Source] => https://vovinamfusion.top/
                            [X-WC-Webhook-Topic] => order.updated
                            [X-WC-Webhook-Resource] => order
                            [X-WC-Webhook-Event] => updated
                            [X-WC-Webhook-Signature] => fn2elCtYY8Y97syDeYxrdJMuaCuWcoLjy52nMpdzuxY=
                            [X-WC-Webhook-ID] => 2
                            [X-WC-Webhook-Delivery-ID] => 6577a1280c7f102c7ff99f18eac4b3ab
                        )

                )

            [Body] => Webhook body is not logged unless WP_DEBUG mode is turned on. This is to avoid the storing of personal data in the logs.
            [Response] => Array
                (
                    [Code] => 200
                    [Message] => OK
                    [Headers] => WpOrg\Requests\Utility\CaseInsensitiveDictionary Object
                        (
                            [data:protected] => Array
                                (
                                    [content-length] => 34
                                    [content-type] => application/json; charset=utf-8
                                    [date] => Sat, 27 Jan 2024 12:46:04 GMT
                                    [etag] => W/"22-6OS7cK0FzqnV2NeDHdOSGS1bVUs"
                                    [strict-transport-security] => max-age=315360000; includeSubDomains; preload
                                    [vary] => Accept-Encoding
                                    [x-content-type-options] => nosniff
                                    [x-xss-protection] => 1; mode=block
                                )

                        )

                    [Body] => Webhook body is not logged unless WP_DEBUG mode is turned on. This is to avoid the storing of personal data in the logs.
                )

        )

)

